$MeshFormat
2.2 0 8
$EndMeshFormat
$PhysicalNames
6
2 10 "inlet"
2 20 "outlet"
2 30 "walls"
2 40 "front"
2 50 "back"
3 100 "volume"
$EndPhysicalNames
$Nodes
2900
1 0 0 0
2 0.5 0 0
3 0.5 0.02497620553954645 -0.0010904846841334
4 0 0.02497620553954645 -0.0010904846841334
5 0.5 0.02497620553954645 0.0010904846841334
6 0 0.02497620553954645 0.0010904846841334
7 0.005050505050505051 0 0
8 0.0101010101010101 0 0
9 0.01515151515151515 0 0
10 0.0202020202020202 0 0
11 0.02525252525252526 0 0
12 0.0303030303030303 0 0
13 0.03535353535353536 0 0
14 0.04040404040404041 0 0
15 0.04545454545454546 0 0
16 0.05050505050505051 0 0
17 0.05555555555555556 0 0
18 0.06060606060606061 0 0
19 0.06565656565656566 0 0
20 0.07070707070707072 0 0
21 0.07575757575757576 0 0
22 0.08080808080808081 0 0
23 0.08585858585858587 0 0
24 0.09090909090909091 0 0
25 0.09595959595959597 0 0
26 0.101010101010101 0 0
27 0.1060606060606061 0 0
28 0.1111111111111111 0 0
29 0.1161616161616162 0 0
30 0.1212121212121212 0 0
31 0.1262626262626263 0 0
32 0.1313131313131313 0 0
33 0.1363636363636364 0 0
34 0.1414141414141414 0 0
35 0.1464646464646465 0 0
36 0.1515151515151515 0 0
37 0.1565656565656566 0 0
38 0.1616161616161616 0 0
39 0.1666666666666667 0 0
40 0.1717171717171717 0 0
41 0.1767676767676768 0 0
42 0.1818181818181818 0 0
43 0.1868686868686869 0 0
44 0.1919191919191919 0 0
45 0.196969696969697 0 0
46 0.202020202020202 0 0
47 0.2070707070707071 0 0
48 0.2121212121212121 0 0
49 0.2171717171717172 0 0
50 0.2222222222222222 0 0
51 0.2272727272727273 0 0
52 0.2323232323232323 0 0
53 0.2373737373737374 0 0
54 0.2424242424242424 0 0
55 0.2474747474747475 0 0
56 0.2525252525252525 0 0
57 0.2575757575757576 0 0
58 0.2626262626262627 0 0
59 0.2676767676767677 0 0
60 0.2727272727272728 0 0
61 0.2777777777777778 0 0
62 0.2828282828282829 0 0
63 0.2878787878787879 0 0
64 0.2929292929292929 0 0
65 0.297979797979798 0 0
66 0.303030303030303 0 0
67 0.3080808080808081 0 0
68 0.3131313131313131 0 0
69 0.3181818181818182 0 0
70 0.3232323232323233 0 0
71 0.3282828282828283 0 0
72 0.3333333333333334 0 0
73 0.3383838383838384 0 0
74 0.3434343434343435 0 0
75 0.3484848484848485 0 0
76 0.3535353535353536 0 0
77 0.3585858585858586 0 0
78 0.3636363636363636 0 0
79 0.3686868686868687 0 0
80 0.3737373737373738 0 0
81 0.3787878787878788 0 0
82 0.3838383838383839 0 0
83 0.3888888888888889 0 0
84 0.393939393939394 0 0
85 0.398989898989899 0 0
86 0.4040404040404041 0 0
87 0.4090909090909091 0 0
88 0.4141414141414142 0 0
89 0.4191919191919192 0 0
90 0.4242424242424243 0 0
91 0.4292929292929293 0 0
92 0.4343434343434344 0 0
93 0.4393939393939394 0 0
94 0.4444444444444445 0 0
95 0.4494949494949496 0 0
96 0.4545454545454546 0 0
97 0.4595959595959596 0 0
98 0.4646464646464647 0 0
99 0.4696969696969697 0 0
100 0.4747474747474748 0 0
101 0.4797979797979798 0 0
102 0.4848484848484849 0 0
103 0.4898989898989899 0 0
104 0.494949494949495 0 0
105 0.5 0.002437535209141469 -0.0001064250856038137
106 0.5 0.004753193660928716 -0.0002075289170629101
107 0.5 0.006953069190139857 -0.0003035775569496305
108 0.5 0.009042950943618759 -0.0003948237648738139
109 0.5 0.01102833861030647 -0.0004815076624403302
110 0.5 0.01291445688953609 -0.0005638573649484754
111 0.5 0.01470626924893041 -0.0006420895820747571
112 0.5 0.01640849099162194 -0.0007164101884000397
113 0.5 0.01802560164928905 -0.0007870147645011901
114 0.5 0.01956185677321456 -0.0008540891117598109
115 0.5 0.02102129913836305 -0.0009178097415428227
116 0.5 0.02240776938991186 -0.0009783443400400459
117 0.5 0.02372491613156653 -0.001035852208729563
118 0.494949494949495 0.02497620553954645 -0.0010904846841334
119 0.4898989898989899 0.02497620553954645 -0.0010904846841334
120 0.4848484848484849 0.02497620553954645 -0.0010904846841334
121 0.4797979797979798 0.02497620553954645 -0.0010904846841334
122 0.4747474747474748 0.02497620553954645 -0.0010904846841334
123 0.4696969696969697 0.02497620553954645 -0.0010904846841334
124 0.4646464646464646 0.02497620553954645 -0.0010904846841334
125 0.4595959595959596 0.02497620553954645 -0.0010904846841334
126 0.4545454545454545 0.02497620553954645 -0.0010904846841334
127 0.4494949494949495 0.02497620553954645 -0.0010904846841334
128 0.4444444444444444 0.02497620553954645 -0.0010904846841334
129 0.4393939393939394 0.02497620553954645 -0.0010904846841334
130 0.4343434343434344 0.02497620553954645 -0.0010904846841334
131 0.4292929292929293 0.02497620553954645 -0.0010904846841334
132 0.4242424242424243 0.02497620553954645 -0.0010904846841334
133 0.4191919191919192 0.02497620553954645 -0.0010904846841334
134 0.4141414141414141 0.02497620553954645 -0.0010904846841334
135 0.4090909090909091 0.02497620553954645 -0.0010904846841334
136 0.404040404040404 0.02497620553954645 -0.0010904846841334
137 0.398989898989899 0.02497620553954645 -0.0010904846841334
138 0.3939393939393939 0.02497620553954645 -0.0010904846841334
139 0.3888888888888889 0.02497620553954645 -0.0010904846841334
140 0.3838383838383838 0.02497620553954645 -0.0010904846841334
141 0.3787878787878788 0.02497620553954645 -0.0010904846841334
142 0.3737373737373737 0.02497620553954645 -0.0010904846841334
143 0.3686868686868687 0.02497620553954645 -0.0010904846841334
144 0.3636363636363636 0.02497620553954645 -0.0010904846841334
145 0.3585858585858586 0.02497620553954645 -0.0010904846841334
146 0.3535353535353535 0.02497620553954645 -0.0010904846841334
147 0.3484848484848485 0.02497620553954645 -0.0010904846841334
148 0.3434343434343434 0.02497620553954645 -0.0010904846841334
149 0.3383838383838383 0.02497620553954645 -0.0010904846841334
150 0.3333333333333333 0.02497620553954645 -0.0010904846841334
151 0.3282828282828283 0.02497620553954645 -0.0010904846841334
152 0.3232323232323232 0.02497620553954645 -0.0010904846841334
153 0.3181818181818182 0.02497620553954645 -0.0010904846841334
154 0.3131313131313131 0.02497620553954645 -0.0010904846841334
155 0.3080808080808081 0.02497620553954645 -0.0010904846841334
156 0.303030303030303 0.02497620553954645 -0.0010904846841334
157 0.297979797979798 0.02497620553954645 -0.0010904846841334
158 0.2929292929292929 0.02497620553954645 -0.0010904846841334
159 0.2878787878787878 0.02497620553954645 -0.0010904846841334
160 0.2828282828282828 0.02497620553954645 -0.0010904846841334
161 0.2777777777777778 0.02497620553954645 -0.0010904846841334
162 0.2727272727272727 0.02497620553954645 -0.0010904846841334
163 0.2676767676767676 0.02497620553954645 -0.0010904846841334
164 0.2626262626262626 0.02497620553954645 -0.0010904846841334
165 0.2575757575757576 0.02497620553954645 -0.0010904846841334
166 0.2525252525252525 0.02497620553954645 -0.0010904846841334
167 0.2474747474747475 0.02497620553954645 -0.0010904846841334
168 0.2424242424242424 0.02497620553954645 -0.0010904846841334
169 0.2373737373737373 0.02497620553954645 -0.0010904846841334
170 0.2323232323232323 0.02497620553954645 -0.0010904846841334
171 0.2272727272727272 0.02497620553954645 -0.0010904846841334
172 0.2222222222222222 0.02497620553954645 -0.0010904846841334
173 0.2171717171717171 0.02497620553954645 -0.0010904846841334
174 0.2121212121212121 0.02497620553954645 -0.0010904846841334
175 0.2070707070707071 0.02497620553954645 -0.0010904846841334
176 0.202020202020202 0.02497620553954645 -0.0010904846841334
177 0.196969696969697 0.02497620553954645 -0.0010904846841334
178 0.1919191919191919 0.02497620553954645 -0.0010904846841334
179 0.1868686868686869 0.02497620553954645 -0.0010904846841334
180 0.1818181818181818 0.02497620553954645 -0.0010904846841334
181 0.1767676767676767 0.02497620553954645 -0.0010904846841334
182 0.1717171717171717 0.02497620553954645 -0.0010904846841334
183 0.1666666666666666 0.02497620553954645 -0.0010904846841334
184 0.1616161616161616 0.02497620553954645 -0.0010904846841334
185 0.1565656565656565 0.02497620553954645 -0.0010904846841334
186 0.1515151515151515 0.02497620553954645 -0.0010904846841334
187 0.1464646464646464 0.02497620553954645 -0.0010904846841334
188 0.1414141414141414 0.02497620553954645 -0.0010904846841334
189 0.1363636363636364 0.02497620553954645 -0.0010904846841334
190 0.1313131313131313 0.02497620553954645 -0.0010904846841334
191 0.1262626262626262 0.02497620553954645 -0.0010904846841334
192 0.1212121212121212 0.02497620553954645 -0.0010904846841334
193 0.1161616161616161 0.02497620553954645 -0.0010904846841334
194 0.1111111111111111 0.02497620553954645 -0.0010904846841334
195 0.106060606060606 0.02497620553954645 -0.0010904846841334
196 0.101010101010101 0.02497620553954645 -0.0010904846841334
197 0.09595959595959591 0.02497620553954645 -0.0010904846841334
198 0.09090909090909088 0.02497620553954645 -0.0010904846841334
199 0.0858585858585858 0.02497620553954645 -0.0010904846841334
200 0.08080808080808077 0.02497620553954645 -0.0010904846841334
201 0.07575757575757575 0.02497620553954645 -0.0010904846841334
202 0.07070707070707066 0.02497620553954645 -0.0010904846841334
203 0.06565656565656564 0.02497620553954645 -0.0010904846841334
204 0.06060606060606055 0.02497620553954645 -0.0010904846841334
205 0.05555555555555552 0.02497620553954645 -0.0010904846841334
206 0.05050505050505044 0.02497620553954645 -0.0010904846841334
207 0.04545454545454541 0.02497620553954645 -0.0010904846841334
208 0.04040404040404039 0.02497620553954645 -0.0010904846841334
209 0.0353535353535353 0.02497620553954645 -0.0010904846841334
210 0.03030303030303028 0.02497620553954645 -0.0010904846841334
211 0.02525252525252519 0.02497620553954645 -0.0010904846841334
212 0.02020202020202017 0.02497620553954645 -0.0010904846841334
213 0.01515151515151514 0.02497620553954645 -0.0010904846841334
214 0.01010101010101006 0.02497620553954645 -0.0010904846841334
215 0.005050505050505028 0.02497620553954645 -0.0010904846841334
216 0 0.02372491613191645 -0.001035852208744841
217 0 0.02240776939064853 -0.0009783443400722095
218 0 0.0210212991395262 -0.0009178097415936071
219 0 0.01956185677484706 -0.0008540891118310875
220 0 0.01802560165143707 -0.0007870147645949747
221 0 0.01640849099433524 -0.0007164101885185051
222 0 0.01470626925226253 -0.0006420895822202408
223 0 0.01291445689354466 -0.0005638573651234935
224 0 0.01102833861505345 -0.0004815076626475875
225 0 0.009042950949170785 -0.0003948237651162205
226 0 0.006953069196568507 -0.0003035775572303113
227 0 0.004753193668310885 -0.0002075289173852225
228 0 0.002437535217559711 -0.000106425085971362
229 0.5 0.002437535209141469 0.0001064250856038137
230 0.5 0.004753193660928716 0.0002075289170629101
231 0.5 0.006953069190139858 0.0003035775569496304
232 0.5 0.009042950943618759 0.0003948237648738138
233 0.5 0.01102833861030647 0.0004815076624403301
234 0.5 0.01291445688953609 0.0005638573649484753
235 0.5 0.01470626924893041 0.000642089582074757
236 0.5 0.01640849099162194 0.0007164101884000396
237 0.5 0.01802560164928905 0.0007870147645011898
238 0.5 0.01956185677321456 0.0008540891117598109
239 0.5 0.02102129913836305 0.0009178097415428227
240 0.5 0.02240776938991186 0.0009783443400400459
241 0.5 0.02372491613156653 0.001035852208729563
242 0.494949494949495 0.02497620553954645 0.0010904846841334
243 0.4898989898989899 0.02497620553954645 0.0010904846841334
244 0.4848484848484849 0.02497620553954645 0.0010904846841334
245 0.4797979797979798 0.02497620553954645 0.0010904846841334
246 0.4747474747474748 0.02497620553954645 0.0010904846841334
247 0.4696969696969697 0.02497620553954645 0.0010904846841334
248 0.4646464646464646 0.02497620553954645 0.0010904846841334
249 0.4595959595959596 0.02497620553954645 0.0010904846841334
250 0.4545454545454545 0.02497620553954645 0.0010904846841334
251 0.4494949494949495 0.02497620553954645 0.0010904846841334
252 0.4444444444444444 0.02497620553954645 0.0010904846841334
253 0.4393939393939394 0.02497620553954645 0.0010904846841334
254 0.4343434343434344 0.02497620553954645 0.0010904846841334
255 0.4292929292929293 0.02497620553954645 0.0010904846841334
256 0.4242424242424243 0.02497620553954645 0.0010904846841334
257 0.4191919191919192 0.02497620553954645 0.0010904846841334
258 0.4141414141414141 0.02497620553954645 0.0010904846841334
259 0.4090909090909091 0.02497620553954645 0.0010904846841334
260 0.404040404040404 0.02497620553954645 0.0010904846841334
261 0.398989898989899 0.02497620553954645 0.0010904846841334
262 0.3939393939393939 0.02497620553954645 0.0010904846841334
263 0.3888888888888889 0.02497620553954645 0.0010904846841334
264 0.3838383838383838 0.02497620553954645 0.0010904846841334
265 0.3787878787878788 0.02497620553954645 0.0010904846841334
266 0.3737373737373737 0.02497620553954645 0.0010904846841334
267 0.3686868686868687 0.02497620553954645 0.0010904846841334
268 0.3636363636363636 0.02497620553954645 0.0010904846841334
269 0.3585858585858586 0.02497620553954645 0.0010904846841334
270 0.3535353535353535 0.02497620553954645 0.0010904846841334
271 0.3484848484848485 0.02497620553954645 0.0010904846841334
272 0.3434343434343434 0.02497620553954645 0.0010904846841334
273 0.3383838383838383 0.02497620553954645 0.0010904846841334
274 0.3333333333333333 0.02497620553954645 0.0010904846841334
275 0.3282828282828283 0.02497620553954645 0.0010904846841334
276 0.3232323232323232 0.02497620553954645 0.0010904846841334
277 0.3181818181818182 0.02497620553954645 0.0010904846841334
278 0.3131313131313131 0.02497620553954645 0.0010904846841334
279 0.3080808080808081 0.02497620553954645 0.0010904846841334
280 0.303030303030303 0.02497620553954645 0.0010904846841334
281 0.297979797979798 0.02497620553954645 0.0010904846841334
282 0.2929292929292929 0.02497620553954645 0.0010904846841334
283 0.2878787878787878 0.02497620553954645 0.0010904846841334
284 0.2828282828282828 0.02497620553954645 0.0010904846841334
285 0.2777777777777778 0.02497620553954645 0.0010904846841334
286 0.2727272727272727 0.02497620553954645 0.0010904846841334
287 0.2676767676767676 0.02497620553954645 0.0010904846841334
288 0.2626262626262626 0.02497620553954645 0.0010904846841334
289 0.2575757575757576 0.02497620553954645 0.0010904846841334
290 0.2525252525252525 0.02497620553954645 0.0010904846841334
291 0.2474747474747475 0.02497620553954645 0.0010904846841334
292 0.2424242424242424 0.02497620553954645 0.0010904846841334
293 0.2373737373737373 0.02497620553954645 0.0010904846841334
294 0.2323232323232323 0.02497620553954645 0.0010904846841334
295 0.2272727272727272 0.02497620553954645 0.0010904846841334
296 0.2222222222222222 0.02497620553954645 0.0010904846841334
297 0.2171717171717171 0.02497620553954645 0.0010904846841334
298 0.2121212121212121 0.02497620553954645 0.0010904846841334
299 0.2070707070707071 0.02497620553954645 0.0010904846841334
300 0.202020202020202 0.02497620553954645 0.0010904846841334
301 0.196969696969697 0.02497620553954645 0.0010904846841334
302 0.1919191919191919 0.02497620553954645 0.0010904846841334
303 0.1868686868686869 0.02497620553954645 0.0010904846841334
304 0.1818181818181818 0.02497620553954645 0.0010904846841334
305 0.1767676767676767 0.02497620553954645 0.0010904846841334
306 0.1717171717171717 0.02497620553954645 0.0010904846841334
307 0.1666666666666666 0.02497620553954645 0.0010904846841334
308 0.1616161616161616 0.02497620553954645 0.0010904846841334
309 0.1565656565656565 0.02497620553954645 0.0010904846841334
310 0.1515151515151515 0.02497620553954645 0.0010904846841334
311 0.1464646464646464 0.02497620553954645 0.0010904846841334
312 0.1414141414141414 0.02497620553954645 0.0010904846841334
313 0.1363636363636364 0.02497620553954645 0.0010904846841334
314 0.1313131313131313 0.02497620553954645 0.0010904846841334
315 0.1262626262626262 0.02497620553954645 0.0010904846841334
316 0.1212121212121212 0.02497620553954645 0.0010904846841334
317 0.1161616161616161 0.02497620553954645 0.0010904846841334
318 0.1111111111111111 0.02497620553954645 0.0010904846841334
319 0.106060606060606 0.02497620553954645 0.0010904846841334
320 0.101010101010101 0.02497620553954645 0.0010904846841334
321 0.09595959595959591 0.02497620553954645 0.0010904846841334
322 0.09090909090909088 0.02497620553954645 0.0010904846841334
323 0.0858585858585858 0.02497620553954645 0.0010904846841334
324 0.08080808080808077 0.02497620553954645 0.0010904846841334
325 0.07575757575757575 0.02497620553954645 0.0010904846841334
326 0.07070707070707066 0.02497620553954645 0.0010904846841334
327 0.06565656565656564 0.02497620553954645 0.0010904846841334
328 0.06060606060606055 0.02497620553954645 0.0010904846841334
329 0.05555555555555552 0.02497620553954645 0.0010904846841334
330 0.05050505050505044 0.02497620553954645 0.0010904846841334
331 0.04545454545454541 0.02497620553954645 0.0010904846841334
332 0.04040404040404039 0.02497620553954645 0.0010904846841334
333 0.0353535353535353 0.02497620553954645 0.0010904846841334
334 0.03030303030303028 0.02497620553954645 0.0010904846841334
335 0.02525252525252519 0.02497620553954645 0.0010904846841334
336 0.02020202020202017 0.02497620553954645 0.0010904846841334
337 0.01515151515151514 0.02497620553954645 0.0010904846841334
338 0.01010101010101006 0.02497620553954645 0.0010904846841334
339 0.005050505050505028 0.02497620553954645 0.0010904846841334
340 0 0.02372491613191645 0.001035852208744841
341 0 0.02240776939064853 0.0009783443400722092
342 0 0.0210212991395262 0.0009178097415936073
343 0 0.01956185677484706 0.0008540891118310875
344 0 0.01802560165143707 0.0007870147645949747
345 0 0.01640849099433524 0.000716410188518505
346 0 0.01470626925226253 0.0006420895822202409
347 0 0.01291445689354466 0.0005638573651234937
348 0 0.01102833861505345 0.0004815076626475876
349 0 0.009042950949170785 0.0003948237651162206
350 0 0.006953069196568507 0.0003035775572303115
351 0 0.004753193668310885 0.0002075289173852226
352 0 0.002437535217559711 0.0001064250859713621
353 0.005050505050505055 0.00243753521747468 -0.0001064250859676495
354 0.005050505050505083 0.00475319366823632 -0.000207528917381967
355 0.005050505050505055 0.006953069196503574 -0.0003035775572274764
356 0.005050505050505083 0.009042950949114704 -0.0003948237651137721
357 0.005050505050505028 0.0110283386150055 -0.0004815076626454941
358 0.005050505050505028 0.01291445689350417 -0.0005638573651217258
359 0.005050505050505028 0.01470626925222888 -0.0006420895822187713
360 0.005050505050505028 0.01640849099430784 -0.0007164101885173085
361 0.005050505050505 0.01802560165141538 -0.0007870147645940276
362 0.005050505050505028 0.01956185677483058 -0.0008540891118303678
363 0.005050505050505028 0.02102129913951445 -0.0009178097415930941
364 0.005050505050505028 0.02240776939064109 -0.0009783443400718846
365 0.005050505050505028 0.02372491613191291 -0.001035852208744686
366 0.01010101010101008 0.002437535217389647 -0.0001064250859639369
367 0.01010101010101011 0.004753193668161754 -0.0002075289173787114
368 0.01010101010101 0.006953069196438641 -0.0003035775572246413
369 0.01010101010101008 0.009042950949058621 -0.0003948237651113235
370 0.01010101010101006 0.01102833861495755 -0.0004815076626434007
371 0.01010101010101011 0.01291445689346368 -0.0005638573651199579
372 0.01010101010101006 0.01470626925219522 -0.0006420895822173018
373 0.01010101010101006 0.01640849099428043 -0.000716410188516112
374 0.01010101010101003 0.01802560165139368 -0.0007870147645930802
375 0.01010101010101006 0.01956185677481409 -0.0008540891118296478
376 0.01010101010101006 0.0210212991395027 -0.0009178097415925813
377 0.01010101010101006 0.02240776939063365 -0.0009783443400715598
378 0.01010101010101006 0.02372491613190938 -0.001035852208744532
379 0.01515151515151517 0.002437535217304613 -0.0001064250859602243
380 0.01515151515151514 0.004753193668087186 -0.0002075289173754556
381 0.01515151515151511 0.006953069196373702 -0.000303577557221806
382 0.01515151515151514 0.009042950949002544 -0.000394823765108875
383 0.01515151515151514 0.0110283386149096 -0.0004815076626413071
384 0.01515151515151514 0.01291445689342319 -0.0005638573651181901
385 0.01515151515151517 0.01470626925216156 -0.0006420895822158323
386 0.01515151515151514 0.01640849099425302 -0.0007164101885149154
387 0.01515151515151514 0.01802560165137198 -0.0007870147645921328
388 0.01515151515151517 0.0195618567747976 -0.0008540891118289278
389 0.01515151515151517 0.02102129913949095 -0.0009178097415920683
390 0.01515151515151514 0.02240776939062621 -0.000978344340071235
391 0.01515151515151514 0.02372491613190584 -0.001035852208744378
392 0.02020202020202017 0.002437535217219584 -0.0001064250859565118
393 0.02020202020202022 0.004753193668012618 -0.0002075289173722
394 0.02020202020202019 0.006953069196308768 -0.0003035775572189709
395 0.02020202020202017 0.009042950948946461 -0.0003948237651064264
396 0.02020202020202014 0.01102833861486165 -0.0004815076626392136
397 0.02020202020202022 0.0129144568933827 -0.0005638573651164222
398 0.02020202020202017 0.0147062692521279 -0.0006420895822143628
399 0.02020202020202014 0.01640849099422562 -0.0007164101885137189
400 0.02020202020202017 0.01802560165135028 -0.0007870147645911854
401 0.02020202020202017 0.01956185677478111 -0.0008540891118282079
402 0.02020202020202017 0.02102129913947921 -0.0009178097415915553
403 0.02020202020202017 0.02240776939061877 -0.0009783443400709101
404 0.02020202020202017 0.02372491613190231 -0.001035852208744223
405 0.02525252525252528 0.002437535217134548 -0.000106425085952799
406 0.02525252525252525 0.004753193667938051 -0.0002075289173689443
407 0.02525252525252514 0.006953069196243831 -0.0003035775572161357
408 0.02525252525252517 0.00904295094889038 -0.0003948237651039779
409 0.02525252525252522 0.0110283386148137 -0.0004815076626371201
410 0.02525252525252519 0.01291445689334221 -0.0005638573651146544
411 0.02525252525252519 0.01470626925209425 -0.0006420895822128932
412 0.02525252525252519 0.01640849099419821 -0.0007164101885125222
413 0.02525252525252519 0.01802560165132859 -0.0007870147645902383
414 0.02525252525252517 0.01956185677476462 -0.0008540891118274878
415 0.02525252525252519 0.02102129913946746 -0.0009178097415910423
416 0.02525252525252519 0.02240776939061133 -0.0009783443400705853
417 0.02525252525252519 0.02372491613189877 -0.001035852208744069
418 0.0303030303030303 0.002437535217049513 -0.0001064250859490864
419 0.03030303030303033 0.004753193667863483 -0.0002075289173656886
420 0.0303030303030303 0.006953069196178896 -0.0003035775572133006
421 0.03030303030303028 0.0090429509488343 -0.0003948237651015293
422 0.03030303030303028 0.01102833861476575 -0.0004815076626350265
423 0.03030303030303028 0.01291445689330172 -0.0005638573651128865
424 0.03030303030303028 0.01470626925206059 -0.0006420895822114237
425 0.03030303030303028 0.0164084909941708 -0.0007164101885113255
426 0.03030303030303025 0.01802560165130689 -0.0007870147645892909
427 0.03030303030303028 0.01956185677474813 -0.0008540891118267678
428 0.03030303030303028 0.02102129913945571 -0.0009178097415905293
429 0.03030303030303028 0.02240776939060388 -0.0009783443400702603
430 0.03030303030303028 0.02372491613189524 -0.001035852208743915
431 0.03535353535353539 0.00243753521696448 -0.0001064250859453738
432 0.03535353535353536 0.004753193667788916 -0.0002075289173624329
433 0.03535353535353533 0.006953069196113958 -0.0003035775572104653
434 0.03535353535353536 0.009042950948778217 -0.0003948237650990808
435 0.0353535353535353 0.0110283386147178 -0.0004815076626329331
436 0.0353535353535353 0.01291445689326123 -0.0005638573651111186
437 0.03535353535353533 0.01470626925202693 -0.0006420895822099542
438 0.0353535353535353 0.01640849099414339 -0.0007164101885101288
439 0.0353535353535353 0.01802560165128519 -0.0007870147645883435
440 0.0353535353535353 0.01956185677473164 -0.0008540891118260479
441 0.0353535353535353 0.02102129913944396 -0.0009178097415900164
442 0.0353535353535353 0.02240776939059645 -0.0009783443400699355
443 0.0353535353535353 0.0237249161318917 -0.00103585220874376
444 0.04040404040404041 0.00243753521687945 -0.0001064250859416612
445 0.04040404040404044 0.004753193667714349 -0.0002075289173591772
446 0.04040404040404039 0.006953069196049023 -0.0003035775572076303
447 0.04040404040404041 0.009042950948722137 -0.0003948237650966322
448 0.04040404040404039 0.01102833861466986 -0.0004815076626308396
449 0.04040404040404039 0.01291445689322074 -0.0005638573651093507
450 0.04040404040404041 0.01470626925199327 -0.0006420895822084846
451 0.04040404040404039 0.01640849099411599 -0.0007164101885089323
452 0.04040404040404039 0.0180256016512635 -0.0007870147645873963
453 0.04040404040404039 0.01956185677471515 -0.000854089111825328
454 0.04040404040404041 0.02102129913943221 -0.0009178097415895035
455 0.04040404040404041 0.022407769390589 -0.0009783443400696104
456 0.04040404040404041 0.02372491613188817 -0.001035852208743606
457 0.04545454545454541 0.002437535216794419 -0.0001064250859379487
458 0.04545454545454547 0.004753193667639782 -0.0002075289173559216
459 0.04545454545454544 0.006953069195984089 -0.0003035775572047952
460 0.04545454545454541 0.009042950948666058 -0.0003948237650941837
461 0.04545454545454541 0.01102833861462191 -0.000481507662628746
462 0.04545454545454541 0.01291445689318025 -0.0005638573651075829
463 0.04545454545454541 0.01470626925195961 -0.000642089582207015
464 0.04545454545454541 0.01640849099408857 -0.0007164101885077356
465 0.04545454545454541 0.0180256016512418 -0.000787014764586449
466 0.04545454545454541 0.01956185677469866 -0.000854089111824608
467 0.04545454545454544 0.02102129913942046 -0.0009178097415889904
468 0.04545454545454541 0.02240776939058156 -0.0009783443400692856
469 0.04545454545454544 0.02372491613188464 -0.001035852208743452
470 0.05050505050505052 0.002437535216709388 -0.0001064250859342362
471 0.05050505050505047 0.004753193667565212 -0.0002075289173526657
472 0.05050505050505047 0.006953069195919151 -0.0003035775572019599
473 0.0505050505050505 0.009042950948609975 -0.0003948237650917351
474 0.0505050505050505 0.01102833861457396 -0.0004815076626266526
475 0.0505050505050505 0.01291445689313976 -0.000563857365105815
476 0.05050505050505041 0.01470626925192596 -0.0006420895822055456
477 0.05050505050505044 0.01640849099406117 -0.0007164101885065389
478 0.05050505050505047 0.0180256016512201 -0.0007870147645855016
479 0.05050505050505041 0.01956185677468217 -0.000854089111823888
480 0.05050505050505047 0.02102129913940871 -0.0009178097415884775
481 0.05050505050505044 0.02240776939057412 -0.0009783443400689608
482 0.05050505050505044 0.0237249161318811 -0.001035852208743298
483 0.05555555555555558 0.002437535216624351 -0.0001064250859305234
484 0.05555555555555552 0.004753193667490646 -0.0002075289173494101
485 0.05555555555555552 0.006953069195854218 -0.0003035775571991249
486 0.05555555555555552 0.009042950948553894 -0.0003948237650892866
487 0.05555555555555552 0.01102833861452601 -0.0004815076626245591
488 0.05555555555555547 0.01291445689309927 -0.0005638573651040471
489 0.05555555555555547 0.0147062692518923 -0.0006420895822040761
490 0.05555555555555552 0.01640849099403376 -0.0007164101885053424
491 0.05555555555555552 0.0180256016511984 -0.0007870147645845542
492 0.05555555555555552 0.01956185677466568 -0.0008540891118231681
493 0.05555555555555552 0.02102129913939696 -0.0009178097415879645
494 0.05555555555555552 0.02240776939056668 -0.0009783443400686359
495 0.05555555555555555 0.02372491613187756 -0.001035852208743143
496 0.06060606060606064 0.002437535216539319 -0.0001064250859268107
497 0.06060606060606061 0.004753193667416076 -0.0002075289173461543
498 0.06060606060606064 0.00695306919578928 -0.0003035775571962896
499 0.06060606060606055 0.009042950948497814 -0.0003948237650868381
500 0.06060606060606055 0.01102833861447806 -0.0004815076626224656
501 0.06060606060606061 0.01291445689305878 -0.0005638573651022793
502 0.06060606060606061 0.01470626925185864 -0.0006420895822026064
503 0.06060606060606061 0.01640849099400635 -0.0007164101885041458
504 0.06060606060606055 0.01802560165117671 -0.000787014764583607
505 0.06060606060606055 0.01956185677464919 -0.0008540891118224482
506 0.06060606060606055 0.02102129913938521 -0.0009178097415874515
507 0.06060606060606058 0.02240776939055924 -0.0009783443400683109
508 0.06060606060606058 0.02372491613187403 -0.001035852208742989
509 0.06565656565656561 0.002437535216454286 -0.0001064250859230982
510 0.06565656565656558 0.004753193667341509 -0.0002075289173428987
511 0.06565656565656564 0.006953069195724343 -0.0003035775571934544
512 0.06565656565656564 0.009042950948441729 -0.0003948237650843894
513 0.06565656565656564 0.01102833861443011 -0.000481507662620372
514 0.06565656565656564 0.01291445689301829 -0.0005638573651005115
515 0.06565656565656564 0.01470626925182498 -0.0006420895822011369
516 0.06565656565656564 0.01640849099397895 -0.0007164101885029492
517 0.06565656565656564 0.01802560165115501 -0.0007870147645826597
518 0.06565656565656564 0.0195618567746327 -0.0008540891118217282
519 0.06565656565656564 0.02102129913937346 -0.0009178097415869387
520 0.06565656565656569 0.02240776939055179 -0.0009783443400679858
521 0.06565656565656564 0.02372491613187049 -0.001035852208742835
522 0.07070707070707072 0.002437535216369253 -0.0001064250859193856
523 0.07070707070707064 0.004753193667266945 -0.0002075289173396432
524 0.07070707070707069 0.006953069195659408 -0.0003035775571906192
525 0.07070707070707066 0.009042950948385651 -0.0003948237650819409
526 0.07070707070707072 0.01102833861438216 -0.0004815076626182785
527 0.07070707070707066 0.0129144568929778 -0.0005638573650987436
528 0.07070707070707069 0.01470626925179132 -0.0006420895821996675
529 0.07070707070707066 0.01640849099395154 -0.0007164101885017525
530 0.07070707070707072 0.01802560165113331 -0.0007870147645817123
531 0.07070707070707061 0.01956185677461621 -0.0008540891118210081
532 0.07070707070707069 0.02102129913936172 -0.0009178097415864256
533 0.07070707070707066 0.02240776939054435 -0.0009783443400676612
534 0.07070707070707066 0.02372491613186696 -0.00103585220874268
535 0.07575757575757575 0.002437535216284219 -0.0001064250859156728
536 0.07575757575757577 0.004753193667192376 -0.0002075289173363874
537 0.0757575757575758 0.006953069195594472 -0.0003035775571877842
538 0.07575757575757575 0.00904295094832957 -0.0003948237650794924
539 0.07575757575757575 0.01102833861433421 -0.0004815076626161851
540 0.07575757575757569 0.01291445689293731 -0.0005638573650969757
541 0.07575757575757575 0.01470626925175767 -0.0006420895821981978
542 0.07575757575757575 0.01640849099392414 -0.0007164101885005559
543 0.07575757575757566 0.01802560165111161 -0.000787014764580765
544 0.07575757575757575 0.01956185677459972 -0.0008540891118202882
545 0.07575757575757572 0.02102129913934996 -0.0009178097415859125
546 0.07575757575757575 0.02240776939053692 -0.0009783443400673364
547 0.07575757575757575 0.02372491613186343 -0.001035852208742526
548 0.0808080808080808 0.002437535216199186 -0.0001064250859119603
549 0.08080808080808077 0.004753193667117811 -0.0002075289173331318
550 0.08080808080808077 0.006953069195529535 -0.0003035775571849489
551 0.08080808080808077 0.009042950948273487 -0.0003948237650770437
552 0.08080808080808077 0.01102833861428626 -0.0004815076626140915
553 0.0808080808080808 0.01291445689289681 -0.0005638573650952078
554 0.08080808080808077 0.01470626925172401 -0.0006420895821967283
555 0.08080808080808077 0.01640849099389673 -0.0007164101884993594
556 0.08080808080808077 0.01802560165108992 -0.0007870147645798177
557 0.08080808080808077 0.01956185677458323 -0.0008540891118195682
558 0.08080808080808077 0.02102129913933821 -0.0009178097415853995
559 0.0808080808080808 0.02240776939052947 -0.0009783443400670114
560 0.08080808080808077 0.02372491613185989 -0.001035852208742372
561 0.08585858585858577 0.002437535216114154 -0.0001064250859082477
562 0.08585858585858583 0.00475319366704324 -0.000207528917329876
563 0.0858585858585858 0.0069530691954646 -0.0003035775571821138
564 0.0858585858585858 0.009042950948217405 -0.0003948237650745951
565 0.0858585858585858 0.01102833861423831 -0.000481507662611998
566 0.0858585858585858 0.01291445689285632 -0.00056385736509344
567 0.0858585858585858 0.01470626925169035 -0.0006420895821952589
568 0.0858585858585858 0.01640849099386932 -0.0007164101884981627
569 0.0858585858585858 0.01802560165106822 -0.0007870147645788704
570 0.08585858585858577 0.01956185677456674 -0.0008540891118188482
571 0.0858585858585858 0.02102129913932647 -0.0009178097415848867
572 0.08585858585858577 0.02240776939052203 -0.0009783443400666865
573 0.08585858585858583 0.02372491613185636 -0.001035852208742217
574 0.09090909090909088 0.002437535216029123 -0.0001064250859045351
575 0.09090909090909091 0.004753193666968673 -0.0002075289173266203
576 0.09090909090909094 0.006953069195399665 -0.0003035775571792787
577 0.09090909090909094 0.009042950948161328 -0.0003948237650721467
578 0.09090909090909088 0.01102833861419037 -0.0004815076626099045
579 0.09090909090909094 0.01291445689281583 -0.0005638573650916721
580 0.09090909090909088 0.01470626925165669 -0.0006420895821937893
581 0.09090909090909088 0.01640849099384191 -0.0007164101884969661
582 0.09090909090909088 0.01802560165104652 -0.0007870147645779231
583 0.09090909090909088 0.01956185677455025 -0.0008540891118181283
584 0.09090909090909088 0.02102129913931472 -0.0009178097415843736
585 0.09090909090909088 0.02240776939051459 -0.0009783443400663615
586 0.09090909090909088 0.02372491613185283 -0.001035852208742063
587 0.09595959595959597 0.002437535215944095 -0.0001064250859008227
588 0.09595959595959594 0.004753193666894107 -0.0002075289173233647
589 0.09595959595959597 0.006953069195334729 -0.0003035775571764435
590 0.09595959595959597 0.009042950948105245 -0.0003948237650696981
591 0.09595959595959597 0.01102833861414242 -0.0004815076626078111
592 0.09595959595959591 0.01291445689277534 -0.0005638573650899043
593 0.09595959595959597 0.01470626925162304 -0.0006420895821923197
594 0.09595959595959597 0.0164084909938145 -0.0007164101884957693
595 0.09595959595959594 0.01802560165102483 -0.0007870147645769758
596 0.09595959595959591 0.01956185677453376 -0.0008540891118174083
597 0.09595959595959591 0.02102129913930297 -0.0009178097415838606
598 0.09595959595959588 0.02240776939050715 -0.0009783443400660369
599 0.09595959595959597 0.02372491613184929 -0.001035852208741909
600 0.101010101010101 0.002437535215859057 -0.00010642508589711
601 0.101010101010101 0.004753193666819542 -0.0002075289173201092
602 0.101010101010101 0.006953069195269793 -0.0003035775571736083
603 0.101010101010101 0.009042950948049163 -0.0003948237650672495
604 0.101010101010101 0.01102833861409447 -0.0004815076626057175
605 0.101010101010101 0.01291445689273485 -0.0005638573650881364
606 0.101010101010101 0.01470626925158938 -0.0006420895821908503
607 0.101010101010101 0.0164084909937871 -0.0007164101884945728
608 0.101010101010101 0.01802560165100313 -0.0007870147645760285
609 0.101010101010101 0.01956185677451727 -0.0008540891118166883
610 0.101010101010101 0.02102129913929122 -0.0009178097415833476
611 0.101010101010101 0.02240776939049971 -0.0009783443400657118
612 0.101010101010101 0.02372491613184575 -0.001035852208741754
613 0.1060606060606061 0.002437535215774023 -0.0001064250858933973
614 0.1060606060606061 0.004753193666744975 -0.0002075289173168535
615 0.1060606060606061 0.006953069195204858 -0.0003035775571707732
616 0.106060606060606 0.009042950947993084 -0.000394823765064801
617 0.106060606060606 0.01102833861404652 -0.0004815076626036239
618 0.106060606060606 0.01291445689269436 -0.0005638573650863685
619 0.106060606060606 0.01470626925155572 -0.0006420895821893807
620 0.106060606060606 0.01640849099375969 -0.0007164101884933762
621 0.106060606060606 0.01802560165098143 -0.000787014764575081
622 0.106060606060606 0.01956185677450078 -0.0008540891118159684
623 0.1060606060606059 0.02102129913927947 -0.0009178097415828348
624 0.106060606060606 0.02240776939049227 -0.000978344340065387
625 0.106060606060606 0.02372491613184222 -0.0010358522087416
626 0.111111111111111 0.00243753521568899 -0.0001064250858896846
627 0.1111111111111111 0.004753193666670408 -0.0002075289173135978
628 0.1111111111111111 0.006953069195139921 -0.000303577557167938
629 0.111111111111111 0.009042950947937001 -0.0003948237650623524
630 0.1111111111111111 0.01102833861399857 -0.0004815076626015304
631 0.1111111111111111 0.01291445689265387 -0.0005638573650846006
632 0.111111111111111 0.01470626925152206 -0.0006420895821879111
633 0.1111111111111111 0.01640849099373229 -0.0007164101884921796
634 0.1111111111111111 0.01802560165095974 -0.0007870147645741338
635 0.1111111111111111 0.01956185677448429 -0.0008540891118152484
636 0.111111111111111 0.02102129913926772 -0.0009178097415823217
637 0.111111111111111 0.02240776939048483 -0.0009783443400650624
638 0.111111111111111 0.02372491613183868 -0.001035852208741445
639 0.1161616161616162 0.002437535215603959 -0.0001064250858859721
640 0.1161616161616162 0.004753193666595838 -0.000207528917310342
641 0.1161616161616161 0.006953069195074985 -0.0003035775571651028
642 0.1161616161616161 0.009042950947880921 -0.0003948237650599039
643 0.1161616161616161 0.01102833861395062 -0.0004815076625994369
644 0.1161616161616161 0.01291445689261338 -0.0005638573650828329
645 0.1161616161616161 0.0147062692514884 -0.0006420895821864416
646 0.1161616161616161 0.01640849099370488 -0.0007164101884909829
647 0.1161616161616161 0.01802560165093804 -0.0007870147645731864
648 0.1161616161616161 0.0195618567744678 -0.0008540891118145285
649 0.1161616161616161 0.02102129913925598 -0.0009178097415818089
650 0.1161616161616161 0.02240776939047738 -0.0009783443400647371
651 0.1161616161616161 0.02372491613183515 -0.001035852208741291
652 0.1212121212121212 0.002437535215518927 -0.0001064250858822595
653 0.1212121212121212 0.004753193666521272 -0.0002075289173070864
654 0.1212121212121212 0.006953069195010048 -0.0003035775571622676
655 0.1212121212121212 0.009042950947824842 -0.0003948237650574554
656 0.1212121212121212 0.01102833861390267 -0.0004815076625973435
657 0.1212121212121212 0.01291445689257289 -0.0005638573650810651
658 0.1212121212121212 0.01470626925145475 -0.0006420895821849721
659 0.1212121212121212 0.01640849099367747 -0.0007164101884897864
660 0.1212121212121212 0.01802560165091634 -0.0007870147645722391
661 0.1212121212121212 0.01956185677445131 -0.0008540891118138086
662 0.1212121212121211 0.02102129913924423 -0.0009178097415812958
663 0.1212121212121211 0.02240776939046995 -0.0009783443400644123
664 0.1212121212121211 0.02372491613183161 -0.001035852208741137
665 0.1262626262626263 0.002437535215433894 -0.0001064250858785469
666 0.1262626262626263 0.004753193666446704 -0.0002075289173038306
667 0.1262626262626263 0.006953069194945113 -0.0003035775571594325
668 0.1262626262626263 0.009042950947768759 -0.0003948237650550067
669 0.1262626262626262 0.01102833861385472 -0.00048150766259525
670 0.1262626262626263 0.0129144568925324 -0.0005638573650792971
671 0.1262626262626263 0.01470626925142109 -0.0006420895821835026
672 0.1262626262626262 0.01640849099365006 -0.0007164101884885897
673 0.1262626262626263 0.01802560165089464 -0.0007870147645712917
674 0.1262626262626262 0.01956185677443482 -0.0008540891118130885
675 0.1262626262626263 0.02102129913923248 -0.0009178097415807829
676 0.1262626262626262 0.0224077693904625 -0.0009783443400640875
677 0.1262626262626262 0.02372491613182808 -0.001035852208740983
678 0.1313131313131313 0.002437535215348861 -0.0001064250858748343
679 0.1313131313131313 0.004753193666372139 -0.0002075289173005751
680 0.1313131313131313 0.006953069194880177 -0.0003035775571565973
681 0.1313131313131313 0.009042950947712678 -0.0003948237650525583
682 0.1313131313131313 0.01102833861380677 -0.0004815076625931564
683 0.1313131313131313 0.01291445689249191 -0.0005638573650775293
684 0.1313131313131313 0.01470626925138743 -0.000642089582182033
685 0.1313131313131313 0.01640849099362265 -0.000716410188487393
686 0.1313131313131313 0.01802560165087295 -0.0007870147645703445
687 0.1313131313131313 0.01956185677441833 -0.0008540891118123687
688 0.1313131313131313 0.02102129913922073 -0.0009178097415802699
689 0.1313131313131313 0.02240776939045506 -0.0009783443400637624
690 0.1313131313131313 0.02372491613182455 -0.001035852208740828
691 0.1363636363636364 0.002437535215263827 -0.0001064250858711216
692 0.1363636363636364 0.004753193666297567 -0.0002075289172973192
693 0.1363636363636364 0.00695306919481524 -0.0003035775571537621
694 0.1363636363636364 0.009042950947656597 -0.0003948237650501097
695 0.1363636363636364 0.01102833861375882 -0.0004815076625910629
696 0.1363636363636364 0.01291445689245142 -0.0005638573650757614
697 0.1363636363636364 0.01470626925135377 -0.0006420895821805635
698 0.1363636363636364 0.01640849099359525 -0.0007164101884861965
699 0.1363636363636364 0.01802560165085125 -0.0007870147645693972
700 0.1363636363636364 0.01956185677440184 -0.0008540891118116486
701 0.1363636363636364 0.02102129913920898 -0.0009178097415797569
702 0.1363636363636364 0.02240776939044763 -0.0009783443400634378
703 0.1363636363636364 0.02372491613182101 -0.001035852208740674
704 0.1414141414141414 0.002437535215178794 -0.000106425085867409
705 0.1414141414141414 0.004753193666223 -0.0002075289172940635
706 0.1414141414141414 0.006953069194750304 -0.0003035775571509269
707 0.1414141414141414 0.009042950947600516 -0.0003948237650476612
708 0.1414141414141414 0.01102833861371087 -0.0004815076625889694
709 0.1414141414141414 0.01291445689241093 -0.0005638573650739936
710 0.1414141414141414 0.01470626925132012 -0.000642089582179094
711 0.1414141414141414 0.01640849099356784 -0.0007164101884849999
712 0.1414141414141414 0.01802560165082955 -0.0007870147645684499
713 0.1414141414141414 0.01956185677438535 -0.0008540891118109286
714 0.1414141414141414 0.02102129913919723 -0.000917809741579244
715 0.1414141414141414 0.02240776939044018 -0.000978344340063113
716 0.1414141414141414 0.02372491613181748 -0.00103585220874052
717 0.1464646464646465 0.002437535215093763 -0.0001064250858636964
718 0.1464646464646465 0.004753193666148433 -0.0002075289172908079
719 0.1464646464646465 0.006953069194685369 -0.0003035775571480918
720 0.1464646464646465 0.009042950947544436 -0.0003948237650452126
721 0.1464646464646465 0.01102833861366292 -0.0004815076625868758
722 0.1464646464646465 0.01291445689237044 -0.0005638573650722257
723 0.1464646464646465 0.01470626925128646 -0.0006420895821776243
724 0.1464646464646464 0.01640849099354043 -0.0007164101884838031
725 0.1464646464646464 0.01802560165080785 -0.0007870147645675026
726 0.1464646464646464 0.01956185677436886 -0.0008540891118102086
727 0.1464646464646464 0.02102129913918548 -0.0009178097415787309
728 0.1464646464646464 0.02240776939043274 -0.000978344340062788
729 0.1464646464646464 0.02372491613181394 -0.001035852208740365
730 0.1515151515151515 0.002437535215008729 -0.0001064250858599838
731 0.1515151515151515 0.004753193666073866 -0.0002075289172875522
732 0.1515151515151515 0.006953069194620434 -0.0003035775571452567
733 0.1515151515151515 0.009042950947488356 -0.0003948237650427641
734 0.1515151515151515 0.01102833861361497 -0.0004815076625847824
735 0.1515151515151515 0.01291445689232995 -0.0005638573650704579
736 0.1515151515151515 0.0147062692512528 -0.0006420895821761548
737 0.1515151515151515 0.01640849099351303 -0.0007164101884826065
738 0.1515151515151515 0.01802560165078616 -0.0007870147645665552
739 0.1515151515151515 0.01956185677435237 -0.0008540891118094887
740 0.1515151515151515 0.02102129913917373 -0.000917809741578218
741 0.1515151515151515 0.0224077693904253 -0.0009783443400624629
742 0.1515151515151515 0.02372491613181041 -0.001035852208740211
743 0.1565656565656566 0.0024375352149237 -0.0001064250858562713
744 0.1565656565656566 0.0047531936659993 -0.0002075289172842966
745 0.1565656565656566 0.006953069194555498 -0.0003035775571424215
746 0.1565656565656566 0.009042950947432273 -0.0003948237650403155
747 0.1565656565656566 0.01102833861356702 -0.0004815076625826889
748 0.1565656565656565 0.01291445689228946 -0.00056385736506869
749 0.1565656565656566 0.01470626925121914 -0.0006420895821746854
750 0.1565656565656566 0.01640849099348562 -0.00071641018848141
751 0.1565656565656566 0.01802560165076446 -0.0007870147645656079
752 0.1565656565656566 0.01956185677433588 -0.0008540891118087688
753 0.1565656565656566 0.02102129913916198 -0.0009178097415777051
754 0.1565656565656565 0.02240776939041786 -0.0009783443400621381
755 0.1565656565656565 0.02372491613180688 -0.001035852208740057
756 0.1616161616161617 0.002437535214838665 -0.0001064250858525586
757 0.1616161616161617 0.004753193665924733 -0.0002075289172810409
758 0.1616161616161617 0.006953069194490564 -0.0003035775571395864
759 0.1616161616161616 0.009042950947376189 -0.0003948237650378669
760 0.1616161616161616 0.01102833861351907 -0.0004815076625805953
761 0.1616161616161616 0.01291445689224896 -0.0005638573650669221
762 0.1616161616161617 0.01470626925118548 -0.0006420895821732158
763 0.1616161616161616 0.01640849099345821 -0.0007164101884802134
764 0.1616161616161617 0.01802560165074276 -0.0007870147645646607
765 0.1616161616161616 0.01956185677431939 -0.0008540891118080488
766 0.1616161616161616 0.02102129913915023 -0.000917809741577192
767 0.1616161616161616 0.02240776939041042 -0.0009783443400618133
768 0.1616161616161616 0.02372491613180334 -0.001035852208739902
769 0.1666666666666667 0.002437535214753629 -0.0001064250858488459
770 0.1666666666666667 0.004753193665850164 -0.0002075289172777852
771 0.1666666666666667 0.006953069194425627 -0.0003035775571367512
772 0.1666666666666667 0.009042950947320112 -0.0003948237650354185
773 0.1666666666666667 0.01102833861347112 -0.0004815076625785018
774 0.1666666666666667 0.01291445689220847 -0.0005638573650651543
775 0.1666666666666667 0.01470626925115183 -0.0006420895821717463
776 0.1666666666666667 0.01640849099343081 -0.0007164101884790167
777 0.1666666666666666 0.01802560165072107 -0.0007870147645637133
778 0.1666666666666666 0.0195618567743029 -0.0008540891118073287
779 0.1666666666666667 0.02102129913913848 -0.000917809741576679
780 0.1666666666666666 0.02240776939040297 -0.0009783443400614884
781 0.1666666666666666 0.02372491613179981 -0.001035852208739748
782 0.1717171717171717 0.002437535214668598 -0.0001064250858451334
783 0.1717171717171717 0.004753193665775598 -0.0002075289172745295
784 0.1717171717171718 0.006953069194360691 -0.0003035775571339161
785 0.1717171717171718 0.009042950947264029 -0.0003948237650329698
786 0.1717171717171717 0.01102833861342318 -0.0004815076625764083
787 0.1717171717171717 0.01291445689216798 -0.0005638573650633864
788 0.1717171717171717 0.01470626925111817 -0.0006420895821702767
789 0.1717171717171717 0.0164084909934034 -0.0007164101884778202
790 0.1717171717171717 0.01802560165069937 -0.0007870147645627659
791 0.1717171717171717 0.01956185677428641 -0.0008540891118066088
792 0.1717171717171717 0.02102129913912673 -0.0009178097415761662
793 0.1717171717171717 0.02240776939039554 -0.0009783443400611636
794 0.1717171717171717 0.02372491613179627 -0.001035852208739594
795 0.1767676767676768 0.002437535214583564 -0.0001064250858414207
796 0.1767676767676768 0.00475319366570103 -0.0002075289172712738
797 0.1767676767676768 0.006953069194295754 -0.0003035775571310808
798 0.1767676767676768 0.009042950947207948 -0.0003948237650305212
799 0.1767676767676768 0.01102833861337523 -0.0004815076625743148
800 0.1767676767676767 0.01291445689212749 -0.0005638573650616186
801 0.1767676767676768 0.01470626925108451 -0.0006420895821688072
802 0.1767676767676768 0.01640849099337599 -0.0007164101884766235
803 0.1767676767676767 0.01802560165067767 -0.0007870147645618185
804 0.1767676767676768 0.01956185677426992 -0.0008540891118058889
805 0.1767676767676768 0.02102129913911498 -0.000917809741575653
806 0.1767676767676767 0.02240776939038809 -0.0009783443400608388
807 0.1767676767676767 0.02372491613179274 -0.001035852208739439
808 0.1818181818181819 0.002437535214498535 -0.0001064250858377083
809 0.1818181818181818 0.00475319366562646 -0.0002075289172680181
810 0.1818181818181818 0.006953069194230817 -0.0003035775571282456
811 0.1818181818181818 0.009042950947151868 -0.0003948237650280728
812 0.1818181818181818 0.01102833861332728 -0.0004815076625722213
813 0.1818181818181818 0.012914456892087 -0.0005638573650598507
814 0.1818181818181818 0.01470626925105085 -0.0006420895821673377
815 0.1818181818181818 0.01640849099334859 -0.000716410188475427
816 0.1818181818181818 0.01802560165065598 -0.0007870147645608713
817 0.1818181818181818 0.01956185677425343 -0.0008540891118051689
818 0.1818181818181818 0.02102129913910324 -0.0009178097415751401
819 0.1818181818181818 0.02240776939038065 -0.0009783443400605137
820 0.1818181818181818 0.0237249161317892 -0.001035852208739285
821 0.1868686868686869 0.002437535214413498 -0.0001064250858339955
822 0.1868686868686869 0.004753193665551895 -0.0002075289172647625
823 0.1868686868686869 0.006953069194165881 -0.0003035775571254104
824 0.1868686868686869 0.009042950947095786 -0.0003948237650256242
825 0.1868686868686869 0.01102833861327933 -0.0004815076625701277
826 0.1868686868686869 0.01291445689204651 -0.0005638573650580827
827 0.1868686868686869 0.01470626925101719 -0.0006420895821658681
828 0.1868686868686869 0.01640849099332118 -0.0007164101884742303
829 0.1868686868686869 0.01802560165063428 -0.000787014764559924
830 0.1868686868686869 0.01956185677423694 -0.0008540891118044489
831 0.1868686868686869 0.02102129913909149 -0.0009178097415746271
832 0.1868686868686869 0.02240776939037321 -0.0009783443400601891
833 0.1868686868686868 0.02372491613178566 -0.001035852208739131
834 0.1919191919191919 0.002437535214328468 -0.0001064250858302829
835 0.1919191919191919 0.004753193665477324 -0.0002075289172615067
836 0.1919191919191919 0.006953069194100947 -0.0003035775571225754
837 0.1919191919191919 0.009042950947039705 -0.0003948237650231756
838 0.1919191919191919 0.01102833861323138 -0.0004815076625680343
839 0.1919191919191919 0.01291445689200602 -0.0005638573650563149
840 0.1919191919191919 0.01470626925098354 -0.0006420895821643986
841 0.1919191919191919 0.01640849099329377 -0.0007164101884730336
842 0.1919191919191919 0.01802560165061258 -0.0007870147645589766
843 0.1919191919191919 0.01956185677422045 -0.000854089111803729
844 0.1919191919191919 0.02102129913907974 -0.0009178097415741142
845 0.1919191919191919 0.02240776939036577 -0.0009783443400598639
846 0.1919191919191919 0.02372491613178213 -0.001035852208738976
847 0.196969696969697 0.002437535214243435 -0.0001064250858265703
848 0.196969696969697 0.00475319366540276 -0.0002075289172582511
849 0.196969696969697 0.00695306919403601 -0.0003035775571197402
850 0.196969696969697 0.009042950946983624 -0.0003948237650207271
851 0.196969696969697 0.01102833861318343 -0.0004815076625659408
852 0.196969696969697 0.01291445689196553 -0.0005638573650545471
853 0.196969696969697 0.01470626925094988 -0.0006420895821629291
854 0.196969696969697 0.01640849099326636 -0.000716410188471837
855 0.196969696969697 0.01802560165059089 -0.0007870147645580294
856 0.196969696969697 0.01956185677420396 -0.0008540891118030089
857 0.196969696969697 0.02102129913906799 -0.0009178097415736011
858 0.196969696969697 0.02240776939035833 -0.000978344340059539
859 0.196969696969697 0.0237249161317786 -0.001035852208738822
860 0.202020202020202 0.002437535214158399 -0.0001064250858228576
861 0.202020202020202 0.004753193665328189 -0.0002075289172549953
862 0.202020202020202 0.006953069193971073 -0.000303577557116905
863 0.202020202020202 0.009042950946927543 -0.0003948237650182785
864 0.202020202020202 0.01102833861313548 -0.0004815076625638474
865 0.202020202020202 0.01291445689192504 -0.0005638573650527792
866 0.202020202020202 0.01470626925091622 -0.0006420895821614595
867 0.202020202020202 0.01640849099323895 -0.0007164101884706404
868 0.202020202020202 0.01802560165056918 -0.000787014764557082
869 0.202020202020202 0.01956185677418747 -0.0008540891118022889
870 0.202020202020202 0.02102129913905624 -0.0009178097415730882
871 0.202020202020202 0.02240776939035089 -0.0009783443400592142
872 0.202020202020202 0.02372491613177507 -0.001035852208738668
873 0.2070707070707071 0.002437535214073371 -0.0001064250858191452
874 0.2070707070707071 0.004753193665253625 -0.0002075289172517397
875 0.2070707070707071 0.00695306919390614 -0.00030357755711407
876 0.2070707070707071 0.009042950946871461 -0.00039482376501583
877 0.2070707070707071 0.01102833861308753 -0.0004815076625617538
878 0.2070707070707071 0.01291445689188455 -0.0005638573650510113
879 0.2070707070707071 0.01470626925088256 -0.00064208958215999
880 0.2070707070707071 0.01640849099321155 -0.0007164101884694437
881 0.2070707070707071 0.01802560165054749 -0.0007870147645561347
882 0.2070707070707071 0.01956185677417098 -0.000854089111801569
883 0.2070707070707071 0.02102129913904449 -0.0009178097415725752
884 0.2070707070707071 0.02240776939034345 -0.0009783443400588894
885 0.2070707070707071 0.02372491613177153 -0.001035852208738513
886 0.2121212121212121 0.002437535213988339 -0.0001064250858154326
887 0.2121212121212121 0.004753193665179055 -0.0002075289172484839
888 0.2121212121212121 0.006953069193841202 -0.0003035775571112347
889 0.2121212121212121 0.009042950946815379 -0.0003948237650133813
890 0.2121212121212121 0.01102833861303958 -0.0004815076625596603
891 0.2121212121212121 0.01291445689184406 -0.0005638573650492435
892 0.2121212121212121 0.01470626925084891 -0.0006420895821585205
893 0.2121212121212121 0.01640849099318414 -0.0007164101884682471
894 0.2121212121212121 0.01802560165052579 -0.0007870147645551873
895 0.2121212121212121 0.01956185677415449 -0.0008540891118008491
896 0.2121212121212121 0.02102129913903274 -0.0009178097415720622
897 0.2121212121212121 0.02240776939033601 -0.0009783443400585646
898 0.2121212121212121 0.02372491613176799 -0.001035852208738359
899 0.2171717171717172 0.002437535213903302 -0.0001064250858117198
900 0.2171717171717172 0.004753193665104491 -0.0002075289172452283
901 0.2171717171717172 0.006953069193776265 -0.0003035775571083995
902 0.2171717171717172 0.009042950946759299 -0.0003948237650109328
903 0.2171717171717172 0.01102833861299163 -0.0004815076625575667
904 0.2171717171717172 0.01291445689180357 -0.0005638573650474756
905 0.2171717171717171 0.01470626925081525 -0.000642089582157051
906 0.2171717171717171 0.01640849099315674 -0.0007164101884670506
907 0.2171717171717171 0.01802560165050409 -0.00078701476455424
908 0.2171717171717171 0.019561856774138 -0.0008540891118001292
909 0.2171717171717171 0.021021299139021 -0.0009178097415715493
910 0.2171717171717171 0.02240776939032856 -0.0009783443400582395
911 0.2171717171717171 0.02372491613176446 -0.001035852208738205
912 0.2222222222222223 0.002437535213818271 -0.0001064250858080073
913 0.2222222222222222 0.004753193665029923 -0.0002075289172419727
914 0.2222222222222222 0.006953069193711333 -0.0003035775571055645
915 0.2222222222222222 0.009042950946703217 -0.0003948237650084843
916 0.2222222222222222 0.01102833861294368 -0.0004815076625554732
917 0.2222222222222222 0.01291445689176308 -0.0005638573650457078
918 0.2222222222222222 0.01470626925078159 -0.0006420895821555814
919 0.2222222222222222 0.01640849099312933 -0.0007164101884658539
920 0.2222222222222222 0.0180256016504824 -0.0007870147645532927
921 0.2222222222222222 0.01956185677412151 -0.0008540891117994092
922 0.2222222222222222 0.02102129913900924 -0.0009178097415710362
923 0.2222222222222222 0.02240776939032112 -0.0009783443400579147
924 0.2222222222222222 0.02372491613176092 -0.001035852208738051
925 0.2272727272727273 0.002437535213733239 -0.0001064250858042947
926 0.2272727272727273 0.004753193664955354 -0.0002075289172387169
927 0.2272727272727273 0.006953069193646397 -0.0003035775571027293
928 0.2272727272727273 0.009042950946647135 -0.0003948237650060357
929 0.2272727272727273 0.01102833861289573 -0.0004815076625533797
930 0.2272727272727273 0.01291445689172258 -0.0005638573650439398
931 0.2272727272727273 0.01470626925074793 -0.0006420895821541119
932 0.2272727272727272 0.01640849099310192 -0.0007164101884646573
933 0.2272727272727273 0.0180256016504607 -0.0007870147645523454
934 0.2272727272727272 0.01956185677410502 -0.0008540891117986892
935 0.2272727272727273 0.02102129913899749 -0.0009178097415705233
936 0.2272727272727273 0.02240776939031369 -0.0009783443400575899
937 0.2272727272727272 0.02372491613175739 -0.001035852208737896
938 0.2323232323232323 0.002437535213648203 -0.000106425085800582
939 0.2323232323232323 0.004753193664880787 -0.0002075289172354612
940 0.2323232323232323 0.00695306919358146 -0.0003035775570998941
941 0.2323232323232323 0.009042950946591055 -0.0003948237650035872
942 0.2323232323232323 0.01102833861284778 -0.0004815076625512861
943 0.2323232323232323 0.01291445689168209 -0.000563857365042172
944 0.2323232323232323 0.01470626925071427 -0.0006420895821526424
945 0.2323232323232323 0.01640849099307451 -0.0007164101884634607
946 0.2323232323232323 0.018025601650439 -0.000787014764551398
947 0.2323232323232323 0.01956185677408853 -0.0008540891117979693
948 0.2323232323232323 0.02102129913898575 -0.0009178097415700104
949 0.2323232323232323 0.02240776939030624 -0.0009783443400572648
950 0.2323232323232323 0.02372491613175386 -0.001035852208737742
951 0.2373737373737374 0.002437535213563173 -0.0001064250857968695
952 0.2373737373737374 0.004753193664806219 -0.0002075289172322056
953 0.2373737373737374 0.006953069193516524 -0.0003035775570970589
954 0.2373737373737374 0.009042950946534975 -0.0003948237650011386
955 0.2373737373737374 0.01102833861279984 -0.0004815076625491928
956 0.2373737373737374 0.01291445689164161 -0.0005638573650404042
957 0.2373737373737373 0.01470626925068062 -0.0006420895821511727
958 0.2373737373737374 0.0164084909930471 -0.000716410188462264
959 0.2373737373737374 0.01802560165041731 -0.0007870147645504507
960 0.2373737373737373 0.01956185677407204 -0.0008540891117972492
961 0.2373737373737373 0.021021299138974 -0.0009178097415694973
962 0.2373737373737374 0.0224077693902988 -0.0009783443400569402
963 0.2373737373737374 0.02372491613175032 -0.001035852208737588
964 0.2424242424242424 0.002437535213478139 -0.0001064250857931568
965 0.2424242424242424 0.004753193664731652 -0.0002075289172289499
966 0.2424242424242424 0.006953069193451587 -0.0003035775570942237
967 0.2424242424242424 0.009042950946478893 -0.0003948237649986901
968 0.2424242424242424 0.01102833861275189 -0.0004815076625470993
969 0.2424242424242424 0.01291445689160111 -0.0005638573650386363
970 0.2424242424242424 0.01470626925064696 -0.0006420895821497033
971 0.2424242424242424 0.0164084909930197 -0.0007164101884610673
972 0.2424242424242424 0.01802560165039561 -0.0007870147645495034
973 0.2424242424242424 0.01956185677405555 -0.0008540891117965292
974 0.2424242424242424 0.02102129913896224 -0.0009178097415689843
975 0.2424242424242424 0.02240776939029136 -0.0009783443400566152
976 0.2424242424242424 0.02372491613174679 -0.001035852208737433
977 0.2474747474747475 0.002437535213393108 -0.0001064250857894442
978 0.2474747474747475 0.004753193664657085 -0.0002075289172256942
979 0.2474747474747475 0.006953069193386651 -0.0003035775570913886
980 0.2474747474747475 0.009042950946422814 -0.0003948237649962416
981 0.2474747474747475 0.01102833861270394 -0.0004815076625450058
982 0.2474747474747475 0.01291445689156062 -0.0005638573650368684
983 0.2474747474747475 0.0147062692506133 -0.0006420895821482337
984 0.2474747474747474 0.01640849099299229 -0.0007164101884598708
985 0.2474747474747475 0.01802560165037391 -0.000787014764548556
986 0.2474747474747475 0.01956185677403906 -0.0008540891117958093
987 0.2474747474747475 0.0210212991389505 -0.0009178097415684715
988 0.2474747474747475 0.02240776939028392 -0.0009783443400562903
989 0.2474747474747475 0.02372491613174325 -0.001035852208737279
990 0.2525252525252525 0.002437535213308074 -0.0001064250857857316
991 0.2525252525252525 0.004753193664582521 -0.0002075289172224387
992 0.2525252525252525 0.006953069193321716 -0.0003035775570885534
993 0.2525252525252525 0.009042950946366731 -0.000394823764993793
994 0.2525252525252525 0.01102833861265599 -0.0004815076625429122
995 0.2525252525252525 0.01291445689152013 -0.0005638573650351006
996 0.2525252525252525 0.01470626925057964 -0.0006420895821467642
997 0.2525252525252525 0.01640849099296489 -0.0007164101884586742
998 0.2525252525252525 0.01802560165035221 -0.0007870147645476088
999 0.2525252525252525 0.01956185677402257 -0.0008540891117950894
1000 0.2525252525252525 0.02102129913893875 -0.0009178097415679584
1001 0.2525252525252525 0.02240776939027648 -0.0009783443400559655
1002 0.2525252525252525 0.02372491613173972 -0.001035852208737125
1003 0.2575757575757576 0.002437535213223039 -0.0001064250857820189
1004 0.2575757575757576 0.004753193664507947 -0.0002075289172191827
1005 0.2575757575757576 0.006953069193256779 -0.0003035775570857182
1006 0.2575757575757576 0.009042950946310651 -0.0003948237649913444
1007 0.2575757575757576 0.01102833861260804 -0.0004815076625408187
1008 0.2575757575757576 0.01291445689147964 -0.0005638573650333327
1009 0.2575757575757576 0.01470626925054598 -0.0006420895821452946
1010 0.2575757575757576 0.01640849099293748 -0.0007164101884574775
1011 0.2575757575757576 0.01802560165033051 -0.0007870147645466614
1012 0.2575757575757576 0.01956185677400608 -0.0008540891117943693
1013 0.2575757575757576 0.021021299138927 -0.0009178097415674454
1014 0.2575757575757576 0.02240776939026903 -0.0009783443400556405
1015 0.2575757575757576 0.02372491613173618 -0.00103585220873697
1016 0.2626262626262627 0.00243753521313801 -0.0001064250857783064
1017 0.2626262626262627 0.004753193664433383 -0.0002075289172159272
1018 0.2626262626262627 0.006953069193191844 -0.0003035775570828831
1019 0.2626262626262626 0.00904295094625457 -0.0003948237649888959
1020 0.2626262626262627 0.01102833861256009 -0.0004815076625387252
1021 0.2626262626262627 0.01291445689143915 -0.0005638573650315648
1022 0.2626262626262626 0.01470626925051233 -0.0006420895821438251
1023 0.2626262626262626 0.01640849099291007 -0.000716410188456281
1024 0.2626262626262626 0.01802560165030882 -0.0007870147645457141
1025 0.2626262626262626 0.01956185677398959 -0.0008540891117936495
1026 0.2626262626262626 0.02102129913891525 -0.0009178097415669325
1027 0.2626262626262626 0.02240776939026159 -0.0009783443400553156
1028 0.2626262626262626 0.02372491613173264 -0.001035852208736816
1029 0.2676767676767677 0.002437535213052974 -0.0001064250857745937
1030 0.2676767676767677 0.004753193664358815 -0.0002075289172126714
1031 0.2676767676767677 0.006953069193126908 -0.0003035775570800479
1032 0.2676767676767677 0.009042950946198489 -0.0003948237649864473
1033 0.2676767676767677 0.01102833861251214 -0.0004815076625366317
1034 0.2676767676767677 0.01291445689139866 -0.000563857365029797
1035 0.2676767676767677 0.01470626925047867 -0.0006420895821423556
1036 0.2676767676767676 0.01640849099288266 -0.0007164101884550843
1037 0.2676767676767676 0.01802560165028712 -0.0007870147645447668
1038 0.2676767676767677 0.0195618567739731 -0.0008540891117929294
1039 0.2676767676767677 0.0210212991389035 -0.0009178097415664195
1040 0.2676767676767677 0.02240776939025415 -0.0009783443400549906
1041 0.2676767676767676 0.02372491613172911 -0.001035852208736662
1042 0.2727272727272728 0.002437535212967943 -0.0001064250857708811
1043 0.2727272727272728 0.004753193664284249 -0.0002075289172094158
1044 0.2727272727272728 0.006953069193061971 -0.0003035775570772127
1045 0.2727272727272728 0.009042950946142407 -0.0003948237649839988
1046 0.2727272727272727 0.01102833861246419 -0.0004815076625345382
1047 0.2727272727272728 0.01291445689135817 -0.0005638573650280291
1048 0.2727272727272728 0.01470626925044501 -0.000642089582140886
1049 0.2727272727272727 0.01640849099285525 -0.0007164101884538877
1050 0.2727272727272727 0.01802560165026543 -0.0007870147645438195
1051 0.2727272727272727 0.01956185677395661 -0.0008540891117922094
1052 0.2727272727272727 0.02102129913889175 -0.0009178097415659065
1053 0.2727272727272727 0.02240776939024671 -0.0009783443400546658
1054 0.2727272727272727 0.02372491613172558 -0.001035852208736507
1055 0.2777777777777778 0.002437535212882912 -0.0001064250857671686
1056 0.2777777777777778 0.004753193664209679 -0.00020752891720616
1057 0.2777777777777778 0.006953069192997037 -0.0003035775570743776
1058 0.2777777777777778 0.009042950946086327 -0.0003948237649815502
1059 0.2777777777777778 0.01102833861241624 -0.0004815076625324446
1060 0.2777777777777778 0.01291445689131768 -0.0005638573650262612
1061 0.2777777777777777 0.01470626925041135 -0.0006420895821394165
1062 0.2777777777777778 0.01640849099282785 -0.0007164101884526911
1063 0.2777777777777778 0.01802560165024373 -0.0007870147645428721
1064 0.2777777777777777 0.01956185677394012 -0.0008540891117914895
1065 0.2777777777777778 0.02102129913888 -0.0009178097415653936
1066 0.2777777777777778 0.02240776939023927 -0.0009783443400543409
1067 0.2777777777777778 0.02372491613172205 -0.001035852208736353
1068 0.2828282828282829 0.002437535212797874 -0.0001064250857634558
1069 0.2828282828282829 0.004753193664135117 -0.0002075289172029046
1070 0.2828282828282829 0.0069530691929321 -0.0003035775570715425
1071 0.2828282828282828 0.009042950946030245 -0.0003948237649791016
1072 0.2828282828282829 0.01102833861236829 -0.0004815076625303512
1073 0.2828282828282828 0.01291445689127719 -0.0005638573650244933
1074 0.2828282828282828 0.0147062692503777 -0.000642089582137947
1075 0.2828282828282828 0.01640849099280044 -0.0007164101884514944
1076 0.2828282828282828 0.01802560165022203 -0.0007870147645419248
1077 0.2828282828282828 0.01956185677392363 -0.0008540891117907695
1078 0.2828282828282828 0.02102129913886825 -0.0009178097415648806
1079 0.2828282828282828 0.02240776939023183 -0.0009783443400540161
1080 0.2828282828282828 0.02372491613171851 -0.001035852208736199
1081 0.2878787878787879 0.002437535212712845 -0.0001064250857597433
1082 0.2878787878787879 0.004753193664060544 -0.0002075289171996487
1083 0.2878787878787879 0.006953069192867164 -0.0003035775570687073
1084 0.2878787878787879 0.009042950945974165 -0.0003948237649766531
1085 0.2878787878787879 0.01102833861232034 -0.0004815076625282576
1086 0.2878787878787879 0.0129144568912367 -0.0005638573650227256
1087 0.2878787878787879 0.01470626925034404 -0.0006420895821364775
1088 0.2878787878787878 0.01640849099277304 -0.0007164101884502978
1089 0.2878787878787878 0.01802560165020033 -0.0007870147645409776
1090 0.2878787878787878 0.01956185677390714 -0.0008540891117900496
1091 0.2878787878787879 0.0210212991388565 -0.0009178097415643675
1092 0.2878787878787879 0.02240776939022439 -0.0009783443400536913
1093 0.2878787878787879 0.02372491613171498 -0.001035852208736044
1094 0.2929292929292929 0.002437535212627811 -0.0001064250857560306
1095 0.2929292929292929 0.004753193663985977 -0.000207528917196393
1096 0.2929292929292929 0.006953069192802227 -0.0003035775570658721
1097 0.2929292929292929 0.009042950945918084 -0.0003948237649742046
1098 0.2929292929292929 0.01102833861227239 -0.0004815076625261641
1099 0.2929292929292929 0.0129144568911962 -0.0005638573650209577
1100 0.2929292929292929 0.01470626925031038 -0.0006420895821350079
1101 0.2929292929292929 0.01640849099274563 -0.0007164101884491012
1102 0.2929292929292929 0.01802560165017864 -0.0007870147645400303
1103 0.2929292929292929 0.01956185677389065 -0.0008540891117893297
1104 0.2929292929292929 0.02102129913884476 -0.0009178097415638547
1105 0.2929292929292929 0.02240776939021695 -0.0009783443400533662
1106 0.2929292929292929 0.02372491613171144 -0.00103585220873589
1107 0.297979797979798 0.00243753521254278 -0.0001064250857523182
1108 0.297979797979798 0.00475319366391141 -0.0002075289171931373
1109 0.297979797979798 0.006953069192737294 -0.0003035775570630371
1110 0.297979797979798 0.009042950945862003 -0.000394823764971756
1111 0.297979797979798 0.01102833861222444 -0.0004815076625240705
1112 0.297979797979798 0.01291445689115571 -0.0005638573650191899
1113 0.297979797979798 0.01470626925027672 -0.0006420895821335384
1114 0.297979797979798 0.01640849099271822 -0.0007164101884479045
1115 0.297979797979798 0.01802560165015694 -0.0007870147645390828
1116 0.297979797979798 0.01956185677387416 -0.0008540891117886096
1117 0.297979797979798 0.02102129913883301 -0.0009178097415633417
1118 0.297979797979798 0.02240776939020951 -0.0009783443400530414
1119 0.297979797979798 0.02372491613170791 -0.001035852208735736
1120 0.303030303030303 0.002437535212457747 -0.0001064250857486055
1121 0.303030303030303 0.004753193663836842 -0.0002075289171898817
1122 0.303030303030303 0.006953069192672356 -0.0003035775570602018
1123 0.303030303030303 0.009042950945805921 -0.0003948237649693074
1124 0.303030303030303 0.01102833861217649 -0.000481507662521977
1125 0.303030303030303 0.01291445689111522 -0.000563857365017422
1126 0.303030303030303 0.01470626925024306 -0.0006420895821320689
1127 0.303030303030303 0.01640849099269081 -0.0007164101884467079
1128 0.303030303030303 0.01802560165013524 -0.0007870147645381355
1129 0.303030303030303 0.01956185677385767 -0.0008540891117878896
1130 0.303030303030303 0.02102129913882126 -0.0009178097415628288
1131 0.303030303030303 0.02240776939020207 -0.0009783443400527168
1132 0.303030303030303 0.02372491613170437 -0.001035852208735581
1133 0.3080808080808081 0.002437535212372714 -0.0001064250857448929
1134 0.3080808080808081 0.004753193663762275 -0.000207528917186626
1135 0.3080808080808081 0.006953069192607422 -0.0003035775570573667
1136 0.3080808080808081 0.009042950945749841 -0.0003948237649668589
1137 0.3080808080808081 0.01102833861212855 -0.0004815076625198836
1138 0.3080808080808081 0.01291445689107473 -0.0005638573650156542
1139 0.3080808080808081 0.01470626925020941 -0.0006420895821305994
1140 0.3080808080808081 0.01640849099266341 -0.0007164101884455114
1141 0.3080808080808081 0.01802560165011354 -0.0007870147645371883
1142 0.3080808080808081 0.01956185677384118 -0.0008540891117871697
1143 0.3080808080808081 0.02102129913880951 -0.0009178097415623158
1144 0.3080808080808081 0.02240776939019462 -0.0009783443400523915
1145 0.3080808080808081 0.02372491613170084 -0.001035852208735427
1146 0.3131313131313131 0.00243753521228768 -0.0001064250857411802
1147 0.3131313131313131 0.004753193663687708 -0.0002075289171833703
1148 0.3131313131313131 0.006953069192542485 -0.0003035775570545315
1149 0.3131313131313131 0.009042950945693757 -0.0003948237649644103
1150 0.3131313131313131 0.0110283386120806 -0.00048150766251779
1151 0.3131313131313131 0.01291445689103424 -0.0005638573650138863
1152 0.3131313131313131 0.01470626925017575 -0.0006420895821291298
1153 0.3131313131313131 0.016408490992636 -0.0007164101884443147
1154 0.3131313131313131 0.01802560165009184 -0.0007870147645362409
1155 0.3131313131313131 0.01956185677382469 -0.0008540891117864498
1156 0.3131313131313131 0.02102129913879776 -0.0009178097415618027
1157 0.3131313131313131 0.02240776939018719 -0.0009783443400520667
1158 0.3131313131313131 0.0237249161316973 -0.001035852208735273
1159 0.3181818181818182 0.002437535212202649 -0.0001064250857374677
1160 0.3181818181818182 0.004753193663613142 -0.0002075289171801147
1161 0.3181818181818182 0.00695306919247755 -0.0003035775570516964
1162 0.3181818181818182 0.009042950945637677 -0.0003948237649619618
1163 0.3181818181818182 0.01102833861203265 -0.0004815076625156966
1164 0.3181818181818182 0.01291445689099375 -0.0005638573650121185
1165 0.3181818181818182 0.01470626925014209 -0.0006420895821276602
1166 0.3181818181818182 0.01640849099260859 -0.0007164101884431181
1167 0.3181818181818182 0.01802560165007015 -0.0007870147645352936
1168 0.3181818181818182 0.0195618567738082 -0.0008540891117857298
1169 0.3181818181818182 0.02102129913878601 -0.0009178097415612897
1170 0.3181818181818181 0.02240776939017974 -0.0009783443400517419
1171 0.3181818181818182 0.02372491613169377 -0.001035852208735118
1172 0.3232323232323233 0.002437535212117616 -0.0001064250857337551
1173 0.3232323232323233 0.004753193663538575 -0.000207528917176859
1174 0.3232323232323233 0.006953069192412614 -0.0003035775570488612
1175 0.3232323232323233 0.009042950945581597 -0.0003948237649595133
1176 0.3232323232323233 0.0110283386119847 -0.0004815076625136029
1177 0.3232323232323233 0.01291445689095326 -0.0005638573650103505
1178 0.3232323232323232 0.01470626925010843 -0.0006420895821261907
1179 0.3232323232323233 0.01640849099258119 -0.0007164101884419215
1180 0.3232323232323232 0.01802560165004845 -0.0007870147645343463
1181 0.3232323232323232 0.01956185677379171 -0.0008540891117850098
1182 0.3232323232323232 0.02102129913877426 -0.0009178097415607769
1183 0.3232323232323232 0.0224077693901723 -0.0009783443400514171
1184 0.3232323232323232 0.02372491613169023 -0.001035852208734964
1185 0.3282828282828283 0.002437535212032584 -0.0001064250857300424
1186 0.3282828282828283 0.004753193663464007 -0.0002075289171736033
1187 0.3282828282828283 0.006953069192347677 -0.000303577557046026
1188 0.3282828282828283 0.009042950945525515 -0.0003948237649570647
1189 0.3282828282828283 0.01102833861193675 -0.0004815076625115095
1190 0.3282828282828283 0.01291445689091277 -0.0005638573650085826
1191 0.3282828282828283 0.01470626925007477 -0.0006420895821247211
1192 0.3282828282828283 0.01640849099255378 -0.0007164101884407248
1193 0.3282828282828283 0.01802560165002676 -0.000787014764533399
1194 0.3282828282828283 0.01956185677377522 -0.0008540891117842899
1195 0.3282828282828283 0.02102129913876251 -0.0009178097415602638
1196 0.3282828282828283 0.02240776939016486 -0.000978344340051092
1197 0.3282828282828283 0.0237249161316867 -0.00103585220873481
1198 0.3333333333333334 0.002437535211947549 -0.0001064250857263298
1199 0.3333333333333334 0.004753193663389441 -0.0002075289171703477
1200 0.3333333333333334 0.006953069192282742 -0.0003035775570431908
1201 0.3333333333333334 0.009042950945469433 -0.0003948237649546161
1202 0.3333333333333334 0.0110283386118888 -0.000481507662509416
1203 0.3333333333333334 0.01291445689087228 -0.0005638573650068148
1204 0.3333333333333334 0.01470626925004112 -0.0006420895821232517
1205 0.3333333333333334 0.01640849099252637 -0.0007164101884395283
1206 0.3333333333333334 0.01802560165000506 -0.0007870147645324516
1207 0.3333333333333333 0.01956185677375873 -0.0008540891117835699
1208 0.3333333333333333 0.02102129913875077 -0.000917809741559751
1209 0.3333333333333333 0.02240776939015742 -0.0009783443400507672
1210 0.3333333333333333 0.02372491613168316 -0.001035852208734656
1211 0.3383838383838384 0.002437535211862515 -0.0001064250857226171
1212 0.3383838383838385 0.004753193663314873 -0.000207528917167092
1213 0.3383838383838384 0.006953069192217803 -0.0003035775570403556
1214 0.3383838383838384 0.009042950945413354 -0.0003948237649521677
1215 0.3383838383838384 0.01102833861184085 -0.0004815076625073225
1216 0.3383838383838383 0.01291445689083179 -0.000563857365005047
1217 0.3383838383838384 0.01470626925000746 -0.0006420895821217822
1218 0.3383838383838384 0.01640849099249896 -0.0007164101884383316
1219 0.3383838383838385 0.01802560164998336 -0.0007870147645315043
1220 0.3383838383838384 0.01956185677374224 -0.0008540891117828498
1221 0.3383838383838384 0.02102129913873901 -0.000917809741559238
1222 0.3383838383838383 0.02240776939014998 -0.0009783443400504424
1223 0.3383838383838384 0.02372491613167963 -0.001035852208734501
1224 0.3434343434343435 0.002437535211777484 -0.0001064250857189046
1225 0.3434343434343435 0.004753193663240302 -0.0002075289171638362
1226 0.3434343434343435 0.006953069192152868 -0.0003035775570375205
1227 0.3434343434343435 0.009042950945357273 -0.000394823764949719
1228 0.3434343434343434 0.0110283386117929 -0.0004815076625052291
1229 0.3434343434343434 0.0129144568907913 -0.0005638573650032791
1230 0.3434343434343435 0.0147062692499738 -0.0006420895821203125
1231 0.3434343434343435 0.01640849099247155 -0.0007164101884371349
1232 0.3434343434343435 0.01802560164996166 -0.0007870147645305571
1233 0.3434343434343434 0.01956185677372575 -0.0008540891117821299
1234 0.3434343434343435 0.02102129913872727 -0.0009178097415587249
1235 0.3434343434343434 0.02240776939014254 -0.0009783443400501173
1236 0.3434343434343434 0.0237249161316761 -0.001035852208734347
1237 0.3484848484848485 0.002437535211692449 -0.0001064250857151919
1238 0.3484848484848485 0.004753193663165739 -0.0002075289171605806
1239 0.3484848484848485 0.006953069192087935 -0.0003035775570346854
1240 0.3484848484848485 0.009042950945301192 -0.0003948237649472705
1241 0.3484848484848485 0.01102833861174495 -0.0004815076625031354
1242 0.3484848484848485 0.01291445689075081 -0.0005638573650015112
1243 0.3484848484848485 0.01470626924994014 -0.000642089582118843
1244 0.3484848484848485 0.01640849099244415 -0.0007164101884359383
1245 0.3484848484848485 0.01802560164993997 -0.0007870147645296097
1246 0.3484848484848485 0.01956185677370926 -0.0008540891117814099
1247 0.3484848484848485 0.02102129913871552 -0.0009178097415582119
1248 0.3484848484848485 0.0224077693901351 -0.0009783443400497925
1249 0.3484848484848485 0.02372491613167256 -0.001035852208734193
1250 0.3535353535353536 0.002437535211607418 -0.0001064250857114794
1251 0.3535353535353536 0.004753193663091168 -0.0002075289171573248
1252 0.3535353535353536 0.006953069192022997 -0.0003035775570318502
1253 0.3535353535353536 0.009042950945245112 -0.000394823764944822
1254 0.3535353535353536 0.011028338611697 -0.000481507662501042
1255 0.3535353535353536 0.01291445689071032 -0.0005638573649997434
1256 0.3535353535353536 0.01470626924990649 -0.0006420895821173735
1257 0.3535353535353536 0.01640849099241674 -0.0007164101884347417
1258 0.3535353535353536 0.01802560164991827 -0.0007870147645286624
1259 0.3535353535353535 0.01956185677369277 -0.0008540891117806901
1260 0.3535353535353535 0.02102129913870377 -0.000917809741557699
1261 0.3535353535353535 0.02240776939012766 -0.0009783443400494677
1262 0.3535353535353535 0.02372491613166903 -0.001035852208734038
1263 0.3585858585858586 0.002437535211522388 -0.0001064250857077668
1264 0.3585858585858586 0.004753193663016604 -0.0002075289171540693
1265 0.3585858585858587 0.006953069191958062 -0.0003035775570290151
1266 0.3585858585858586 0.009042950945189029 -0.0003948237649423733
1267 0.3585858585858586 0.01102833861164905 -0.0004815076624989485
1268 0.3585858585858586 0.01291445689066983 -0.0005638573649979755
1269 0.3585858585858586 0.01470626924987283 -0.000642089582115904
1270 0.3585858585858586 0.01640849099238934 -0.000716410188433545
1271 0.3585858585858586 0.01802560164989657 -0.0007870147645277151
1272 0.3585858585858586 0.01956185677367628 -0.00085408911177997
1273 0.3585858585858586 0.02102129913869202 -0.000917809741557186
1274 0.3585858585858586 0.02240776939012021 -0.0009783443400491428
1275 0.3585858585858586 0.0237249161316655 -0.001035852208733884
1276 0.3636363636363636 0.002437535211437351 -0.000106425085704054
1277 0.3636363636363636 0.004753193662942034 -0.0002075289171508135
1278 0.3636363636363636 0.006953069191893126 -0.0003035775570261799
1279 0.3636363636363636 0.009042950945132947 -0.0003948237649399248
1280 0.3636363636363636 0.01102833861160111 -0.000481507662496855
1281 0.3636363636363636 0.01291445689062934 -0.0005638573649962076
1282 0.3636363636363636 0.01470626924983917 -0.0006420895821144345
1283 0.3636363636363636 0.01640849099236193 -0.0007164101884323485
1284 0.3636363636363636 0.01802560164987487 -0.0007870147645267677
1285 0.3636363636363636 0.01956185677365979 -0.0008540891117792501
1286 0.3636363636363636 0.02102129913868027 -0.0009178097415566732
1287 0.3636363636363636 0.02240776939011278 -0.000978344340048818
1288 0.3636363636363636 0.02372491613166196 -0.00103585220873373
1289 0.3686868686868687 0.002437535211352319 -0.0001064250857003415
1290 0.3686868686868687 0.004753193662867467 -0.0002075289171475578
1291 0.3686868686868687 0.006953069191828188 -0.0003035775570233446
1292 0.3686868686868687 0.009042950945076867 -0.0003948237649374762
1293 0.3686868686868687 0.01102833861155316 -0.0004815076624947615
1294 0.3686868686868687 0.01291445689058885 -0.0005638573649944397
1295 0.3686868686868687 0.01470626924980551 -0.0006420895821129649
1296 0.3686868686868687 0.01640849099233452 -0.0007164101884311519
1297 0.3686868686868687 0.01802560164985318 -0.0007870147645258204
1298 0.3686868686868687 0.0195618567736433 -0.0008540891117785302
1299 0.3686868686868687 0.02102129913866852 -0.0009178097415561601
1300 0.3686868686868686 0.02240776939010533 -0.000978344340048493
1301 0.3686868686868687 0.02372491613165843 -0.001035852208733575
1302 0.3737373737373737 0.002437535211267286 -0.0001064250856966288
1303 0.3737373737373738 0.004753193662792901 -0.0002075289171443022
1304 0.3737373737373738 0.006953069191763253 -0.0003035775570205095
1305 0.3737373737373738 0.009042950945020785 -0.0003948237649350277
1306 0.3737373737373738 0.01102833861150521 -0.000481507662492668
1307 0.3737373737373737 0.01291445689054836 -0.0005638573649926719
1308 0.3737373737373738 0.01470626924977185 -0.0006420895821114954
1309 0.3737373737373738 0.01640849099230711 -0.0007164101884299552
1310 0.3737373737373738 0.01802560164983148 -0.000787014764524873
1311 0.3737373737373738 0.01956185677362681 -0.0008540891117778101
1312 0.3737373737373738 0.02102129913865677 -0.0009178097415556471
1313 0.3737373737373738 0.02240776939009789 -0.0009783443400481681
1314 0.3737373737373737 0.02372491613165489 -0.001035852208733421
1315 0.3787878787878788 0.002437535211182255 -0.0001064250856929163
1316 0.3787878787878788 0.004753193662718333 -0.0002075289171410464
1317 0.3787878787878788 0.006953069191698318 -0.0003035775570176744
1318 0.3787878787878788 0.009042950944964705 -0.0003948237649325791
1319 0.3787878787878788 0.01102833861145726 -0.0004815076624905745
1320 0.3787878787878788 0.01291445689050786 -0.000563857364990904
1321 0.3787878787878788 0.0147062692497382 -0.000642089582110026
1322 0.3787878787878788 0.01640849099227971 -0.0007164101884287587
1323 0.3787878787878788 0.01802560164980978 -0.0007870147645239258
1324 0.3787878787878788 0.01956185677361032 -0.0008540891117770901
1325 0.3787878787878788 0.02102129913864502 -0.000917809741555134
1326 0.3787878787878788 0.02240776939009045 -0.0009783443400478433
1327 0.3787878787878788 0.02372491613165136 -0.001035852208733267
1328 0.3838383838383839 0.002437535211097222 -0.0001064250856892037
1329 0.3838383838383839 0.004753193662643766 -0.0002075289171377907
1330 0.3838383838383839 0.006953069191633383 -0.0003035775570148392
1331 0.3838383838383839 0.009042950944908623 -0.0003948237649301306
1332 0.3838383838383838 0.01102833861140931 -0.000481507662488481
1333 0.3838383838383839 0.01291445689046737 -0.0005638573649891362
1334 0.3838383838383839 0.01470626924970454 -0.0006420895821085563
1335 0.3838383838383838 0.0164084909922523 -0.0007164101884275621
1336 0.3838383838383838 0.01802560164978809 -0.0007870147645229784
1337 0.3838383838383838 0.01956185677359383 -0.0008540891117763702
1338 0.3838383838383838 0.02102129913863328 -0.0009178097415546212
1339 0.3838383838383838 0.02240776939008301 -0.0009783443400475183
1340 0.3838383838383838 0.02372491613164782 -0.001035852208733112
1341 0.3888888888888889 0.002437535211012188 -0.000106425085685491
1342 0.3888888888888889 0.0047531936625692 -0.0002075289171345352
1343 0.3888888888888889 0.006953069191568446 -0.000303577557012004
1344 0.3888888888888889 0.009042950944852543 -0.0003948237649276821
1345 0.388888888888889 0.01102833861136136 -0.0004815076624863874
1346 0.388888888888889 0.01291445689042688 -0.0005638573649873683
1347 0.3888888888888888 0.01470626924967088 -0.0006420895821070868
1348 0.3888888888888889 0.01640849099222489 -0.0007164101884263654
1349 0.3888888888888889 0.01802560164976639 -0.0007870147645220311
1350 0.3888888888888888 0.01956185677357734 -0.0008540891117756502
1351 0.3888888888888889 0.02102129913862152 -0.0009178097415541082
1352 0.3888888888888888 0.02240776939007557 -0.0009783443400471934
1353 0.3888888888888888 0.02372491613164429 -0.001035852208732958
1354 0.393939393939394 0.002437535210927157 -0.0001064250856817785
1355 0.393939393939394 0.004753193662494633 -0.0002075289171312795
1356 0.3939393939393939 0.006953069191503512 -0.0003035775570091689
1357 0.3939393939393939 0.009042950944796461 -0.0003948237649252335
1358 0.3939393939393939 0.01102833861131341 -0.000481507662484294
1359 0.393939393939394 0.01291445689038639 -0.0005638573649856004
1360 0.3939393939393939 0.01470626924963722 -0.0006420895821056173
1361 0.3939393939393939 0.01640849099219748 -0.0007164101884251687
1362 0.3939393939393939 0.01802560164974469 -0.0007870147645210838
1363 0.3939393939393939 0.01956185677356085 -0.0008540891117749303
1364 0.3939393939393939 0.02102129913860978 -0.0009178097415535953
1365 0.3939393939393939 0.02240776939006812 -0.0009783443400468684
1366 0.3939393939393939 0.02372491613164075 -0.001035852208732804
1367 0.398989898989899 0.002437535210842119 -0.0001064250856780657
1368 0.398989898989899 0.004753193662420066 -0.0002075289171280239
1369 0.398989898989899 0.006953069191438575 -0.0003035775570063337
1370 0.398989898989899 0.009042950944740379 -0.0003948237649227849
1371 0.398989898989899 0.01102833861126546 -0.0004815076624822003
1372 0.398989898989899 0.0129144568903459 -0.0005638573649838326
1373 0.398989898989899 0.01470626924960356 -0.0006420895821041477
1374 0.398989898989899 0.01640849099217008 -0.0007164101884239721
1375 0.398989898989899 0.01802560164972299 -0.0007870147645201364
1376 0.398989898989899 0.01956185677354436 -0.0008540891117742104
1377 0.398989898989899 0.02102129913859803 -0.0009178097415530823
1378 0.398989898989899 0.02240776939006069 -0.0009783443400465438
1379 0.398989898989899 0.02372491613163722 -0.00103585220873265
1380 0.4040404040404041 0.002437535210757088 -0.0001064250856743531
1381 0.4040404040404041 0.004753193662345495 -0.000207528917124768
1382 0.404040404040404 0.006953069191373638 -0.0003035775570034985
1383 0.4040404040404041 0.009042950944684299 -0.0003948237649203364
1384 0.4040404040404041 0.01102833861121751 -0.0004815076624801069
1385 0.404040404040404 0.01291445689030541 -0.0005638573649820647
1386 0.4040404040404041 0.01470626924956991 -0.0006420895821026781
1387 0.404040404040404 0.01640849099214267 -0.0007164101884227755
1388 0.404040404040404 0.01802560164970129 -0.0007870147645191891
1389 0.404040404040404 0.01956185677352787 -0.0008540891117734902
1390 0.404040404040404 0.02102129913858628 -0.0009178097415525694
1391 0.404040404040404 0.02240776939005324 -0.0009783443400462187
1392 0.4040404040404041 0.02372491613163368 -0.001035852208732495
1393 0.4090909090909091 0.002437535210672059 -0.0001064250856706407
1394 0.4090909090909091 0.004753193662270932 -0.0002075289171215125
1395 0.4090909090909091 0.006953069191308704 -0.0003035775570006634
1396 0.4090909090909091 0.009042950944628217 -0.0003948237649178878
1397 0.4090909090909091 0.01102833861116956 -0.0004815076624780134
1398 0.4090909090909091 0.01291445689026492 -0.0005638573649802968
1399 0.4090909090909091 0.01470626924953625 -0.0006420895821012086
1400 0.4090909090909091 0.01640849099211526 -0.0007164101884215789
1401 0.4090909090909091 0.0180256016496796 -0.0007870147645182418
1402 0.4090909090909091 0.01956185677351138 -0.0008540891117727703
1403 0.4090909090909091 0.02102129913857453 -0.0009178097415520564
1404 0.4090909090909091 0.0224077693900458 -0.0009783443400458939
1405 0.4090909090909091 0.02372491613163015 -0.001035852208732341
1406 0.4141414141414142 0.002437535210587025 -0.000106425085666928
1407 0.4141414141414141 0.00475319366219636 -0.0002075289171182566
1408 0.4141414141414142 0.006953069191243769 -0.0003035775569978284
1409 0.4141414141414142 0.009042950944572137 -0.0003948237649154393
1410 0.4141414141414141 0.01102833861112161 -0.0004815076624759199
1411 0.4141414141414141 0.01291445689022443 -0.000563857364978529
1412 0.4141414141414141 0.01470626924950259 -0.0006420895820997392
1413 0.4141414141414141 0.01640849099208785 -0.0007164101884203823
1414 0.4141414141414141 0.0180256016496579 -0.0007870147645172945
1415 0.4141414141414141 0.01956185677349489 -0.0008540891117720503
1416 0.4141414141414141 0.02102129913856278 -0.0009178097415515434
1417 0.4141414141414141 0.02240776939003836 -0.0009783443400455691
1418 0.4141414141414141 0.02372491613162661 -0.001035852208732186
1419 0.4191919191919192 0.00243753521050199 -0.0001064250856632153
1420 0.4191919191919192 0.004753193662121792 -0.0002075289171150009
1421 0.4191919191919192 0.006953069191178832 -0.0003035775569949932
1422 0.4191919191919192 0.009042950944516057 -0.0003948237649129908
1423 0.4191919191919191 0.01102833861107366 -0.0004815076624738264
1424 0.4191919191919192 0.01291445689018394 -0.0005638573649767611
1425 0.4191919191919192 0.01470626924946893 -0.0006420895820982696
1426 0.4191919191919192 0.01640849099206045 -0.0007164101884191858
1427 0.4191919191919192 0.01802560164963621 -0.0007870147645163473
1428 0.4191919191919192 0.0195618567734784 -0.0008540891117713304
1429 0.4191919191919191 0.02102129913855103 -0.0009178097415510303
1430 0.4191919191919192 0.02240776939003092 -0.000978344340045244
1431 0.4191919191919192 0.02372491613162308 -0.001035852208732032
1432 0.4242424242424243 0.002437535210416959 -0.0001064250856595028
1433 0.4242424242424243 0.004753193662047229 -0.0002075289171117454
1434 0.4242424242424243 0.006953069191113897 -0.000303577556992158
1435 0.4242424242424243 0.009042950944459973 -0.0003948237649105421
1436 0.4242424242424243 0.01102833861102571 -0.0004815076624717328
1437 0.4242424242424243 0.01291445689014345 -0.0005638573649749933
1438 0.4242424242424243 0.01470626924943528 -0.0006420895820968001
1439 0.4242424242424243 0.01640849099203304 -0.000716410188417989
1440 0.4242424242424243 0.01802560164961451 -0.0007870147645153998
1441 0.4242424242424242 0.01956185677346191 -0.0008540891117706105
1442 0.4242424242424242 0.02102129913853928 -0.0009178097415505175
1443 0.4242424242424243 0.02240776939002348 -0.0009783443400449192
1444 0.4242424242424243 0.02372491613161954 -0.001035852208731878
1445 0.4292929292929293 0.002437535210331925 -0.0001064250856557901
1446 0.4292929292929293 0.004753193661972658 -0.0002075289171084896
1447 0.4292929292929293 0.006953069191048961 -0.0003035775569893228
1448 0.4292929292929293 0.009042950944403895 -0.0003948237649080937
1449 0.4292929292929293 0.01102833861097776 -0.0004815076624696393
1450 0.4292929292929293 0.01291445689010296 -0.0005638573649732254
1451 0.4292929292929293 0.01470626924940162 -0.0006420895820953305
1452 0.4292929292929293 0.01640849099200564 -0.0007164101884167925
1453 0.4292929292929293 0.01802560164959281 -0.0007870147645144526
1454 0.4292929292929293 0.01956185677344542 -0.0008540891117698905
1455 0.4292929292929293 0.02102129913852754 -0.0009178097415500045
1456 0.4292929292929293 0.02240776939001604 -0.0009783443400445946
1457 0.4292929292929293 0.02372491613161601 -0.001035852208731724
1458 0.4343434343434343 0.002437535210246894 -0.0001064250856520776
1459 0.4343434343434343 0.004753193661898091 -0.0002075289171052339
1460 0.4343434343434343 0.006953069190984025 -0.0003035775569864876
1461 0.4343434343434344 0.009042950944347813 -0.0003948237649056451
1462 0.4343434343434344 0.01102833861092981 -0.0004815076624675458
1463 0.4343434343434344 0.01291445689006247 -0.0005638573649714575
1464 0.4343434343434343 0.01470626924936796 -0.0006420895820938609
1465 0.4343434343434343 0.01640849099197823 -0.0007164101884155958
1466 0.4343434343434344 0.01802560164957111 -0.0007870147645135052
1467 0.4343434343434344 0.01956185677342893 -0.0008540891117691706
1468 0.4343434343434343 0.02102129913851578 -0.0009178097415494914
1469 0.4343434343434343 0.0224077693900086 -0.0009783443400442696
1470 0.4343434343434344 0.02372491613161248 -0.001035852208731569
1471 0.4393939393939394 0.002437535210161863 -0.000106425085648365
1472 0.4393939393939393 0.004753193661823525 -0.0002075289171019783
1473 0.4393939393939394 0.006953069190919091 -0.0003035775569836526
1474 0.4393939393939393 0.009042950944291731 -0.0003948237649031965
1475 0.4393939393939394 0.01102833861088186 -0.0004815076624654523
1476 0.4393939393939394 0.01291445689002198 -0.0005638573649696897
1477 0.4393939393939393 0.0147062692493343 -0.0006420895820923914
1478 0.4393939393939393 0.01640849099195082 -0.0007164101884143991
1479 0.4393939393939394 0.01802560164954942 -0.0007870147645125579
1480 0.4393939393939394 0.01956185677341244 -0.0008540891117684505
1481 0.4393939393939393 0.02102129913850403 -0.0009178097415489786
1482 0.4393939393939394 0.02240776939000116 -0.0009783443400439447
1483 0.4393939393939394 0.02372491613160894 -0.001035852208731415
1484 0.4444444444444445 0.002437535210076834 -0.0001064250856446526
1485 0.4444444444444444 0.004753193661748955 -0.0002075289170987225
1486 0.4444444444444445 0.006953069190854153 -0.0003035775569808173
1487 0.4444444444444444 0.009042950944235651 -0.000394823764900748
1488 0.4444444444444444 0.01102833861083392 -0.0004815076624633588
1489 0.4444444444444444 0.01291445688998149 -0.0005638573649679218
1490 0.4444444444444444 0.01470626924930064 -0.000642089582090922
1491 0.4444444444444444 0.01640849099192341 -0.0007164101884132026
1492 0.4444444444444444 0.01802560164952772 -0.0007870147645116105
1493 0.4444444444444444 0.01956185677339595 -0.0008540891117677306
1494 0.4444444444444444 0.02102129913849229 -0.0009178097415484655
1495 0.4444444444444444 0.02240776938999371 -0.0009783443400436197
1496 0.4444444444444444 0.02372491613160541 -0.00103585220873126
1497 0.4494949494949496 0.002437535209991798 -0.0001064250856409399
1498 0.4494949494949495 0.00475319366167439 -0.000207528917095467
1499 0.4494949494949495 0.006953069190789218 -0.0003035775569779822
1500 0.4494949494949496 0.009042950944179569 -0.0003948237648982994
1501 0.4494949494949496 0.01102833861078597 -0.0004815076624612653
1502 0.4494949494949495 0.012914456889941 -0.0005638573649661539
1503 0.4494949494949495 0.01470626924926699 -0.0006420895820894524
1504 0.4494949494949496 0.016408490991896 -0.0007164101884120058
1505 0.4494949494949495 0.01802560164950602 -0.0007870147645106633
1506 0.4494949494949495 0.01956185677337946 -0.0008540891117670106
1507 0.4494949494949495 0.02102129913848054 -0.0009178097415479525
1508 0.4494949494949495 0.02240776938998627 -0.0009783443400432949
1509 0.4494949494949495 0.02372491613160187 -0.001035852208731106
1510 0.4545454545454546 0.00243753520990676 -0.000106425085637227
1511 0.4545454545454545 0.004753193661599821 -0.0002075289170922112
1512 0.4545454545454546 0.006953069190724282 -0.0003035775569751471
1513 0.4545454545454545 0.009042950944123489 -0.0003948237648958509
1514 0.4545454545454546 0.01102833861073802 -0.0004815076624591718
1515 0.4545454545454546 0.0129144568899005 -0.0005638573649643862
1516 0.4545454545454546 0.01470626924923333 -0.0006420895820879828
1517 0.4545454545454545 0.0164084909918686 -0.0007164101884108093
1518 0.4545454545454545 0.01802560164948433 -0.000787014764509716
1519 0.4545454545454545 0.01956185677336297 -0.0008540891117662906
1520 0.4545454545454546 0.02102129913846879 -0.0009178097415474397
1521 0.4545454545454545 0.02240776938997883 -0.00097834434004297
1522 0.4545454545454545 0.02372491613159834 -0.001035852208730952
1523 0.4595959595959596 0.002437535209821729 -0.0001064250856335144
1524 0.4595959595959596 0.004753193661525254 -0.0002075289170889555
1525 0.4595959595959596 0.006953069190659342 -0.0003035775569723117
1526 0.4595959595959596 0.009042950944067409 -0.0003948237648934023
1527 0.4595959595959596 0.01102833861069007 -0.0004815076624570783
1528 0.4595959595959596 0.01291445688986001 -0.0005638573649626183
1529 0.4595959595959597 0.01470626924919967 -0.0006420895820865133
1530 0.4595959595959596 0.01640849099184119 -0.0007164101884096127
1531 0.4595959595959596 0.01802560164946263 -0.0007870147645087686
1532 0.4595959595959596 0.01956185677334648 -0.0008540891117655707
1533 0.4595959595959597 0.02102129913845704 -0.0009178097415469266
1534 0.4595959595959597 0.02240776938997139 -0.000978344340042645
1535 0.4595959595959596 0.0237249161315948 -0.001035852208730797
1536 0.4646464646464647 0.002437535209736701 -0.0001064250856298021
1537 0.4646464646464648 0.004753193661450685 -0.0002075289170856998
1538 0.4646464646464647 0.006953069190594409 -0.0003035775569694767
1539 0.4646464646464646 0.009042950944011328 -0.0003948237648909538
1540 0.4646464646464646 0.01102833861064212 -0.0004815076624549848
1541 0.4646464646464647 0.01291445688981952 -0.0005638573649608504
1542 0.4646464646464647 0.01470626924916601 -0.0006420895820850438
1543 0.4646464646464646 0.01640849099181379 -0.000716410188408416
1544 0.4646464646464647 0.01802560164944093 -0.0007870147645078214
1545 0.4646464646464647 0.01956185677332999 -0.0008540891117648507
1546 0.4646464646464646 0.02102129913844529 -0.0009178097415464136
1547 0.4646464646464646 0.02240776938996395 -0.0009783443400423202
1548 0.4646464646464646 0.02372491613159127 -0.001035852208730643
1549 0.4696969696969697 0.002437535209651669 -0.0001064250856260895
1550 0.4696969696969697 0.00475319366137612 -0.0002075289170824442
1551 0.4696969696969697 0.006953069190529472 -0.0003035775569666415
1552 0.4696969696969697 0.009042950943955245 -0.0003948237648885052
1553 0.4696969696969697 0.01102833861059417 -0.0004815076624528913
1554 0.4696969696969696 0.01291445688977903 -0.0005638573649590826
1555 0.4696969696969697 0.01470626924913235 -0.0006420895820835743
1556 0.4696969696969697 0.01640849099178638 -0.0007164101884072195
1557 0.4696969696969697 0.01802560164941923 -0.000787014764506874
1558 0.4696969696969697 0.0195618567733135 -0.0008540891117641308
1559 0.4696969696969697 0.02102129913843354 -0.0009178097415459005
1560 0.4696969696969697 0.02240776938995651 -0.0009783443400419953
1561 0.4696969696969697 0.02372491613158774 -0.001035852208730489
1562 0.4747474747474749 0.002437535209566632 -0.0001064250856223767
1563 0.4747474747474748 0.004753193661301553 -0.0002075289170791885
1564 0.4747474747474748 0.006953069190464537 -0.0003035775569638063
1565 0.4747474747474748 0.009042950943899163 -0.0003948237648860566
1566 0.4747474747474748 0.01102833861054622 -0.0004815076624507977
1567 0.4747474747474747 0.01291445688973854 -0.0005638573649573148
1568 0.4747474747474748 0.0147062692490987 -0.0006420895820821047
1569 0.4747474747474748 0.01640849099175897 -0.0007164101884060229
1570 0.4747474747474748 0.01802560164939754 -0.0007870147645059267
1571 0.4747474747474747 0.01956185677329701 -0.0008540891117634107
1572 0.4747474747474748 0.0210212991384218 -0.0009178097415453877
1573 0.4747474747474747 0.02240776938994907 -0.0009783443400416705
1574 0.4747474747474748 0.0237249161315842 -0.001035852208730335
1575 0.4797979797979798 0.002437535209481598 -0.000106425085618664
1576 0.4797979797979799 0.004753193661226986 -0.0002075289170759328
1577 0.4797979797979798 0.006953069190399602 -0.0003035775569609712
1578 0.4797979797979798 0.009042950943843083 -0.0003948237648836081
1579 0.4797979797979799 0.01102833861049827 -0.0004815076624487042
1580 0.4797979797979798 0.01291445688969805 -0.0005638573649555469
1581 0.4797979797979798 0.01470626924906504 -0.0006420895820806352
1582 0.4797979797979798 0.01640849099173156 -0.0007164101884048263
1583 0.4797979797979798 0.01802560164937584 -0.0007870147645049793
1584 0.4797979797979799 0.01956185677328052 -0.0008540891117626908
1585 0.4797979797979798 0.02102129913841005 -0.0009178097415448748
1586 0.4797979797979799 0.02240776938994163 -0.0009783443400413457
1587 0.4797979797979799 0.02372491613158067 -0.00103585220873018
1588 0.4848484848484849 0.002437535209396564 -0.0001064250856149514
1589 0.484848484848485 0.004753193661152419 -0.0002075289170726771
1590 0.4848484848484849 0.006953069190334665 -0.000303577556958136
1591 0.4848484848484849 0.009042950943787001 -0.0003948237648811595
1592 0.4848484848484849 0.01102833861045032 -0.0004815076624466107
1593 0.4848484848484849 0.01291445688965756 -0.0005638573649537789
1594 0.4848484848484849 0.01470626924903138 -0.0006420895820791657
1595 0.4848484848484849 0.01640849099170415 -0.0007164101884036295
1596 0.4848484848484849 0.01802560164935414 -0.0007870147645040321
1597 0.4848484848484849 0.01956185677326403 -0.0008540891117619709
1598 0.4848484848484849 0.0210212991383983 -0.0009178097415443618
1599 0.4848484848484849 0.02240776938993418 -0.0009783443400410206
1600 0.4848484848484849 0.02372491613157713 -0.001035852208730026
1601 0.4898989898989899 0.002437535209311533 -0.0001064250856112389
1602 0.4898989898989899 0.004753193661077852 -0.0002075289170694215
1603 0.4898989898989899 0.006953069190269731 -0.0003035775569553009
1604 0.4898989898989899 0.009042950943730921 -0.000394823764878711
1605 0.4898989898989899 0.01102833861040237 -0.0004815076624445173
1606 0.4898989898989899 0.01291445688961707 -0.0005638573649520111
1607 0.4898989898989899 0.01470626924899772 -0.000642089582077696
1608 0.4898989898989898 0.01640849099167675 -0.000716410188402433
1609 0.4898989898989899 0.01802560164933244 -0.0007870147645030848
1610 0.4898989898989899 0.01956185677324754 -0.0008540891117612508
1611 0.4898989898989899 0.02102129913838655 -0.0009178097415438486
1612 0.4898989898989899 0.02240776938992675 -0.0009783443400406958
1613 0.4898989898989899 0.02372491613157359 -0.001035852208729871
1614 0.494949494949495 0.002437535209226504 -0.0001064250856075263
1615 0.494949494949495 0.004753193661003284 -0.0002075289170661659
1616 0.4949494949494949 0.006953069190204793 -0.0003035775569524657
1617 0.4949494949494949 0.009042950943674839 -0.0003948237648762624
1618 0.4949494949494949 0.01102833861035442 -0.0004815076624424237
1619 0.494949494949495 0.01291445688957658 -0.0005638573649502432
1620 0.4949494949494949 0.01470626924896406 -0.0006420895820762265
1621 0.4949494949494949 0.01640849099164934 -0.0007164101884012364
1622 0.4949494949494949 0.01802560164931075 -0.0007870147645021373
1623 0.494949494949495 0.01956185677323105 -0.0008540891117605309
1624 0.4949494949494949 0.02102129913837479 -0.0009178097415433357
1625 0.4949494949494949 0.02240776938991931 -0.0009783443400403708
1626 0.4949494949494949 0.02372491613157006 -0.001035852208729717
1627 0.005050505050505055 0.00243753521747468 0.0001064250859676495
1628 0.005050505050505083 0.00475319366823632 0.000207528917381967
1629 0.005050505050505055 0.006953069196503575 0.0003035775572274763
1630 0.005050505050505083 0.009042950949114704 0.000394823765113772
1631 0.005050505050505028 0.0110283386150055 0.0004815076626454941
1632 0.005050505050505028 0.01291445689350417 0.0005638573651217258
1633 0.005050505050505028 0.01470626925222888 0.0006420895822187712
1634 0.005050505050505028 0.01640849099430784 0.0007164101885173086
1635 0.005050505050505 0.01802560165141538 0.0007870147645940275
1636 0.005050505050505028 0.01956185677483058 0.0008540891118303678
1637 0.005050505050505028 0.02102129913951445 0.0009178097415930939
1638 0.005050505050505028 0.02240776939064109 0.0009783443400718846
1639 0.005050505050505028 0.02372491613191291 0.001035852208744686
1640 0.01010101010101008 0.002437535217389647 0.0001064250859639369
1641 0.01010101010101011 0.004753193668161754 0.0002075289173787114
1642 0.01010101010101 0.006953069196438641 0.0003035775572246412
1643 0.01010101010101008 0.009042950949058621 0.0003948237651113233
1644 0.01010101010101006 0.01102833861495755 0.0004815076626434007
1645 0.01010101010101011 0.01291445689346368 0.0005638573651199579
1646 0.01010101010101006 0.01470626925219522 0.0006420895822173018
1647 0.01010101010101006 0.01640849099428043 0.0007164101885161119
1648 0.01010101010101003 0.01802560165139368 0.0007870147645930802
1649 0.01010101010101006 0.01956185677481409 0.0008540891118296479
1650 0.01010101010101006 0.0210212991395027 0.0009178097415925809
1651 0.01010101010101006 0.02240776939063365 0.00097834434007156
1652 0.01010101010101006 0.02372491613190938 0.001035852208744532
1653 0.01515151515151517 0.002437535217304613 0.0001064250859602242
1654 0.01515151515151514 0.004753193668087186 0.0002075289173754556
1655 0.01515151515151511 0.006953069196373702 0.0003035775572218059
1656 0.01515151515151514 0.009042950949002544 0.0003948237651088751
1657 0.01515151515151514 0.0110283386149096 0.0004815076626413072
1658 0.01515151515151514 0.01291445689342319 0.0005638573651181899
1659 0.01515151515151517 0.01470626925216156 0.0006420895822158321
1660 0.01515151515151514 0.01640849099425302 0.0007164101885149151
1661 0.01515151515151514 0.01802560165137198 0.0007870147645921328
1662 0.01515151515151517 0.0195618567747976 0.0008540891118289276
1663 0.01515151515151517 0.02102129913949095 0.000917809741592068
1664 0.01515151515151514 0.02240776939062621 0.0009783443400712345
1665 0.01515151515151514 0.02372491613190584 0.001035852208744378
1666 0.02020202020202017 0.002437535217219584 0.0001064250859565117
1667 0.02020202020202022 0.004753193668012618 0.0002075289173722
1668 0.02020202020202019 0.006953069196308768 0.000303577557218971
1669 0.02020202020202017 0.009042950948946461 0.0003948237651064263
1670 0.02020202020202014 0.01102833861486165 0.0004815076626392136
1671 0.02020202020202022 0.0129144568933827 0.0005638573651164222
1672 0.02020202020202017 0.0147062692521279 0.0006420895822143625
1673 0.02020202020202014 0.01640849099422562 0.000716410188513719
1674 0.02020202020202017 0.01802560165135028 0.0007870147645911856
1675 0.02020202020202017 0.01956185677478111 0.0008540891118282075
1676 0.02020202020202017 0.02102129913947921 0.0009178097415915551
1677 0.02020202020202017 0.02240776939061877 0.0009783443400709101
1678 0.02020202020202017 0.02372491613190231 0.001035852208744223
1679 0.02525252525252528 0.002437535217134548 0.000106425085952799
1680 0.02525252525252525 0.004753193667938051 0.0002075289173689443
1681 0.02525252525252514 0.006953069196243831 0.0003035775572161357
1682 0.02525252525252517 0.00904295094889038 0.0003948237651039778
1683 0.02525252525252522 0.01102833861481371 0.00048150766263712
1684 0.02525252525252519 0.01291445689334221 0.0005638573651146544
1685 0.02525252525252519 0.01470626925209425 0.0006420895822128931
1686 0.02525252525252519 0.01640849099419821 0.0007164101885125221
1687 0.02525252525252519 0.01802560165132859 0.0007870147645902383
1688 0.02525252525252517 0.01956185677476462 0.0008540891118274875
1689 0.02525252525252519 0.02102129913946746 0.0009178097415910421
1690 0.02525252525252519 0.02240776939061133 0.0009783443400705849
1691 0.02525252525252519 0.02372491613189877 0.001035852208744069
1692 0.0303030303030303 0.002437535217049513 0.0001064250859490863
1693 0.03030303030303033 0.004753193667863483 0.0002075289173656885
1694 0.0303030303030303 0.006953069196178896 0.0003035775572133006
1695 0.03030303030303028 0.0090429509488343 0.0003948237651015293
1696 0.03030303030303028 0.01102833861476575 0.0004815076626350265
1697 0.03030303030303028 0.01291445689330172 0.0005638573651128864
1698 0.03030303030303028 0.01470626925206059 0.0006420895822114236
1699 0.03030303030303028 0.0164084909941708 0.0007164101885113252
1700 0.03030303030303025 0.01802560165130689 0.000787014764589291
1701 0.03030303030303028 0.01956185677474813 0.0008540891118267678
1702 0.03030303030303028 0.02102129913945571 0.0009178097415905291
1703 0.03030303030303028 0.02240776939060388 0.0009783443400702601
1704 0.03030303030303028 0.02372491613189524 0.001035852208743915
1705 0.03535353535353539 0.00243753521696448 0.0001064250859453737
1706 0.03535353535353536 0.004753193667788917 0.0002075289173624329
1707 0.03535353535353533 0.006953069196113958 0.0003035775572104653
1708 0.03535353535353536 0.009042950948778217 0.0003948237650990806
1709 0.0353535353535353 0.0110283386147178 0.000481507662632933
1710 0.0353535353535353 0.01291445689326123 0.0005638573651111187
1711 0.03535353535353533 0.01470626925202693 0.0006420895822099542
1712 0.0353535353535353 0.01640849099414339 0.0007164101885101287
1713 0.0353535353535353 0.01802560165128519 0.0007870147645883436
1714 0.0353535353535353 0.01956185677473164 0.0008540891118260478
1715 0.0353535353535353 0.02102129913944396 0.000917809741590016
1716 0.0353535353535353 0.02240776939059645 0.0009783443400699352
1717 0.0353535353535353 0.0237249161318917 0.00103585220874376
1718 0.04040404040404041 0.00243753521687945 0.0001064250859416612
1719 0.04040404040404044 0.004753193667714349 0.0002075289173591772
1720 0.04040404040404039 0.006953069196049023 0.0003035775572076302
1721 0.04040404040404041 0.009042950948722137 0.0003948237650966321
1722 0.04040404040404039 0.01102833861466986 0.0004815076626308395
1723 0.04040404040404039 0.01291445689322074 0.0005638573651093508
1724 0.04040404040404041 0.01470626925199327 0.0006420895822084844
1725 0.04040404040404039 0.01640849099411599 0.0007164101885089322
1726 0.04040404040404039 0.0180256016512635 0.0007870147645873961
1727 0.04040404040404039 0.01956185677471515 0.0008540891118253278
1728 0.04040404040404041 0.02102129913943221 0.0009178097415895032
1729 0.04040404040404041 0.022407769390589 0.0009783443400696104
1730 0.04040404040404041 0.02372491613188817 0.001035852208743606
1731 0.04545454545454541 0.002437535216794419 0.0001064250859379487
1732 0.04545454545454547 0.004753193667639782 0.0002075289173559215
1733 0.04545454545454544 0.006953069195984089 0.0003035775572047951
1734 0.04545454545454541 0.009042950948666058 0.0003948237650941837
1735 0.04545454545454541 0.01102833861462191 0.000481507662628746
1736 0.04545454545454541 0.01291445689318025 0.0005638573651075828
1737 0.04545454545454541 0.01470626925195961 0.0006420895822070151
1738 0.04545454545454541 0.01640849099408857 0.0007164101885077353
1739 0.04545454545454541 0.0180256016512418 0.0007870147645864487
1740 0.04545454545454541 0.01956185677469866 0.0008540891118246078
1741 0.04545454545454544 0.02102129913942046 0.0009178097415889904
1742 0.04545454545454541 0.02240776939058156 0.0009783443400692856
1743 0.04545454545454544 0.02372491613188464 0.001035852208743452
1744 0.05050505050505052 0.002437535216709388 0.0001064250859342361
1745 0.05050505050505047 0.004753193667565212 0.0002075289173526658
1746 0.05050505050505047 0.006953069195919152 0.0003035775572019598
1747 0.0505050505050505 0.009042950948609975 0.0003948237650917351
1748 0.0505050505050505 0.01102833861457396 0.0004815076626266525
1749 0.0505050505050505 0.01291445689313976 0.0005638573651058149
1750 0.05050505050505041 0.01470626925192596 0.0006420895822055455
1751 0.05050505050505044 0.01640849099406117 0.0007164101885065388
1752 0.05050505050505047 0.0180256016512201 0.0007870147645855016
1753 0.05050505050505041 0.01956185677468217 0.0008540891118238879
1754 0.05050505050505047 0.02102129913940871 0.0009178097415884775
1755 0.05050505050505044 0.02240776939057413 0.0009783443400689608
1756 0.05050505050505044 0.0237249161318811 0.001035852208743297
1757 0.05555555555555558 0.002437535216624351 0.0001064250859305234
1758 0.05555555555555552 0.004753193667490646 0.0002075289173494101
1759 0.05555555555555552 0.006953069195854218 0.0003035775571991248
1760 0.05555555555555552 0.009042950948553894 0.0003948237650892866
1761 0.05555555555555552 0.01102833861452601 0.000481507662624559
1762 0.05555555555555547 0.01291445689309927 0.000563857365104047
1763 0.05555555555555547 0.0147062692518923 0.0006420895822040759
1764 0.05555555555555552 0.01640849099403376 0.0007164101885053423
1765 0.05555555555555552 0.0180256016511984 0.000787014764584554
1766 0.05555555555555552 0.01956185677466568 0.0008540891118231678
1767 0.05555555555555552 0.02102129913939696 0.0009178097415879643
1768 0.05555555555555552 0.02240776939056668 0.0009783443400686355
1769 0.05555555555555555 0.02372491613187756 0.001035852208743143
1770 0.06060606060606064 0.002437535216539319 0.0001064250859268108
1771 0.06060606060606061 0.004753193667416076 0.0002075289173461543
1772 0.06060606060606064 0.00695306919578928 0.0003035775571962896
1773 0.06060606060606055 0.009042950948497814 0.0003948237650868379
1774 0.06060606060606055 0.01102833861447806 0.0004815076626224656
1775 0.06060606060606061 0.01291445689305878 0.0005638573651022792
1776 0.06060606060606061 0.01470626925185864 0.0006420895822026064
1777 0.06060606060606061 0.01640849099400635 0.0007164101885041457
1778 0.06060606060606055 0.01802560165117671 0.0007870147645836069
1779 0.06060606060606055 0.01956185677464919 0.0008540891118224477
1780 0.06060606060606055 0.02102129913938521 0.0009178097415874513
1781 0.06060606060606058 0.02240776939055924 0.0009783443400683107
1782 0.06060606060606058 0.02372491613187403 0.001035852208742988
1783 0.06565656565656561 0.002437535216454287 0.0001064250859230981
1784 0.06565656565656558 0.004753193667341509 0.0002075289173428987
1785 0.06565656565656564 0.006953069195724343 0.0003035775571934543
1786 0.06565656565656564 0.009042950948441729 0.0003948237650843892
1787 0.06565656565656564 0.01102833861443011 0.000481507662620372
1788 0.06565656565656564 0.01291445689301829 0.0005638573651005114
1789 0.06565656565656564 0.01470626925182498 0.0006420895822011369
1790 0.06565656565656564 0.01640849099397895 0.0007164101885029488
1791 0.06565656565656564 0.01802560165115501 0.0007870147645826595
1792 0.06565656565656564 0.0195618567746327 0.0008540891118217281
1793 0.06565656565656564 0.02102129913937346 0.0009178097415869382
1794 0.06565656565656569 0.02240776939055179 0.0009783443400679858
1795 0.06565656565656564 0.02372491613187049 0.001035852208742834
1796 0.07070707070707072 0.002437535216369253 0.0001064250859193855
1797 0.07070707070707064 0.004753193667266946 0.0002075289173396431
1798 0.07070707070707069 0.006953069195659408 0.0003035775571906193
1799 0.07070707070707066 0.009042950948385651 0.0003948237650819408
1800 0.07070707070707072 0.01102833861438216 0.0004815076626182785
1801 0.07070707070707066 0.0129144568929778 0.0005638573650987435
1802 0.07070707070707069 0.01470626925179132 0.0006420895821996674
1803 0.07070707070707066 0.01640849099395154 0.0007164101885017524
1804 0.07070707070707072 0.01802560165113331 0.0007870147645817122
1805 0.07070707070707061 0.01956185677461621 0.0008540891118210079
1806 0.07070707070707069 0.02102129913936172 0.0009178097415864254
1807 0.07070707070707066 0.02240776939054435 0.000978344340067661
1808 0.07070707070707066 0.02372491613186696 0.00103585220874268
1809 0.07575757575757575 0.002437535216284219 0.0001064250859156729
1810 0.07575757575757577 0.004753193667192376 0.0002075289173363874
1811 0.0757575757575758 0.006953069195594472 0.0003035775571877841
1812 0.07575757575757575 0.00904295094832957 0.0003948237650794923
1813 0.07575757575757575 0.01102833861433421 0.000481507662616185
1814 0.07575757575757569 0.01291445689293731 0.0005638573650969756
1815 0.07575757575757575 0.01470626925175767 0.0006420895821981977
1816 0.07575757575757575 0.01640849099392414 0.000716410188500556
1817 0.07575757575757566 0.01802560165111161 0.0007870147645807649
1818 0.07575757575757575 0.01956185677459972 0.0008540891118202883
1819 0.07575757575757572 0.02102129913934996 0.0009178097415859123
1820 0.07575757575757575 0.02240776939053692 0.0009783443400673362
1821 0.07575757575757575 0.02372491613186343 0.001035852208742526
1822 0.0808080808080808 0.002437535216199186 0.0001064250859119602
1823 0.08080808080808077 0.004753193667117811 0.0002075289173331318
1824 0.08080808080808077 0.006953069195529535 0.0003035775571849489
1825 0.08080808080808077 0.009042950948273487 0.0003948237650770436
1826 0.08080808080808077 0.01102833861428626 0.0004815076626140914
1827 0.0808080808080808 0.01291445689289681 0.0005638573650952077
1828 0.08080808080808077 0.01470626925172401 0.0006420895821967283
1829 0.08080808080808077 0.01640849099389673 0.0007164101884993592
1830 0.08080808080808077 0.01802560165108992 0.0007870147645798177
1831 0.08080808080808077 0.01956185677458323 0.0008540891118195679
1832 0.08080808080808077 0.02102129913933822 0.0009178097415853993
1833 0.0808080808080808 0.02240776939052947 0.0009783443400670114
1834 0.08080808080808077 0.02372491613185989 0.001035852208742371
1835 0.08585858585858577 0.002437535216114154 0.0001064250859082476
1836 0.08585858585858583 0.00475319366704324 0.000207528917329876
1837 0.0858585858585858 0.0069530691954646 0.0003035775571821138
1838 0.0858585858585858 0.009042950948217405 0.0003948237650745951
1839 0.0858585858585858 0.01102833861423831 0.0004815076626119979
1840 0.0858585858585858 0.01291445689285632 0.0005638573650934399
1841 0.0858585858585858 0.01470626925169035 0.0006420895821952587
1842 0.0858585858585858 0.01640849099386932 0.0007164101884981624
1843 0.0858585858585858 0.01802560165106822 0.0007870147645788703
1844 0.08585858585858577 0.01956185677456674 0.0008540891118188484
1845 0.0858585858585858 0.02102129913932647 0.0009178097415848863
1846 0.08585858585858577 0.02240776939052203 0.0009783443400666865
1847 0.08585858585858583 0.02372491613185636 0.001035852208742217
1848 0.09090909090909088 0.002437535216029123 0.0001064250859045352
1849 0.09090909090909091 0.004753193666968673 0.0002075289173266203
1850 0.09090909090909094 0.006953069195399666 0.0003035775571792785
1851 0.09090909090909094 0.009042950948161328 0.0003948237650721467
1852 0.09090909090909088 0.01102833861419037 0.0004815076626099045
1853 0.09090909090909094 0.01291445689281583 0.000563857365091672
1854 0.09090909090909088 0.01470626925165669 0.0006420895821937893
1855 0.09090909090909088 0.01640849099384191 0.000716410188496966
1856 0.09090909090909088 0.01802560165104652 0.0007870147645779231
1857 0.09090909090909088 0.01956185677455025 0.0008540891118181284
1858 0.09090909090909088 0.02102129913931472 0.0009178097415843733
1859 0.09090909090909088 0.02240776939051459 0.0009783443400663613
1860 0.09090909090909088 0.02372491613185283 0.001035852208742063
1861 0.09595959595959597 0.002437535215944095 0.0001064250859008228
1862 0.09595959595959594 0.004753193666894107 0.0002075289173233647
1863 0.09595959595959597 0.006953069195334729 0.0003035775571764434
1864 0.09595959595959597 0.009042950948105245 0.0003948237650696981
1865 0.09595959595959597 0.01102833861414242 0.000481507662607811
1866 0.09595959595959591 0.01291445689277534 0.0005638573650899042
1867 0.09595959595959597 0.01470626925162304 0.0006420895821923196
1868 0.09595959595959597 0.0164084909938145 0.0007164101884957692
1869 0.09595959595959594 0.01802560165102483 0.0007870147645769756
1870 0.09595959595959591 0.01956185677453376 0.0008540891118174083
1871 0.09595959595959591 0.02102129913930297 0.0009178097415838608
1872 0.09595959595959588 0.02240776939050715 0.0009783443400660367
1873 0.09595959595959597 0.02372491613184929 0.001035852208741908
1874 0.101010101010101 0.002437535215859057 0.0001064250858971099
1875 0.101010101010101 0.004753193666819542 0.0002075289173201091
1876 0.101010101010101 0.006953069195269793 0.0003035775571736083
1877 0.101010101010101 0.009042950948049163 0.0003948237650672494
1878 0.101010101010101 0.01102833861409447 0.0004815076626057175
1879 0.101010101010101 0.01291445689273485 0.0005638573650881363
1880 0.101010101010101 0.01470626925158938 0.0006420895821908502
1881 0.101010101010101 0.0164084909937871 0.0007164101884945727
1882 0.101010101010101 0.01802560165100313 0.0007870147645760284
1883 0.101010101010101 0.01956185677451727 0.0008540891118166883
1884 0.101010101010101 0.02102129913929122 0.0009178097415833474
1885 0.101010101010101 0.02240776939049971 0.0009783443400657118
1886 0.101010101010101 0.02372491613184575 0.001035852208741754
1887 0.1060606060606061 0.002437535215774023 0.0001064250858933972
1888 0.1060606060606061 0.004753193666744976 0.0002075289173168534
1889 0.1060606060606061 0.006953069195204858 0.0003035775571707731
1890 0.106060606060606 0.009042950947993084 0.000394823765064801
1891 0.106060606060606 0.01102833861404652 0.0004815076626036239
1892 0.106060606060606 0.01291445689269436 0.0005638573650863684
1893 0.106060606060606 0.01470626925155572 0.0006420895821893809
1894 0.106060606060606 0.01640849099375969 0.0007164101884933761
1895 0.106060606060606 0.01802560165098143 0.0007870147645750808
1896 0.106060606060606 0.01956185677450078 0.0008540891118159683
1897 0.1060606060606059 0.02102129913927947 0.0009178097415828343
1898 0.106060606060606 0.02240776939049227 0.0009783443400653872
1899 0.106060606060606 0.02372491613184222 0.0010358522087416
1900 0.111111111111111 0.002437535215688991 0.0001064250858896846
1901 0.1111111111111111 0.004753193666670408 0.0002075289173135978
1902 0.1111111111111111 0.006953069195139921 0.000303577557167938
1903 0.111111111111111 0.009042950947937001 0.0003948237650623523
1904 0.1111111111111111 0.01102833861399857 0.0004815076626015304
1905 0.1111111111111111 0.01291445689265387 0.0005638573650846008
1906 0.111111111111111 0.01470626925152206 0.0006420895821879109
1907 0.1111111111111111 0.01640849099373229 0.0007164101884921797
1908 0.1111111111111111 0.01802560165095974 0.0007870147645741337
1909 0.1111111111111111 0.01956185677448429 0.0008540891118152484
1910 0.111111111111111 0.02102129913926772 0.0009178097415823217
1911 0.111111111111111 0.02240776939048483 0.0009783443400650624
1912 0.111111111111111 0.02372491613183869 0.001035852208741446
1913 0.1161616161616162 0.002437535215603959 0.0001064250858859721
1914 0.1161616161616162 0.004753193666595838 0.000207528917310342
1915 0.1161616161616161 0.006953069195074985 0.0003035775571651028
1916 0.1161616161616161 0.009042950947880921 0.0003948237650599038
1917 0.1161616161616161 0.01102833861395062 0.0004815076625994368
1918 0.1161616161616161 0.01291445689261338 0.0005638573650828327
1919 0.1161616161616161 0.01470626925148841 0.0006420895821864415
1920 0.1161616161616161 0.01640849099370488 0.0007164101884909828
1921 0.1161616161616161 0.01802560165093804 0.0007870147645731863
1922 0.1161616161616161 0.0195618567744678 0.0008540891118145284
1923 0.1161616161616161 0.02102129913925598 0.0009178097415818087
1924 0.1161616161616161 0.02240776939047738 0.0009783443400647371
1925 0.1161616161616161 0.02372491613183515 0.001035852208741291
1926 0.1212121212121212 0.002437535215518927 0.0001064250858822595
1927 0.1212121212121212 0.004753193666521272 0.0002075289173070864
1928 0.1212121212121212 0.006953069195010048 0.0003035775571622676
1929 0.1212121212121212 0.009042950947824842 0.0003948237650574554
1930 0.1212121212121212 0.01102833861390267 0.0004815076625973434
1931 0.1212121212121212 0.01291445689257289 0.000563857365081065
1932 0.1212121212121212 0.01470626925145475 0.000642089582184972
1933 0.1212121212121212 0.01640849099367747 0.0007164101884897863
1934 0.1212121212121212 0.01802560165091634 0.0007870147645722389
1935 0.1212121212121212 0.01956185677445131 0.0008540891118138085
1936 0.1212121212121211 0.02102129913924423 0.0009178097415812958
1937 0.1212121212121211 0.02240776939046995 0.0009783443400644123
1938 0.1212121212121211 0.02372491613183161 0.001035852208741137
1939 0.1262626262626263 0.002437535215433894 0.0001064250858785469
1940 0.1262626262626263 0.004753193666446704 0.0002075289173038306
1941 0.1262626262626263 0.006953069194945113 0.0003035775571594325
1942 0.1262626262626263 0.009042950947768759 0.0003948237650550069
1943 0.1262626262626262 0.01102833861385472 0.0004815076625952499
1944 0.1262626262626263 0.0129144568925324 0.0005638573650792972
1945 0.1262626262626263 0.01470626925142109 0.0006420895821835025
1946 0.1262626262626262 0.01640849099365006 0.0007164101884885898
1947 0.1262626262626263 0.01802560165089464 0.0007870147645712916
1948 0.1262626262626262 0.01956185677443482 0.0008540891118130882
1949 0.1262626262626263 0.02102129913923248 0.0009178097415807827
1950 0.1262626262626262 0.0224077693904625 0.0009783443400640875
1951 0.1262626262626262 0.02372491613182808 0.001035852208740982
1952 0.1313131313131313 0.002437535215348861 0.0001064250858748343
1953 0.1313131313131313 0.004753193666372139 0.0002075289173005751
1954 0.1313131313131313 0.006953069194880177 0.0003035775571565974
1955 0.1313131313131313 0.009042950947712678 0.0003948237650525582
1956 0.1313131313131313 0.01102833861380677 0.0004815076625931563
1957 0.1313131313131313 0.01291445689249191 0.0005638573650775294
1958 0.1313131313131313 0.01470626925138743 0.000642089582182033
1959 0.1313131313131313 0.01640849099362265 0.0007164101884873929
1960 0.1313131313131313 0.01802560165087295 0.0007870147645703445
1961 0.1313131313131313 0.01956185677441833 0.0008540891118123685
1962 0.1313131313131313 0.02102129913922073 0.0009178097415802696
1963 0.1313131313131313 0.02240776939045506 0.0009783443400637622
1964 0.1313131313131313 0.02372491613182455 0.001035852208740828
1965 0.1363636363636364 0.002437535215263827 0.0001064250858711216
1966 0.1363636363636364 0.004753193666297567 0.0002075289172973191
1967 0.1363636363636364 0.006953069194815241 0.0003035775571537621
1968 0.1363636363636364 0.009042950947656597 0.0003948237650501096
1969 0.1363636363636364 0.01102833861375882 0.0004815076625910629
1970 0.1363636363636364 0.01291445689245142 0.0005638573650757611
1971 0.1363636363636364 0.01470626925135377 0.0006420895821805633
1972 0.1363636363636364 0.01640849099359525 0.0007164101884861964
1973 0.1363636363636364 0.01802560165085125 0.000787014764569397
1974 0.1363636363636364 0.01956185677440184 0.0008540891118116485
1975 0.1363636363636364 0.02102129913920898 0.0009178097415797567
1976 0.1363636363636364 0.02240776939044763 0.0009783443400634378
1977 0.1363636363636364 0.02372491613182101 0.001035852208740674
1978 0.1414141414141414 0.002437535215178794 0.000106425085867409
1979 0.1414141414141414 0.004753193666223001 0.0002075289172940635
1980 0.1414141414141414 0.006953069194750304 0.0003035775571509269
1981 0.1414141414141414 0.009042950947600516 0.0003948237650476612
1982 0.1414141414141414 0.01102833861371087 0.0004815076625889694
1983 0.1414141414141414 0.01291445689241093 0.0005638573650739936
1984 0.1414141414141414 0.01470626925132012 0.0006420895821790939
1985 0.1414141414141414 0.01640849099356784 0.0007164101884849998
1986 0.1414141414141414 0.01802560165082955 0.0007870147645684496
1987 0.1414141414141414 0.01956185677438535 0.0008540891118109286
1988 0.1414141414141414 0.02102129913919723 0.0009178097415792438
1989 0.1414141414141414 0.02240776939044018 0.0009783443400631126
1990 0.1414141414141414 0.02372491613181748 0.00103585220874052
1991 0.1464646464646465 0.002437535215093763 0.0001064250858636965
1992 0.1464646464646465 0.004753193666148433 0.0002075289172908078
1993 0.1464646464646465 0.006953069194685369 0.0003035775571480918
1994 0.1464646464646465 0.009042950947544436 0.0003948237650452127
1995 0.1464646464646465 0.01102833861366292 0.0004815076625868758
1996 0.1464646464646465 0.01291445689237044 0.0005638573650722257
1997 0.1464646464646465 0.01470626925128646 0.0006420895821776242
1998 0.1464646464646464 0.01640849099354043 0.000716410188483803
1999 0.1464646464646464 0.01802560165080785 0.0007870147645675024
2000 0.1464646464646464 0.01956185677436886 0.0008540891118102087
2001 0.1464646464646464 0.02102129913918548 0.0009178097415787307
2002 0.1464646464646464 0.02240776939043274 0.0009783443400627882
2003 0.1464646464646464 0.02372491613181394 0.001035852208740365
2004 0.1515151515151515 0.002437535215008729 0.0001064250858599838
2005 0.1515151515151515 0.004753193666073866 0.0002075289172875521
2006 0.1515151515151515 0.006953069194620434 0.0003035775571452567
2007 0.1515151515151515 0.009042950947488356 0.0003948237650427642
2008 0.1515151515151515 0.01102833861361497 0.0004815076625847823
2009 0.1515151515151515 0.01291445689232995 0.0005638573650704577
2010 0.1515151515151515 0.0147062692512528 0.0006420895821761547
2011 0.1515151515151515 0.01640849099351303 0.0007164101884826066
2012 0.1515151515151515 0.01802560165078616 0.0007870147645665551
2013 0.1515151515151515 0.01956185677435237 0.0008540891118094887
2014 0.1515151515151515 0.02102129913917373 0.0009178097415782176
2015 0.1515151515151515 0.0224077693904253 0.0009783443400624629
2016 0.1515151515151515 0.02372491613181041 0.001035852208740211
2017 0.1565656565656566 0.0024375352149237 0.0001064250858562713
2018 0.1565656565656566 0.0047531936659993 0.0002075289172842966
2019 0.1565656565656566 0.006953069194555498 0.0003035775571424215
2020 0.1565656565656566 0.009042950947432273 0.0003948237650403155
2021 0.1565656565656566 0.01102833861356702 0.0004815076625826888
2022 0.1565656565656565 0.01291445689228946 0.00056385736506869
2023 0.1565656565656566 0.01470626925121914 0.0006420895821746852
2024 0.1565656565656566 0.01640849099348562 0.0007164101884814098
2025 0.1565656565656566 0.01802560165076447 0.0007870147645656078
2026 0.1565656565656566 0.01956185677433588 0.0008540891118087686
2027 0.1565656565656566 0.02102129913916198 0.0009178097415777046
2028 0.1565656565656565 0.02240776939041786 0.0009783443400621381
2029 0.1565656565656565 0.02372491613180688 0.001035852208740057
2030 0.1616161616161617 0.002437535214838665 0.0001064250858525587
2031 0.1616161616161617 0.004753193665924733 0.0002075289172810409
2032 0.1616161616161617 0.006953069194490564 0.0003035775571395864
2033 0.1616161616161616 0.009042950947376189 0.0003948237650378668
2034 0.1616161616161616 0.01102833861351907 0.0004815076625805951
2035 0.1616161616161616 0.01291445689224896 0.0005638573650669221
2036 0.1616161616161617 0.01470626925118548 0.0006420895821732158
2037 0.1616161616161616 0.01640849099345821 0.0007164101884802133
2038 0.1616161616161617 0.01802560165074276 0.0007870147645646604
2039 0.1616161616161616 0.01956185677431939 0.0008540891118080486
2040 0.1616161616161616 0.02102129913915023 0.000917809741577192
2041 0.1616161616161616 0.02240776939041042 0.0009783443400618133
2042 0.1616161616161616 0.02372491613180334 0.001035852208739902
2043 0.1666666666666667 0.002437535214753629 0.0001064250858488458
2044 0.1666666666666667 0.004753193665850164 0.0002075289172777852
2045 0.1666666666666667 0.006953069194425627 0.0003035775571367512
2046 0.1666666666666667 0.009042950947320112 0.0003948237650354184
2047 0.1666666666666667 0.01102833861347112 0.0004815076625785018
2048 0.1666666666666667 0.01291445689220847 0.0005638573650651541
2049 0.1666666666666667 0.01470626925115183 0.0006420895821717462
2050 0.1666666666666667 0.01640849099343081 0.0007164101884790168
2051 0.1666666666666666 0.01802560165072107 0.0007870147645637132
2052 0.1666666666666666 0.0195618567743029 0.0008540891118073287
2053 0.1666666666666667 0.02102129913913848 0.000917809741576679
2054 0.1666666666666666 0.02240776939040297 0.0009783443400614882
2055 0.1666666666666666 0.02372491613179981 0.001035852208739748
2056 0.1717171717171717 0.002437535214668598 0.0001064250858451334
2057 0.1717171717171717 0.004753193665775598 0.0002075289172745296
2058 0.1717171717171718 0.006953069194360691 0.000303577557133916
2059 0.1717171717171718 0.009042950947264029 0.0003948237650329697
2060 0.1717171717171717 0.01102833861342318 0.0004815076625764083
2061 0.1717171717171717 0.01291445689216798 0.0005638573650633864
2062 0.1717171717171717 0.01470626925111817 0.0006420895821702766
2063 0.1717171717171717 0.0164084909934034 0.0007164101884778201
2064 0.1717171717171717 0.01802560165069937 0.0007870147645627657
2065 0.1717171717171717 0.01956185677428641 0.0008540891118066087
2066 0.1717171717171717 0.02102129913912673 0.0009178097415761659
2067 0.1717171717171717 0.02240776939039554 0.0009783443400611636
2068 0.1717171717171717 0.02372491613179627 0.001035852208739594
2069 0.1767676767676768 0.002437535214583564 0.0001064250858414207
2070 0.1767676767676768 0.004753193665701031 0.0002075289172712738
2071 0.1767676767676768 0.006953069194295754 0.0003035775571310809
2072 0.1767676767676768 0.009042950947207948 0.0003948237650305213
2073 0.1767676767676768 0.01102833861337523 0.0004815076625743147
2074 0.1767676767676767 0.01291445689212749 0.0005638573650616184
2075 0.1767676767676768 0.01470626925108451 0.0006420895821688072
2076 0.1767676767676768 0.01640849099337599 0.0007164101884766232
2077 0.1767676767676767 0.01802560165067767 0.0007870147645618187
2078 0.1767676767676768 0.01956185677426992 0.0008540891118058888
2079 0.1767676767676768 0.02102129913911498 0.000917809741575653
2080 0.1767676767676767 0.0224077693903881 0.0009783443400608383
2081 0.1767676767676767 0.02372491613179274 0.001035852208739439
2082 0.1818181818181819 0.002437535214498535 0.0001064250858377082
2083 0.1818181818181818 0.00475319366562646 0.000207528917268018
2084 0.1818181818181818 0.006953069194230818 0.0003035775571282457
2085 0.1818181818181818 0.009042950947151868 0.0003948237650280727
2086 0.1818181818181818 0.01102833861332728 0.0004815076625722212
2087 0.1818181818181818 0.012914456892087 0.0005638573650598505
2088 0.1818181818181818 0.01470626925105085 0.0006420895821673374
2089 0.1818181818181818 0.01640849099334859 0.0007164101884754267
2090 0.1818181818181818 0.01802560165065598 0.0007870147645608714
2091 0.1818181818181818 0.01956185677425343 0.0008540891118051689
2092 0.1818181818181818 0.02102129913910324 0.0009178097415751401
2093 0.1818181818181818 0.02240776939038065 0.0009783443400605137
2094 0.1818181818181818 0.0237249161317892 0.001035852208739285
2095 0.1868686868686869 0.002437535214413498 0.0001064250858339954
2096 0.1868686868686869 0.004753193665551895 0.0002075289172647624
2097 0.1868686868686869 0.006953069194165881 0.0003035775571254104
2098 0.1868686868686869 0.009042950947095786 0.0003948237650256242
2099 0.1868686868686869 0.01102833861327933 0.0004815076625701276
2100 0.1868686868686869 0.01291445689204651 0.0005638573650580827
2101 0.1868686868686869 0.01470626925101719 0.0006420895821658679
2102 0.1868686868686869 0.01640849099332118 0.0007164101884742302
2103 0.1868686868686869 0.01802560165063428 0.0007870147645599238
2104 0.1868686868686869 0.01956185677423694 0.000854089111804449
2105 0.1868686868686869 0.02102129913909149 0.0009178097415746271
2106 0.1868686868686869 0.02240776939037321 0.0009783443400601887
2107 0.1868686868686868 0.02372491613178566 0.001035852208739131
2108 0.1919191919191919 0.002437535214328468 0.0001064250858302829
2109 0.1919191919191919 0.004753193665477324 0.0002075289172615066
2110 0.1919191919191919 0.006953069194100947 0.0003035775571225754
2111 0.1919191919191919 0.009042950947039705 0.0003948237650231755
2112 0.1919191919191919 0.01102833861323138 0.0004815076625680342
2113 0.1919191919191919 0.01291445689200602 0.0005638573650563149
2114 0.1919191919191919 0.01470626925098354 0.0006420895821643987
2115 0.1919191919191919 0.01640849099329377 0.0007164101884730337
2116 0.1919191919191919 0.01802560165061258 0.0007870147645589765
2117 0.1919191919191919 0.01956185677422045 0.0008540891118037289
2118 0.1919191919191919 0.02102129913907974 0.000917809741574114
2119 0.1919191919191919 0.02240776939036577 0.0009783443400598639
2120 0.1919191919191919 0.02372491613178214 0.001035852208738976
2121 0.196969696969697 0.002437535214243435 0.0001064250858265703
2122 0.196969696969697 0.00475319366540276 0.000207528917258251
2123 0.196969696969697 0.00695306919403601 0.0003035775571197402
2124 0.196969696969697 0.009042950946983626 0.0003948237650207271
2125 0.196969696969697 0.01102833861318343 0.0004815076625659407
2126 0.196969696969697 0.01291445689196553 0.0005638573650545469
2127 0.196969696969697 0.01470626925094988 0.0006420895821629287
2128 0.196969696969697 0.01640849099326636 0.0007164101884718369
2129 0.196969696969697 0.01802560165059089 0.0007870147645580292
2130 0.196969696969697 0.01956185677420396 0.0008540891118030089
2131 0.196969696969697 0.02102129913906799 0.0009178097415736009
2132 0.196969696969697 0.02240776939035833 0.0009783443400595393
2133 0.196969696969697 0.0237249161317786 0.001035852208738822
2134 0.202020202020202 0.002437535214158399 0.0001064250858228576
2135 0.202020202020202 0.004753193665328189 0.0002075289172549952
2136 0.202020202020202 0.006953069193971073 0.0003035775571169049
2137 0.202020202020202 0.009042950946927544 0.0003948237650182784
2138 0.202020202020202 0.01102833861313548 0.0004815076625638472
2139 0.202020202020202 0.01291445689192504 0.0005638573650527792
2140 0.202020202020202 0.01470626925091622 0.0006420895821614593
2141 0.202020202020202 0.01640849099323895 0.0007164101884706403
2142 0.202020202020202 0.01802560165056918 0.0007870147645570818
2143 0.202020202020202 0.01956185677418747 0.0008540891118022888
2144 0.202020202020202 0.02102129913905624 0.000917809741573088
2145 0.202020202020202 0.02240776939035089 0.0009783443400592144
2146 0.202020202020202 0.02372491613177507 0.001035852208738668
2147 0.2070707070707071 0.002437535214073371 0.0001064250858191452
2148 0.2070707070707071 0.004753193665253625 0.0002075289172517397
2149 0.2070707070707071 0.00695306919390614 0.00030357755711407
2150 0.2070707070707071 0.009042950946871462 0.0003948237650158299
2151 0.2070707070707071 0.01102833861308753 0.0004815076625617537
2152 0.2070707070707071 0.01291445689188455 0.0005638573650510113
2153 0.2070707070707071 0.01470626925088256 0.0006420895821599898
2154 0.2070707070707071 0.01640849099321155 0.0007164101884694434
2155 0.2070707070707071 0.01802560165054749 0.0007870147645561346
2156 0.2070707070707071 0.01956185677417098 0.000854089111801569
2157 0.2070707070707071 0.02102129913904449 0.0009178097415725752
2158 0.2070707070707071 0.02240776939034345 0.0009783443400588889
2159 0.2070707070707071 0.02372491613177153 0.001035852208738514
2160 0.2121212121212121 0.002437535213988339 0.0001064250858154326
2161 0.2121212121212121 0.004753193665179055 0.0002075289172484839
2162 0.2121212121212121 0.006953069193841202 0.0003035775571112347
2163 0.2121212121212121 0.009042950946815379 0.0003948237650133813
2164 0.2121212121212121 0.01102833861303958 0.0004815076625596603
2165 0.2121212121212121 0.01291445689184406 0.0005638573650492433
2166 0.2121212121212121 0.01470626925084891 0.0006420895821585204
2167 0.2121212121212121 0.01640849099318414 0.000716410188468247
2168 0.2121212121212121 0.01802560165052579 0.0007870147645551873
2169 0.2121212121212121 0.01956185677415449 0.0008540891118008489
2170 0.2121212121212121 0.02102129913903274 0.000917809741572062
2171 0.2121212121212121 0.02240776939033601 0.0009783443400585643
2172 0.2121212121212121 0.02372491613176799 0.001035852208738359
2173 0.2171717171717172 0.002437535213903302 0.0001064250858117198
2174 0.2171717171717172 0.004753193665104491 0.0002075289172452283
2175 0.2171717171717172 0.006953069193776265 0.0003035775571083994
2176 0.2171717171717172 0.009042950946759299 0.0003948237650109327
2177 0.2171717171717172 0.01102833861299163 0.0004815076625575667
2178 0.2171717171717172 0.01291445689180357 0.0005638573650474756
2179 0.2171717171717171 0.01470626925081525 0.0006420895821570508
2180 0.2171717171717171 0.01640849099315674 0.0007164101884670505
2181 0.2171717171717171 0.01802560165050409 0.00078701476455424
2182 0.2171717171717171 0.019561856774138 0.0008540891118001289
2183 0.2171717171717171 0.021021299139021 0.0009178097415715495
2184 0.2171717171717171 0.02240776939032856 0.0009783443400582393
2185 0.2171717171717171 0.02372491613176446 0.001035852208738205
2186 0.2222222222222223 0.002437535213818271 0.0001064250858080073
2187 0.2222222222222222 0.004753193665029923 0.0002075289172419726
2188 0.2222222222222222 0.006953069193711333 0.0003035775571055645
2189 0.2222222222222222 0.009042950946703217 0.0003948237650084842
2190 0.2222222222222222 0.01102833861294368 0.0004815076625554731
2191 0.2222222222222222 0.01291445689176308 0.0005638573650457078
2192 0.2222222222222222 0.01470626925078159 0.0006420895821555813
2193 0.2222222222222222 0.01640849099312933 0.0007164101884658538
2194 0.2222222222222222 0.0180256016504824 0.0007870147645532926
2195 0.2222222222222222 0.01956185677412152 0.0008540891117994092
2196 0.2222222222222222 0.02102129913900924 0.000917809741571036
2197 0.2222222222222222 0.02240776939032112 0.0009783443400579145
2198 0.2222222222222222 0.02372491613176092 0.00103585220873805
2199 0.2272727272727273 0.002437535213733239 0.0001064250858042947
2200 0.2272727272727273 0.004753193664955354 0.0002075289172387169
2201 0.2272727272727273 0.006953069193646398 0.0003035775571027293
2202 0.2272727272727273 0.009042950946647135 0.0003948237650060356
2203 0.2272727272727273 0.01102833861289573 0.0004815076625533798
2204 0.2272727272727273 0.01291445689172258 0.0005638573650439398
2205 0.2272727272727273 0.01470626925074793 0.0006420895821541117
2206 0.2272727272727272 0.01640849099310192 0.000716410188464657
2207 0.2272727272727273 0.0180256016504607 0.0007870147645523454
2208 0.2272727272727272 0.01956185677410502 0.0008540891117986891
2209 0.2272727272727273 0.02102129913899749 0.0009178097415705233
2210 0.2272727272727273 0.02240776939031369 0.0009783443400575896
2211 0.2272727272727272 0.02372491613175739 0.001035852208737896
2212 0.2323232323232323 0.002437535213648203 0.0001064250858005819
2213 0.2323232323232323 0.004753193664880787 0.0002075289172354613
2214 0.2323232323232323 0.00695306919358146 0.0003035775570998941
2215 0.2323232323232323 0.009042950946591055 0.000394823765003587
2216 0.2323232323232323 0.01102833861284778 0.0004815076625512861
2217 0.2323232323232323 0.01291445689168209 0.0005638573650421718
2218 0.2323232323232323 0.01470626925071427 0.0006420895821526424
2219 0.2323232323232323 0.01640849099307451 0.0007164101884634606
2220 0.2323232323232323 0.01802560165043901 0.0007870147645513982
2221 0.2323232323232323 0.01956185677408853 0.0008540891117979691
2222 0.2323232323232323 0.02102129913898575 0.0009178097415700104
2223 0.2323232323232323 0.02240776939030624 0.0009783443400572648
2224 0.2323232323232323 0.02372491613175386 0.001035852208737742
2225 0.2373737373737374 0.002437535213563173 0.0001064250857968694
2226 0.2373737373737374 0.004753193664806219 0.0002075289172322055
2227 0.2373737373737374 0.006953069193516524 0.0003035775570970589
2228 0.2373737373737374 0.009042950946534975 0.0003948237650011386
2229 0.2373737373737374 0.01102833861279984 0.0004815076625491926
2230 0.2373737373737374 0.01291445689164161 0.0005638573650404041
2231 0.2373737373737373 0.01470626925068062 0.0006420895821511728
2232 0.2373737373737374 0.0164084909930471 0.0007164101884622639
2233 0.2373737373737374 0.01802560165041731 0.0007870147645504508
2234 0.2373737373737373 0.01956185677407204 0.000854089111797249
2235 0.2373737373737373 0.021021299138974 0.0009178097415694973
2236 0.2373737373737374 0.0224077693902988 0.00097834434005694
2237 0.2373737373737374 0.02372491613175032 0.001035852208737587
2238 0.2424242424242424 0.002437535213478139 0.0001064250857931568
2239 0.2424242424242424 0.004753193664731652 0.0002075289172289498
2240 0.2424242424242424 0.006953069193451587 0.0003035775570942237
2241 0.2424242424242424 0.009042950946478893 0.0003948237649986899
2242 0.2424242424242424 0.01102833861275189 0.0004815076625470993
2243 0.2424242424242424 0.01291445689160111 0.0005638573650386362
2244 0.2424242424242424 0.01470626925064696 0.0006420895821497032
2245 0.2424242424242424 0.0164084909930197 0.0007164101884610672
2246 0.2424242424242424 0.01802560165039561 0.0007870147645495032
2247 0.2424242424242424 0.01956185677405555 0.0008540891117965293
2248 0.2424242424242424 0.02102129913896224 0.0009178097415689843
2249 0.2424242424242424 0.02240776939029136 0.0009783443400566147
2250 0.2424242424242424 0.02372491613174679 0.001035852208737433
2251 0.2474747474747475 0.002437535213393108 0.0001064250857894443
2252 0.2474747474747475 0.004753193664657086 0.0002075289172256942
2253 0.2474747474747475 0.006953069193386651 0.0003035775570913885
2254 0.2474747474747475 0.009042950946422814 0.0003948237649962416
2255 0.2474747474747475 0.01102833861270394 0.0004815076625450056
2256 0.2474747474747475 0.01291445689156062 0.0005638573650368683
2257 0.2474747474747475 0.0147062692506133 0.0006420895821482337
2258 0.2474747474747474 0.01640849099299229 0.0007164101884598707
2259 0.2474747474747475 0.01802560165037391 0.0007870147645485559
2260 0.2474747474747475 0.01956185677403906 0.0008540891117958093
2261 0.2474747474747475 0.0210212991389505 0.0009178097415684712
2262 0.2474747474747475 0.02240776939028392 0.0009783443400562901
2263 0.2474747474747475 0.02372491613174325 0.001035852208737279
2264 0.2525252525252525 0.002437535213308074 0.0001064250857857315
2265 0.2525252525252525 0.004753193664582521 0.0002075289172224386
2266 0.2525252525252525 0.006953069193321716 0.0003035775570885535
2267 0.2525252525252525 0.009042950946366731 0.0003948237649937929
2268 0.2525252525252525 0.01102833861265599 0.0004815076625429121
2269 0.2525252525252525 0.01291445689152013 0.0005638573650351005
2270 0.2525252525252525 0.01470626925057964 0.0006420895821467642
2271 0.2525252525252525 0.01640849099296489 0.0007164101884586741
2272 0.2525252525252525 0.01802560165035221 0.0007870147645476085
2273 0.2525252525252525 0.01956185677402257 0.0008540891117950892
2274 0.2525252525252525 0.02102129913893875 0.0009178097415679584
2275 0.2525252525252525 0.02240776939027648 0.0009783443400559653
2276 0.2525252525252525 0.02372491613173972 0.001035852208737124
2277 0.2575757575757576 0.002437535213223039 0.0001064250857820189
2278 0.2575757575757576 0.004753193664507947 0.0002075289172191826
2279 0.2575757575757576 0.006953069193256779 0.0003035775570857182
2280 0.2575757575757576 0.009042950946310651 0.0003948237649913445
2281 0.2575757575757576 0.01102833861260804 0.0004815076625408186
2282 0.2575757575757576 0.01291445689147964 0.0005638573650333326
2283 0.2575757575757576 0.01470626925054598 0.0006420895821452946
2284 0.2575757575757576 0.01640849099293748 0.0007164101884574774
2285 0.2575757575757576 0.01802560165033051 0.0007870147645466612
2286 0.2575757575757576 0.01956185677400608 0.0008540891117943692
2287 0.2575757575757576 0.021021299138927 0.0009178097415674454
2288 0.2575757575757576 0.02240776939026903 0.0009783443400556402
2289 0.2575757575757576 0.02372491613173618 0.00103585220873697
2290 0.2626262626262627 0.00243753521313801 0.0001064250857783065
2291 0.2626262626262627 0.004753193664433383 0.0002075289172159271
2292 0.2626262626262627 0.006953069193191844 0.000303577557082883
2293 0.2626262626262626 0.00904295094625457 0.0003948237649888958
2294 0.2626262626262627 0.01102833861256009 0.0004815076625387251
2295 0.2626262626262627 0.01291445689143915 0.0005638573650315647
2296 0.2626262626262626 0.01470626925051233 0.000642089582143825
2297 0.2626262626262626 0.01640849099291007 0.0007164101884562809
2298 0.2626262626262626 0.01802560165030882 0.000787014764545714
2299 0.2626262626262626 0.01956185677398959 0.0008540891117936492
2300 0.2626262626262626 0.02102129913891525 0.0009178097415669328
2301 0.2626262626262626 0.02240776939026159 0.0009783443400553154
2302 0.2626262626262626 0.02372491613173264 0.001035852208736815
2303 0.2676767676767677 0.002437535213052974 0.0001064250857745936
2304 0.2676767676767677 0.004753193664358815 0.0002075289172126714
2305 0.2676767676767677 0.006953069193126908 0.0003035775570800479
2306 0.2676767676767677 0.009042950946198489 0.0003948237649864473
2307 0.2676767676767677 0.01102833861251214 0.0004815076625366316
2308 0.2676767676767677 0.01291445689139866 0.0005638573650297969
2309 0.2676767676767677 0.01470626925047867 0.0006420895821423555
2310 0.2676767676767676 0.01640849099288267 0.0007164101884550842
2311 0.2676767676767676 0.01802560165028712 0.0007870147645447666
2312 0.2676767676767677 0.0195618567739731 0.0008540891117929292
2313 0.2676767676767677 0.0210212991389035 0.0009178097415664193
2314 0.2676767676767677 0.02240776939025415 0.0009783443400549904
2315 0.2676767676767676 0.02372491613172911 0.001035852208736661
2316 0.2727272727272728 0.002437535212967943 0.0001064250857708812
2317 0.2727272727272728 0.004753193664284249 0.0002075289172094158
2318 0.2727272727272728 0.006953069193061972 0.0003035775570772128
2319 0.2727272727272728 0.009042950946142407 0.0003948237649839986
2320 0.2727272727272727 0.01102833861246419 0.0004815076625345382
2321 0.2727272727272728 0.01291445689135817 0.000563857365028029
2322 0.2727272727272728 0.01470626925044501 0.000642089582140886
2323 0.2727272727272727 0.01640849099285525 0.0007164101884538874
2324 0.2727272727272727 0.01802560165026543 0.0007870147645438196
2325 0.2727272727272727 0.01956185677395661 0.0008540891117922093
2326 0.2727272727272727 0.02102129913889175 0.0009178097415659065
2327 0.2727272727272727 0.02240776939024671 0.0009783443400546658
2328 0.2727272727272727 0.02372491613172558 0.001035852208736508
2329 0.2777777777777778 0.002437535212882912 0.0001064250857671686
2330 0.2777777777777778 0.004753193664209679 0.00020752891720616
2331 0.2777777777777778 0.006953069192997037 0.0003035775570743776
2332 0.2777777777777778 0.009042950946086327 0.0003948237649815502
2333 0.2777777777777778 0.01102833861241624 0.0004815076625324446
2334 0.2777777777777778 0.01291445689131768 0.0005638573650262611
2335 0.2777777777777777 0.01470626925041135 0.0006420895821394165
2336 0.2777777777777778 0.01640849099282785 0.000716410188452691
2337 0.2777777777777778 0.01802560165024373 0.000787014764542872
2338 0.2777777777777777 0.01956185677394012 0.0008540891117914893
2339 0.2777777777777778 0.02102129913888 0.0009178097415653934
2340 0.2777777777777778 0.02240776939023927 0.0009783443400543409
2341 0.2777777777777778 0.02372491613172205 0.001035852208736353
2342 0.2828282828282829 0.002437535212797874 0.0001064250857634558
2343 0.2828282828282829 0.004753193664135118 0.0002075289172029046
2344 0.2828282828282829 0.0069530691929321 0.0003035775570715424
2345 0.2828282828282828 0.009042950946030245 0.0003948237649791016
2346 0.2828282828282829 0.01102833861236829 0.0004815076625303509
2347 0.2828282828282828 0.01291445689127719 0.0005638573650244932
2348 0.2828282828282828 0.0147062692503777 0.000642089582137947
2349 0.2828282828282828 0.01640849099280044 0.0007164101884514945
2350 0.2828282828282828 0.01802560165022203 0.0007870147645419248
2351 0.2828282828282828 0.01956185677392363 0.0008540891117907694
2352 0.2828282828282828 0.02102129913886825 0.0009178097415648804
2353 0.2828282828282828 0.02240776939023183 0.0009783443400540159
2354 0.2828282828282828 0.02372491613171851 0.001035852208736199
2355 0.2878787878787879 0.002437535212712845 0.0001064250857597433
2356 0.2878787878787879 0.004753193664060544 0.0002075289171996486
2357 0.2878787878787879 0.006953069192867164 0.0003035775570687073
2358 0.2878787878787879 0.009042950945974165 0.0003948237649766532
2359 0.2878787878787879 0.01102833861232034 0.0004815076625282575
2360 0.2878787878787879 0.0129144568912367 0.0005638573650227254
2361 0.2878787878787879 0.01470626925034404 0.0006420895821364774
2362 0.2878787878787878 0.01640849099277304 0.0007164101884502979
2363 0.2878787878787878 0.01802560165020033 0.0007870147645409775
2364 0.2878787878787878 0.01956185677390714 0.0008540891117900493
2365 0.2878787878787879 0.0210212991388565 0.0009178097415643673
2366 0.2878787878787879 0.02240776939022439 0.0009783443400536909
2367 0.2878787878787879 0.02372491613171498 0.001035852208736044
2368 0.2929292929292929 0.002437535212627811 0.0001064250857560306
2369 0.2929292929292929 0.004753193663985977 0.000207528917196393
2370 0.2929292929292929 0.006953069192802227 0.000303577557065872
2371 0.2929292929292929 0.009042950945918084 0.0003948237649742045
2372 0.2929292929292929 0.01102833861227239 0.0004815076625261641
2373 0.2929292929292929 0.0129144568911962 0.0005638573650209575
2374 0.2929292929292929 0.01470626925031038 0.0006420895821350076
2375 0.2929292929292929 0.01640849099274563 0.0007164101884491011
2376 0.2929292929292929 0.01802560165017864 0.0007870147645400301
2377 0.2929292929292929 0.01956185677389065 0.0008540891117893292
2378 0.2929292929292929 0.02102129913884476 0.0009178097415638543
2379 0.2929292929292929 0.02240776939021695 0.000978344340053366
2380 0.2929292929292929 0.02372491613171144 0.00103585220873589
2381 0.297979797979798 0.00243753521254278 0.000106425085752318
2382 0.297979797979798 0.00475319366391141 0.0002075289171931373
2383 0.297979797979798 0.006953069192737294 0.0003035775570630371
2384 0.297979797979798 0.009042950945862003 0.000394823764971756
2385 0.297979797979798 0.01102833861222444 0.0004815076625240704
2386 0.297979797979798 0.01291445689115571 0.0005638573650191898
2387 0.297979797979798 0.01470626925027672 0.0006420895821335382
2388 0.297979797979798 0.01640849099271822 0.0007164101884479044
2389 0.297979797979798 0.01802560165015694 0.0007870147645390828
2390 0.297979797979798 0.01956185677387416 0.0008540891117886097
2391 0.297979797979798 0.02102129913883301 0.0009178097415633417
2392 0.297979797979798 0.02240776939020951 0.0009783443400530414
2393 0.297979797979798 0.02372491613170791 0.001035852208735736
2394 0.303030303030303 0.002437535212457747 0.0001064250857486055
2395 0.303030303030303 0.004753193663836842 0.0002075289171898816
2396 0.303030303030303 0.006953069192672356 0.0003035775570602018
2397 0.303030303030303 0.009042950945805921 0.0003948237649693073
2398 0.303030303030303 0.0110283386121765 0.000481507662521977
2399 0.303030303030303 0.01291445689111522 0.0005638573650174219
2400 0.303030303030303 0.01470626925024306 0.0006420895821320687
2401 0.303030303030303 0.01640849099269081 0.000716410188446708
2402 0.303030303030303 0.01802560165013524 0.0007870147645381352
2403 0.303030303030303 0.01956185677385767 0.0008540891117878896
2404 0.303030303030303 0.02102129913882126 0.0009178097415628286
2405 0.303030303030303 0.02240776939020207 0.0009783443400527164
2406 0.303030303030303 0.02372491613170437 0.001035852208735581
2407 0.3080808080808081 0.002437535212372714 0.0001064250857448929
2408 0.3080808080808081 0.004753193663762275 0.0002075289171866259
2409 0.3080808080808081 0.006953069192607422 0.0003035775570573668
2410 0.3080808080808081 0.009042950945749841 0.0003948237649668588
2411 0.3080808080808081 0.01102833861212855 0.0004815076625198835
2412 0.3080808080808081 0.01291445689107473 0.0005638573650156541
2413 0.3080808080808081 0.01470626925020941 0.0006420895821305992
2414 0.3080808080808081 0.01640849099266341 0.0007164101884455115
2415 0.3080808080808081 0.01802560165011354 0.0007870147645371878
2416 0.3080808080808081 0.01956185677384118 0.0008540891117871695
2417 0.3080808080808081 0.02102129913880951 0.0009178097415623158
2418 0.3080808080808081 0.02240776939019462 0.0009783443400523915
2419 0.3080808080808081 0.02372491613170084 0.001035852208735427
2420 0.3131313131313131 0.00243753521228768 0.0001064250857411803
2421 0.3131313131313131 0.004753193663687708 0.0002075289171833703
2422 0.3131313131313131 0.006953069192542485 0.0003035775570545314
2423 0.3131313131313131 0.009042950945693757 0.0003948237649644102
2424 0.3131313131313131 0.0110283386120806 0.00048150766251779
2425 0.3131313131313131 0.01291445689103424 0.0005638573650138864
2426 0.3131313131313131 0.01470626925017575 0.0006420895821291297
2427 0.3131313131313131 0.016408490992636 0.0007164101884443146
2428 0.3131313131313131 0.01802560165009184 0.0007870147645362406
2429 0.3131313131313131 0.01956185677382469 0.0008540891117864495
2430 0.3131313131313131 0.02102129913879776 0.0009178097415618025
2431 0.3131313131313131 0.02240776939018719 0.0009783443400520667
2432 0.3131313131313131 0.0237249161316973 0.001035852208735273
2433 0.3181818181818182 0.002437535212202649 0.0001064250857374677
2434 0.3181818181818182 0.004753193663613143 0.0002075289171801147
2435 0.3181818181818182 0.006953069192477551 0.0003035775570516964
2436 0.3181818181818182 0.009042950945637677 0.0003948237649619617
2437 0.3181818181818182 0.01102833861203265 0.0004815076625156965
2438 0.3181818181818182 0.01291445689099375 0.0005638573650121184
2439 0.3181818181818182 0.01470626925014209 0.0006420895821276601
2440 0.3181818181818182 0.01640849099260859 0.000716410188443118
2441 0.3181818181818182 0.01802560165007015 0.0007870147645352937
2442 0.3181818181818182 0.0195618567738082 0.0008540891117857296
2443 0.3181818181818182 0.02102129913878601 0.0009178097415612897
2444 0.3181818181818181 0.02240776939017974 0.0009783443400517419
2445 0.3181818181818182 0.02372491613169377 0.001035852208735118
2446 0.3232323232323233 0.002437535212117616 0.0001064250857337551
2447 0.3232323232323233 0.004753193663538575 0.000207528917176859
2448 0.3232323232323233 0.006953069192412614 0.0003035775570488612
2449 0.3232323232323233 0.009042950945581597 0.0003948237649595132
2450 0.3232323232323233 0.0110283386119847 0.0004815076625136029
2451 0.3232323232323233 0.01291445689095326 0.0005638573650103504
2452 0.3232323232323232 0.01470626925010843 0.0006420895821261907
2453 0.3232323232323233 0.01640849099258119 0.0007164101884419214
2454 0.3232323232323232 0.01802560165004845 0.000787014764534346
2455 0.3232323232323232 0.01956185677379171 0.0008540891117850096
2456 0.3232323232323232 0.02102129913877426 0.0009178097415607767
2457 0.3232323232323232 0.0224077693901723 0.0009783443400514166
2458 0.3232323232323232 0.02372491613169023 0.001035852208734964
2459 0.3282828282828283 0.002437535212032584 0.0001064250857300425
2460 0.3282828282828283 0.004753193663464007 0.0002075289171736032
2461 0.3282828282828283 0.006953069192347677 0.0003035775570460259
2462 0.3282828282828283 0.009042950945525515 0.0003948237649570646
2463 0.3282828282828283 0.01102833861193675 0.0004815076625115095
2464 0.3282828282828283 0.01291445689091277 0.0005638573650085825
2465 0.3282828282828283 0.01470626925007477 0.0006420895821247211
2466 0.3282828282828283 0.01640849099255378 0.0007164101884407247
2467 0.3282828282828283 0.01802560165002676 0.0007870147645333989
2468 0.3282828282828283 0.01956185677377522 0.0008540891117842895
2469 0.3282828282828283 0.02102129913876251 0.0009178097415602636
2470 0.3282828282828283 0.02240776939016486 0.0009783443400510918
2471 0.3282828282828283 0.0237249161316867 0.00103585220873481
2472 0.3333333333333334 0.00243753521194755 0.0001064250857263297
2473 0.3333333333333334 0.004753193663389441 0.0002075289171703476
2474 0.3333333333333334 0.006953069192282742 0.0003035775570431908
2475 0.3333333333333334 0.009042950945469433 0.000394823764954616
2476 0.3333333333333334 0.0110283386118888 0.0004815076625094159
2477 0.3333333333333334 0.01291445689087228 0.0005638573650068147
2478 0.3333333333333334 0.01470626925004112 0.0006420895821232516
2479 0.3333333333333334 0.01640849099252637 0.0007164101884395282
2480 0.3333333333333334 0.01802560165000506 0.0007870147645324516
2481 0.3333333333333333 0.01956185677375873 0.0008540891117835696
2482 0.3333333333333333 0.02102129913875077 0.000917809741559751
2483 0.3333333333333333 0.02240776939015742 0.0009783443400507672
2484 0.3333333333333333 0.02372491613168316 0.001035852208734655
2485 0.3383838383838384 0.002437535211862515 0.0001064250857226171
2486 0.3383838383838385 0.004753193663314873 0.0002075289171670919
2487 0.3383838383838384 0.006953069192217803 0.0003035775570403555
2488 0.3383838383838384 0.009042950945413354 0.0003948237649521675
2489 0.3383838383838384 0.01102833861184085 0.0004815076625073224
2490 0.3383838383838383 0.01291445689083179 0.0005638573650050469
2491 0.3383838383838384 0.01470626925000746 0.0006420895821217819
2492 0.3383838383838384 0.01640849099249896 0.0007164101884383315
2493 0.3383838383838385 0.01802560164998336 0.0007870147645315041
2494 0.3383838383838384 0.01956185677374224 0.0008540891117828497
2495 0.3383838383838384 0.02102129913873901 0.0009178097415592375
2496 0.3383838383838383 0.02240776939014998 0.0009783443400504421
2497 0.3383838383838384 0.02372491613167963 0.001035852208734501
2498 0.3434343434343435 0.002437535211777484 0.0001064250857189046
2499 0.3434343434343435 0.004753193663240302 0.0002075289171638361
2500 0.3434343434343435 0.006953069192152868 0.0003035775570375204
2501 0.3434343434343435 0.009042950945357273 0.0003948237649497191
2502 0.3434343434343434 0.0110283386117929 0.0004815076625052291
2503 0.3434343434343434 0.0129144568907913 0.0005638573650032791
2504 0.3434343434343435 0.0147062692499738 0.0006420895821203125
2505 0.3434343434343435 0.01640849099247155 0.0007164101884371348
2506 0.3434343434343435 0.01802560164996166 0.0007870147645305568
2507 0.3434343434343434 0.01956185677372575 0.0008540891117821296
2508 0.3434343434343435 0.02102129913872727 0.0009178097415587247
2509 0.3434343434343434 0.02240776939014254 0.0009783443400501173
2510 0.3434343434343434 0.0237249161316761 0.001035852208734347
2511 0.3484848484848485 0.002437535211692449 0.0001064250857151918
2512 0.3484848484848485 0.004753193663165739 0.0002075289171605806
2513 0.3484848484848485 0.006953069192087935 0.0003035775570346853
2514 0.3484848484848485 0.009042950945301192 0.0003948237649472705
2515 0.3484848484848485 0.01102833861174495 0.0004815076625031354
2516 0.3484848484848485 0.01291445689075081 0.0005638573650015112
2517 0.3484848484848485 0.01470626924994014 0.000642089582118843
2518 0.3484848484848485 0.01640849099244415 0.000716410188435938
2519 0.3484848484848485 0.01802560164993997 0.0007870147645296095
2520 0.3484848484848485 0.01956185677370926 0.0008540891117814097
2521 0.3484848484848485 0.02102129913871552 0.0009178097415582117
2522 0.3484848484848485 0.0224077693901351 0.0009783443400497925
2523 0.3484848484848485 0.02372491613167256 0.001035852208734192
2524 0.3535353535353536 0.002437535211607418 0.0001064250857114793
2525 0.3535353535353536 0.004753193663091168 0.0002075289171573247
2526 0.3535353535353536 0.006953069192022997 0.0003035775570318501
2527 0.3535353535353536 0.009042950945245112 0.0003948237649448219
2528 0.3535353535353536 0.011028338611697 0.0004815076625010419
2529 0.3535353535353536 0.01291445689071032 0.0005638573649997432
2530 0.3535353535353536 0.01470626924990649 0.0006420895821173735
2531 0.3535353535353536 0.01640849099241674 0.0007164101884347416
2532 0.3535353535353536 0.01802560164991827 0.0007870147645286623
2533 0.3535353535353535 0.01956185677369277 0.00085408911178069
2534 0.3535353535353535 0.02102129913870377 0.000917809741557699
2535 0.3535353535353535 0.02240776939012766 0.0009783443400494677
2536 0.3535353535353535 0.02372491613166903 0.001035852208734038
2537 0.3585858585858586 0.002437535211522388 0.0001064250857077668
2538 0.3585858585858586 0.004753193663016604 0.0002075289171540693
2539 0.3585858585858587 0.006953069191958062 0.000303577557029015
2540 0.3585858585858586 0.009042950945189029 0.0003948237649423734
2541 0.3585858585858586 0.01102833861164905 0.0004815076624989484
2542 0.3585858585858586 0.01291445689066983 0.0005638573649979755
2543 0.3585858585858586 0.01470626924987283 0.0006420895821159039
2544 0.3585858585858586 0.01640849099238934 0.0007164101884335451
2545 0.3585858585858586 0.01802560164989657 0.000787014764527715
2546 0.3585858585858586 0.01956185677367628 0.0008540891117799702
2547 0.3585858585858586 0.02102129913869202 0.0009178097415571856
2548 0.3585858585858586 0.02240776939012021 0.0009783443400491428
2549 0.3585858585858586 0.0237249161316655 0.001035852208733884
2550 0.3636363636363636 0.002437535211437351 0.0001064250857040541
2551 0.3636363636363636 0.004753193662942034 0.0002075289171508134
2552 0.3636363636363636 0.006953069191893127 0.0003035775570261799
2553 0.3636363636363636 0.009042950945132947 0.0003948237649399248
2554 0.3636363636363636 0.01102833861160111 0.000481507662496855
2555 0.3636363636363636 0.01291445689062934 0.0005638573649962076
2556 0.3636363636363636 0.01470626924983917 0.0006420895821144342
2557 0.3636363636363636 0.01640849099236193 0.0007164101884323484
2558 0.3636363636363636 0.01802560164987487 0.0007870147645267677
2559 0.3636363636363636 0.01956185677365979 0.0008540891117792501
2560 0.3636363636363636 0.02102129913868027 0.000917809741556673
2561 0.3636363636363636 0.02240776939011278 0.000978344340048818
2562 0.3636363636363636 0.02372491613166196 0.00103585220873373
2563 0.3686868686868687 0.002437535211352319 0.0001064250857003414
2564 0.3686868686868687 0.004753193662867467 0.0002075289171475578
2565 0.3686868686868687 0.006953069191828188 0.0003035775570233446
2566 0.3686868686868687 0.009042950945076867 0.0003948237649374762
2567 0.3686868686868687 0.01102833861155316 0.0004815076624947614
2568 0.3686868686868687 0.01291445689058885 0.0005638573649944397
2569 0.3686868686868687 0.01470626924980551 0.0006420895821129649
2570 0.3686868686868687 0.01640849099233452 0.000716410188431152
2571 0.3686868686868687 0.01802560164985318 0.0007870147645258203
2572 0.3686868686868687 0.0195618567736433 0.0008540891117785301
2573 0.3686868686868687 0.02102129913866852 0.0009178097415561599
2574 0.3686868686868686 0.02240776939010533 0.0009783443400484928
2575 0.3686868686868687 0.02372491613165843 0.001035852208733575
2576 0.3737373737373737 0.002437535211267286 0.0001064250856966289
2577 0.3737373737373738 0.004753193662792901 0.0002075289171443022
2578 0.3737373737373738 0.006953069191763253 0.0003035775570205094
2579 0.3737373737373738 0.009042950945020785 0.0003948237649350276
2580 0.3737373737373738 0.01102833861150521 0.0004815076624926679
2581 0.3737373737373737 0.01291445689054836 0.0005638573649926719
2582 0.3737373737373738 0.01470626924977185 0.0006420895821114954
2583 0.3737373737373738 0.01640849099230711 0.0007164101884299551
2584 0.3737373737373738 0.01802560164983148 0.0007870147645248728
2585 0.3737373737373738 0.01956185677362681 0.0008540891117778099
2586 0.3737373737373738 0.02102129913865677 0.0009178097415556471
2587 0.3737373737373738 0.02240776939009789 0.0009783443400481684
2588 0.3737373737373737 0.02372491613165489 0.001035852208733421
2589 0.3787878787878788 0.002437535211182255 0.0001064250856929163
2590 0.3787878787878788 0.004753193662718333 0.0002075289171410464
2591 0.3787878787878788 0.006953069191698318 0.0003035775570176743
2592 0.3787878787878788 0.009042950944964705 0.0003948237649325791
2593 0.3787878787878788 0.01102833861145726 0.0004815076624905744
2594 0.3787878787878788 0.01291445689050786 0.000563857364990904
2595 0.3787878787878788 0.0147062692497382 0.0006420895821100259
2596 0.3787878787878788 0.01640849099227971 0.0007164101884287586
2597 0.3787878787878788 0.01802560164980978 0.0007870147645239258
2598 0.3787878787878788 0.01956185677361032 0.00085408911177709
2599 0.3787878787878788 0.02102129913864502 0.000917809741555134
2600 0.3787878787878788 0.02240776939009045 0.0009783443400478435
2601 0.3787878787878788 0.02372491613165136 0.001035852208733267
2602 0.3838383838383839 0.002437535211097222 0.0001064250856892037
2603 0.3838383838383839 0.004753193662643766 0.0002075289171377908
2604 0.3838383838383839 0.006953069191633383 0.0003035775570148392
2605 0.3838383838383839 0.009042950944908623 0.0003948237649301305
2606 0.3838383838383838 0.01102833861140931 0.0004815076624884809
2607 0.3838383838383839 0.01291445689046737 0.0005638573649891362
2608 0.3838383838383839 0.01470626924970454 0.0006420895821085564
2609 0.3838383838383838 0.0164084909922523 0.000716410188427562
2610 0.3838383838383838 0.01802560164978809 0.0007870147645229785
2611 0.3838383838383838 0.01956185677359383 0.0008540891117763699
2612 0.3838383838383838 0.02102129913863328 0.000917809741554621
2613 0.3838383838383838 0.02240776939008301 0.0009783443400475183
2614 0.3838383838383838 0.02372491613164782 0.001035852208733112
2615 0.3888888888888889 0.002437535211012188 0.000106425085685491
2616 0.3888888888888889 0.0047531936625692 0.0002075289171345352
2617 0.3888888888888889 0.006953069191568446 0.000303577557012004
2618 0.3888888888888889 0.009042950944852543 0.0003948237649276821
2619 0.388888888888889 0.01102833861136136 0.0004815076624863873
2620 0.388888888888889 0.01291445689042688 0.0005638573649873683
2621 0.3888888888888888 0.01470626924967088 0.0006420895821070867
2622 0.3888888888888889 0.01640849099222489 0.0007164101884263651
2623 0.3888888888888889 0.01802560164976639 0.0007870147645220309
2624 0.3888888888888888 0.01956185677357734 0.00085408911177565
2625 0.3888888888888889 0.02102129913862152 0.0009178097415541079
2626 0.3888888888888888 0.02240776939007557 0.0009783443400471934
2627 0.3888888888888888 0.02372491613164429 0.001035852208732958
2628 0.393939393939394 0.002437535210927157 0.0001064250856817785
2629 0.393939393939394 0.004753193662494633 0.0002075289171312795
2630 0.3939393939393939 0.006953069191503512 0.0003035775570091689
2631 0.3939393939393939 0.009042950944796461 0.0003948237649252334
2632 0.3939393939393939 0.01102833861131341 0.0004815076624842939
2633 0.393939393939394 0.01291445689038639 0.0005638573649856004
2634 0.3939393939393939 0.01470626924963722 0.0006420895821056171
2635 0.3939393939393939 0.01640849099219748 0.0007164101884251686
2636 0.3939393939393939 0.01802560164974469 0.0007870147645210836
2637 0.3939393939393939 0.01956185677356085 0.00085408911177493
2638 0.3939393939393939 0.02102129913860978 0.0009178097415535949
2639 0.3939393939393939 0.02240776939006812 0.0009783443400468686
2640 0.3939393939393939 0.02372491613164075 0.001035852208732804
2641 0.398989898989899 0.002437535210842119 0.0001064250856780656
2642 0.398989898989899 0.004753193662420066 0.0002075289171280238
2643 0.398989898989899 0.006953069191438575 0.0003035775570063338
2644 0.398989898989899 0.009042950944740379 0.0003948237649227849
2645 0.398989898989899 0.01102833861126546 0.0004815076624822003
2646 0.398989898989899 0.0129144568903459 0.0005638573649838324
2647 0.398989898989899 0.01470626924960356 0.0006420895821041475
2648 0.398989898989899 0.01640849099217008 0.0007164101884239722
2649 0.398989898989899 0.01802560164972299 0.0007870147645201363
2650 0.398989898989899 0.01956185677354437 0.0008540891117742103
2651 0.398989898989899 0.02102129913859803 0.0009178097415530823
2652 0.398989898989899 0.02240776939006069 0.0009783443400465436
2653 0.398989898989899 0.02372491613163722 0.001035852208732649
2654 0.4040404040404041 0.002437535210757088 0.0001064250856743531
2655 0.4040404040404041 0.004753193662345495 0.000207528917124768
2656 0.404040404040404 0.006953069191373638 0.0003035775570034984
2657 0.4040404040404041 0.009042950944684299 0.0003948237649203363
2658 0.4040404040404041 0.01102833861121751 0.0004815076624801067
2659 0.404040404040404 0.01291445689030541 0.0005638573649820647
2660 0.4040404040404041 0.01470626924956991 0.0006420895821026782
2661 0.404040404040404 0.01640849099214267 0.0007164101884227754
2662 0.404040404040404 0.01802560164970129 0.0007870147645191889
2663 0.404040404040404 0.01956185677352787 0.00085408911177349
2664 0.404040404040404 0.02102129913858628 0.0009178097415525694
2665 0.404040404040404 0.02240776939005324 0.0009783443400462187
2666 0.4040404040404041 0.02372491613163368 0.001035852208732495
2667 0.4090909090909091 0.002437535210672059 0.0001064250856706407
2668 0.4090909090909091 0.004753193662270932 0.0002075289171215125
2669 0.4090909090909091 0.006953069191308705 0.0003035775570006634
2670 0.4090909090909091 0.009042950944628217 0.0003948237649178877
2671 0.4090909090909091 0.01102833861116956 0.0004815076624780134
2672 0.4090909090909091 0.01291445689026492 0.0005638573649802968
2673 0.4090909090909091 0.01470626924953625 0.0006420895821012087
2674 0.4090909090909091 0.01640849099211526 0.0007164101884215788
2675 0.4090909090909091 0.0180256016496796 0.0007870147645182417
2676 0.4090909090909091 0.01956185677351138 0.0008540891117727704
2677 0.4090909090909091 0.02102129913857453 0.0009178097415520564
2678 0.4090909090909091 0.0224077693900458 0.0009783443400458937
2679 0.4090909090909091 0.02372491613163015 0.00103585220873234
2680 0.4141414141414142 0.002437535210587025 0.000106425085666928
2681 0.4141414141414141 0.00475319366219636 0.0002075289171182566
2682 0.4141414141414142 0.006953069191243769 0.0003035775569978283
2683 0.4141414141414142 0.009042950944572137 0.0003948237649154392
2684 0.4141414141414141 0.01102833861112161 0.0004815076624759198
2685 0.4141414141414141 0.01291445689022443 0.0005638573649785288
2686 0.4141414141414141 0.01470626924950259 0.0006420895820997391
2687 0.4141414141414141 0.01640849099208785 0.000716410188420382
2688 0.4141414141414141 0.0180256016496579 0.0007870147645172945
2689 0.4141414141414141 0.01956185677349489 0.0008540891117720505
2690 0.4141414141414141 0.02102129913856278 0.0009178097415515432
2691 0.4141414141414141 0.02240776939003836 0.0009783443400455689
2692 0.4141414141414141 0.02372491613162661 0.001035852208732187
2693 0.4191919191919192 0.002437535210501991 0.0001064250856632153
2694 0.4191919191919192 0.004753193662121792 0.0002075289171150009
2695 0.4191919191919192 0.006953069191178832 0.000303577556994993
2696 0.4191919191919192 0.009042950944516057 0.0003948237649129907
2697 0.4191919191919191 0.01102833861107366 0.0004815076624738263
2698 0.4191919191919192 0.01291445689018394 0.0005638573649767611
2699 0.4191919191919192 0.01470626924946893 0.0006420895820982696
2700 0.4191919191919192 0.01640849099206045 0.0007164101884191854
2701 0.4191919191919192 0.01802560164963621 0.0007870147645163471
2702 0.4191919191919192 0.0195618567734784 0.0008540891117713304
2703 0.4191919191919191 0.02102129913855103 0.0009178097415510303
2704 0.4191919191919192 0.02240776939003092 0.0009783443400452438
2705 0.4191919191919192 0.02372491613162308 0.001035852208732032
2706 0.4242424242424243 0.002437535210416959 0.0001064250856595028
2707 0.4242424242424243 0.004753193662047229 0.0002075289171117454
2708 0.4242424242424243 0.006953069191113897 0.000303577556992158
2709 0.4242424242424243 0.009042950944459973 0.0003948237649105421
2710 0.4242424242424243 0.01102833861102571 0.0004815076624717328
2711 0.4242424242424243 0.01291445689014345 0.0005638573649749931
2712 0.4242424242424243 0.01470626924943528 0.0006420895820967999
2713 0.4242424242424243 0.01640849099203304 0.0007164101884179889
2714 0.4242424242424243 0.01802560164961451 0.0007870147645153999
2715 0.4242424242424242 0.01956185677346191 0.0008540891117706104
2716 0.4242424242424242 0.02102129913853928 0.0009178097415505173
2717 0.4242424242424243 0.02240776939002348 0.0009783443400449192
2718 0.4242424242424243 0.02372491613161954 0.001035852208731878
2719 0.4292929292929293 0.002437535210331925 0.0001064250856557901
2720 0.4292929292929293 0.004753193661972658 0.0002075289171084896
2721 0.4292929292929293 0.006953069191048961 0.0003035775569893229
2722 0.4292929292929293 0.009042950944403895 0.0003948237649080936
2723 0.4292929292929293 0.01102833861097776 0.0004815076624696393
2724 0.4292929292929293 0.01291445689010296 0.0005638573649732254
2725 0.4292929292929293 0.01470626924940162 0.0006420895820953306
2726 0.4292929292929293 0.01640849099200564 0.0007164101884167924
2727 0.4292929292929293 0.01802560164959281 0.0007870147645144526
2728 0.4292929292929293 0.01956185677344542 0.0008540891117698905
2729 0.4292929292929293 0.02102129913852754 0.0009178097415500045
2730 0.4292929292929293 0.02240776939001604 0.0009783443400445944
2731 0.4292929292929293 0.02372491613161601 0.001035852208731723
2732 0.4343434343434343 0.002437535210246894 0.0001064250856520776
2733 0.4343434343434343 0.004753193661898091 0.0002075289171052339
2734 0.4343434343434343 0.006953069190984025 0.0003035775569864876
2735 0.4343434343434344 0.009042950944347813 0.0003948237649056449
2736 0.4343434343434344 0.01102833861092981 0.0004815076624675458
2737 0.4343434343434344 0.01291445689006247 0.0005638573649714578
2738 0.4343434343434343 0.01470626924936796 0.0006420895820938611
2739 0.4343434343434343 0.01640849099197823 0.0007164101884155955
2740 0.4343434343434344 0.01802560164957111 0.0007870147645135053
2741 0.4343434343434344 0.01956185677342893 0.0008540891117691705
2742 0.4343434343434343 0.02102129913851578 0.0009178097415494912
2743 0.4343434343434343 0.0224077693900086 0.0009783443400442691
2744 0.4343434343434344 0.02372491613161248 0.001035852208731569
2745 0.4393939393939394 0.002437535210161863 0.000106425085648365
2746 0.4393939393939393 0.004753193661823525 0.0002075289171019783
2747 0.4393939393939394 0.006953069190919091 0.0003035775569836525
2748 0.4393939393939393 0.009042950944291731 0.0003948237649031964
2749 0.4393939393939394 0.01102833861088186 0.0004815076624654522
2750 0.4393939393939394 0.01291445689002198 0.0005638573649696897
2751 0.4393939393939393 0.0147062692493343 0.0006420895820923914
2752 0.4393939393939393 0.01640849099195082 0.000716410188414399
2753 0.4393939393939394 0.01802560164954942 0.0007870147645125578
2754 0.4393939393939394 0.01956185677341244 0.0008540891117684504
2755 0.4393939393939393 0.02102129913850403 0.0009178097415489782
2756 0.4393939393939394 0.02240776939000116 0.0009783443400439443
2757 0.4393939393939394 0.02372491613160894 0.001035852208731415
2758 0.4444444444444445 0.002437535210076834 0.0001064250856446526
2759 0.4444444444444444 0.004753193661748955 0.0002075289170987225
2760 0.4444444444444445 0.006953069190854153 0.0003035775569808172
2761 0.4444444444444444 0.009042950944235651 0.000394823764900748
2762 0.4444444444444444 0.01102833861083392 0.0004815076624633589
2763 0.4444444444444444 0.01291445688998149 0.0005638573649679218
2764 0.4444444444444444 0.01470626924930064 0.0006420895820909218
2765 0.4444444444444444 0.01640849099192341 0.0007164101884132025
2766 0.4444444444444444 0.01802560164952772 0.0007870147645116105
2767 0.4444444444444444 0.01956185677339595 0.0008540891117677304
2768 0.4444444444444444 0.02102129913849229 0.0009178097415484653
2769 0.4444444444444444 0.02240776938999371 0.0009783443400436195
2770 0.4444444444444444 0.02372491613160541 0.00103585220873126
2771 0.4494949494949496 0.002437535209991798 0.0001064250856409398
2772 0.4494949494949495 0.00475319366167439 0.0002075289170954669
2773 0.4494949494949495 0.006953069190789218 0.0003035775569779822
2774 0.4494949494949496 0.009042950944179571 0.0003948237648982993
2775 0.4494949494949496 0.01102833861078597 0.0004815076624612652
2776 0.4494949494949495 0.012914456889941 0.0005638573649661541
2777 0.4494949494949495 0.01470626924926699 0.0006420895820894524
2778 0.4494949494949496 0.016408490991896 0.0007164101884120057
2779 0.4494949494949495 0.01802560164950602 0.0007870147645106629
2780 0.4494949494949495 0.01956185677337946 0.0008540891117670105
2781 0.4494949494949495 0.02102129913848054 0.0009178097415479523
2782 0.4494949494949495 0.02240776938998627 0.0009783443400432947
2783 0.4494949494949495 0.02372491613160187 0.001035852208731106
2784 0.4545454545454546 0.00243753520990676 0.000106425085637227
2785 0.4545454545454545 0.004753193661599821 0.0002075289170922112
2786 0.4545454545454546 0.006953069190724283 0.000303577556975147
2787 0.4545454545454545 0.00904295094412349 0.0003948237648958509
2788 0.4545454545454546 0.01102833861073802 0.0004815076624591717
2789 0.4545454545454546 0.0129144568899005 0.000563857364964386
2790 0.4545454545454546 0.01470626924923333 0.0006420895820879829
2791 0.4545454545454545 0.0164084909918686 0.0007164101884108092
2792 0.4545454545454545 0.01802560164948433 0.000787014764509716
2793 0.4545454545454545 0.01956185677336298 0.0008540891117662907
2794 0.4545454545454546 0.02102129913846879 0.0009178097415474397
2795 0.4545454545454545 0.02240776938997883 0.0009783443400429698
2796 0.4545454545454545 0.02372491613159834 0.001035852208730951
2797 0.4595959595959596 0.002437535209821729 0.0001064250856335145
2798 0.4595959595959596 0.004753193661525254 0.0002075289170889555
2799 0.4595959595959596 0.006953069190659342 0.0003035775569723116
2800 0.4595959595959596 0.00904295094406741 0.0003948237648934024
2801 0.4595959595959596 0.01102833861069007 0.0004815076624570781
2802 0.4595959595959596 0.01291445688986001 0.0005638573649626181
2803 0.4595959595959597 0.01470626924919967 0.0006420895820865132
2804 0.4595959595959596 0.01640849099184119 0.0007164101884096126
2805 0.4595959595959596 0.01802560164946263 0.0007870147645087684
2806 0.4595959595959596 0.01956185677334648 0.0008540891117655705
2807 0.4595959595959597 0.02102129913845704 0.0009178097415469262
2808 0.4595959595959597 0.02240776938997139 0.000978344340042645
2809 0.4595959595959596 0.0237249161315948 0.001035852208730797
2810 0.4646464646464647 0.002437535209736701 0.0001064250856298021
2811 0.4646464646464648 0.004753193661450685 0.0002075289170856998
2812 0.4646464646464647 0.006953069190594409 0.0003035775569694766
2813 0.4646464646464646 0.009042950944011328 0.0003948237648909538
2814 0.4646464646464646 0.01102833861064212 0.0004815076624549848
2815 0.4646464646464647 0.01291445688981952 0.0005638573649608505
2816 0.4646464646464647 0.01470626924916601 0.0006420895820850438
2817 0.4646464646464646 0.01640849099181379 0.0007164101884084162
2818 0.4646464646464647 0.01802560164944093 0.0007870147645078215
2819 0.4646464646464647 0.01956185677332999 0.0008540891117648508
2820 0.4646464646464646 0.02102129913844529 0.0009178097415464134
2821 0.4646464646464646 0.02240776938996395 0.0009783443400423202
2822 0.4646464646464646 0.02372491613159127 0.001035852208730643
2823 0.4696969696969697 0.002437535209651669 0.0001064250856260895
2824 0.4696969696969697 0.00475319366137612 0.0002075289170824441
2825 0.4696969696969697 0.006953069190529472 0.0003035775569666413
2826 0.4696969696969697 0.009042950943955245 0.0003948237648885052
2827 0.4696969696969697 0.01102833861059417 0.0004815076624528913
2828 0.4696969696969696 0.01291445688977903 0.0005638573649590825
2829 0.4696969696969697 0.01470626924913235 0.0006420895820835743
2830 0.4696969696969697 0.01640849099178638 0.0007164101884072192
2831 0.4696969696969697 0.01802560164941923 0.0007870147645068738
2832 0.4696969696969697 0.0195618567733135 0.0008540891117641308
2833 0.4696969696969697 0.02102129913843354 0.0009178097415459008
2834 0.4696969696969697 0.02240776938995651 0.0009783443400419951
2835 0.4696969696969697 0.02372491613158774 0.001035852208730489
2836 0.4747474747474749 0.002437535209566632 0.0001064250856223767
2837 0.4747474747474748 0.004753193661301553 0.0002075289170791885
2838 0.4747474747474748 0.006953069190464537 0.0003035775569638062
2839 0.4747474747474748 0.009042950943899163 0.0003948237648860565
2840 0.4747474747474748 0.01102833861054622 0.0004815076624507977
2841 0.4747474747474747 0.01291445688973854 0.0005638573649573147
2842 0.4747474747474748 0.0147062692490987 0.0006420895820821046
2843 0.4747474747474748 0.01640849099175897 0.0007164101884060228
2844 0.4747474747474748 0.01802560164939754 0.0007870147645059266
2845 0.4747474747474747 0.01956185677329701 0.0008540891117634107
2846 0.4747474747474748 0.0210212991384218 0.0009178097415453877
2847 0.4747474747474747 0.02240776938994907 0.0009783443400416701
2848 0.4747474747474748 0.0237249161315842 0.001035852208730335
2849 0.4797979797979798 0.002437535209481598 0.0001064250856186641
2850 0.4797979797979799 0.004753193661226986 0.0002075289170759328
2851 0.4797979797979798 0.006953069190399602 0.0003035775569609711
2852 0.4797979797979798 0.009042950943843083 0.000394823764883608
2853 0.4797979797979799 0.01102833861049827 0.0004815076624487042
2854 0.4797979797979798 0.01291445688969805 0.0005638573649555468
2855 0.4797979797979798 0.01470626924906504 0.0006420895820806351
2856 0.4797979797979798 0.01640849099173156 0.0007164101884048261
2857 0.4797979797979798 0.01802560164937584 0.0007870147645049792
2858 0.4797979797979799 0.01956185677328052 0.0008540891117626903
2859 0.4797979797979798 0.02102129913841005 0.0009178097415448748
2860 0.4797979797979799 0.02240776938994163 0.0009783443400413453
2861 0.4797979797979799 0.02372491613158067 0.00103585220873018
2862 0.4848484848484849 0.002437535209396564 0.0001064250856149513
2863 0.484848484848485 0.004753193661152419 0.0002075289170726772
2864 0.4848484848484849 0.006953069190334665 0.0003035775569581359
2865 0.4848484848484849 0.009042950943787001 0.0003948237648811595
2866 0.4848484848484849 0.01102833861045032 0.0004815076624466105
2867 0.4848484848484849 0.01291445688965756 0.000563857364953779
2868 0.4848484848484849 0.01470626924903138 0.0006420895820791653
2869 0.4848484848484849 0.01640849099170415 0.0007164101884036294
2870 0.4848484848484849 0.01802560164935414 0.0007870147645040319
2871 0.4848484848484849 0.01956185677326403 0.0008540891117619707
2872 0.4848484848484849 0.0210212991383983 0.0009178097415443616
2873 0.4848484848484849 0.02240776938993418 0.0009783443400410202
2874 0.4848484848484849 0.02372491613157713 0.001035852208730026
2875 0.4898989898989899 0.002437535209311533 0.0001064250856112388
2876 0.4898989898989899 0.004753193661077852 0.0002075289170694216
2877 0.4898989898989899 0.006953069190269731 0.0003035775569553009
2878 0.4898989898989899 0.009042950943730921 0.000394823764878711
2879 0.4898989898989899 0.01102833861040237 0.0004815076624445172
2880 0.4898989898989899 0.01291445688961707 0.000563857364952011
2881 0.4898989898989899 0.01470626924899772 0.000642089582077696
2882 0.4898989898989898 0.01640849099167675 0.0007164101884024329
2883 0.4898989898989899 0.01802560164933244 0.0007870147645030845
2884 0.4898989898989899 0.01956185677324754 0.0008540891117612509
2885 0.4898989898989899 0.02102129913838655 0.0009178097415438488
2886 0.4898989898989899 0.02240776938992675 0.0009783443400406958
2887 0.4898989898989899 0.02372491613157359 0.001035852208729871
2888 0.494949494949495 0.002437535209226504 0.0001064250856075264
2889 0.494949494949495 0.004753193661003284 0.0002075289170661658
2890 0.4949494949494949 0.006953069190204793 0.0003035775569524656
2891 0.4949494949494949 0.009042950943674839 0.0003948237648762624
2892 0.4949494949494949 0.01102833861035442 0.0004815076624424236
2893 0.494949494949495 0.01291445688957658 0.0005638573649502433
2894 0.4949494949494949 0.01470626924896406 0.0006420895820762263
2895 0.4949494949494949 0.01640849099164934 0.000716410188401236
2896 0.4949494949494949 0.01802560164931075 0.0007870147645021373
2897 0.494949494949495 0.01956185677323105 0.0008540891117605308
2898 0.4949494949494949 0.02102129913837479 0.0009178097415433355
2899 0.4949494949494949 0.02240776938991931 0.0009783443400403712
2900 0.4949494949494949 0.02372491613157006 0.001035852208729717
$EndNodes
$Elements
4285
1 2 2 20 2 2 105 229
2 2 2 10 4 228 1 352
3 3 2 40 1 1 7 353 228
4 3 2 40 1 228 353 354 227
5 3 2 40 1 227 354 355 226
6 3 2 40 1 226 355 356 225
7 3 2 40 1 225 356 357 224
8 3 2 40 1 224 357 358 223
9 3 2 40 1 223 358 359 222
10 3 2 40 1 222 359 360 221
11 3 2 40 1 221 360 361 220
12 3 2 40 1 220 361 362 219
13 3 2 40 1 219 362 363 218
14 3 2 40 1 218 363 364 217
15 3 2 40 1 217 364 365 216
16 3 2 40 1 216 365 215 4
17 3 2 40 1 7 8 366 353
18 3 2 40 1 353 366 367 354
19 3 2 40 1 354 367 368 355
20 3 2 40 1 355 368 369 356
21 3 2 40 1 356 369 370 357
22 3 2 40 1 357 370 371 358
23 3 2 40 1 358 371 372 359
24 3 2 40 1 359 372 373 360
25 3 2 40 1 360 373 374 361
26 3 2 40 1 361 374 375 362
27 3 2 40 1 362 375 376 363
28 3 2 40 1 363 376 377 364
29 3 2 40 1 364 377 378 365
30 3 2 40 1 365 378 214 215
31 3 2 40 1 8 9 379 366
32 3 2 40 1 366 379 380 367
33 3 2 40 1 367 380 381 368
34 3 2 40 1 368 381 382 369
35 3 2 40 1 369 382 383 370
36 3 2 40 1 370 383 384 371
37 3 2 40 1 371 384 385 372
38 3 2 40 1 372 385 386 373
39 3 2 40 1 373 386 387 374
40 3 2 40 1 374 387 388 375
41 3 2 40 1 375 388 389 376
42 3 2 40 1 376 389 390 377
43 3 2 40 1 377 390 391 378
44 3 2 40 1 378 391 213 214
45 3 2 40 1 9 10 392 379
46 3 2 40 1 379 392 393 380
47 3 2 40 1 380 393 394 381
48 3 2 40 1 381 394 395 382
49 3 2 40 1 382 395 396 383
50 3 2 40 1 383 396 397 384
51 3 2 40 1 384 397 398 385
52 3 2 40 1 385 398 399 386
53 3 2 40 1 386 399 400 387
54 3 2 40 1 387 400 401 388
55 3 2 40 1 388 401 402 389
56 3 2 40 1 389 402 403 390
57 3 2 40 1 390 403 404 391
58 3 2 40 1 391 404 212 213
59 3 2 40 1 10 11 405 392
60 3 2 40 1 392 405 406 393
61 3 2 40 1 393 406 407 394
62 3 2 40 1 394 407 408 395
63 3 2 40 1 395 408 409 396
64 3 2 40 1 396 409 410 397
65 3 2 40 1 397 410 411 398
66 3 2 40 1 398 411 412 399
67 3 2 40 1 399 412 413 400
68 3 2 40 1 400 413 414 401
69 3 2 40 1 401 414 415 402
70 3 2 40 1 402 415 416 403
71 3 2 40 1 403 416 417 404
72 3 2 40 1 404 417 211 212
73 3 2 40 1 11 12 418 405
74 3 2 40 1 405 418 419 406
75 3 2 40 1 406 419 420 407
76 3 2 40 1 407 420 421 408
77 3 2 40 1 408 421 422 409
78 3 2 40 1 409 422 423 410
79 3 2 40 1 410 423 424 411
80 3 2 40 1 411 424 425 412
81 3 2 40 1 412 425 426 413
82 3 2 40 1 413 426 427 414
83 3 2 40 1 414 427 428 415
84 3 2 40 1 415 428 429 416
85 3 2 40 1 416 429 430 417
86 3 2 40 1 417 430 210 211
87 3 2 40 1 12 13 431 418
88 3 2 40 1 418 431 432 419
89 3 2 40 1 419 432 433 420
90 3 2 40 1 420 433 434 421
91 3 2 40 1 421 434 435 422
92 3 2 40 1 422 435 436 423
93 3 2 40 1 423 436 437 424
94 3 2 40 1 424 437 438 425
95 3 2 40 1 425 438 439 426
96 3 2 40 1 426 439 440 427
97 3 2 40 1 427 440 441 428
98 3 2 40 1 428 441 442 429
99 3 2 40 1 429 442 443 430
100 3 2 40 1 430 443 209 210
101 3 2 40 1 13 14 444 431
102 3 2 40 1 431 444 445 432
103 3 2 40 1 432 445 446 433
104 3 2 40 1 433 446 447 434
105 3 2 40 1 434 447 448 435
106 3 2 40 1 435 448 449 436
107 3 2 40 1 436 449 450 437
108 3 2 40 1 437 450 451 438
109 3 2 40 1 438 451 452 439
110 3 2 40 1 439 452 453 440
111 3 2 40 1 440 453 454 441
112 3 2 40 1 441 454 455 442
113 3 2 40 1 442 455 456 443
114 3 2 40 1 443 456 208 209
115 3 2 40 1 14 15 457 444
116 3 2 40 1 444 457 458 445
117 3 2 40 1 445 458 459 446
118 3 2 40 1 446 459 460 447
119 3 2 40 1 447 460 461 448
120 3 2 40 1 448 461 462 449
121 3 2 40 1 449 462 463 450
122 3 2 40 1 450 463 464 451
123 3 2 40 1 451 464 465 452
124 3 2 40 1 452 465 466 453
125 3 2 40 1 453 466 467 454
126 3 2 40 1 454 467 468 455
127 3 2 40 1 455 468 469 456
128 3 2 40 1 456 469 207 208
129 3 2 40 1 15 16 470 457
130 3 2 40 1 457 470 471 458
131 3 2 40 1 458 471 472 459
132 3 2 40 1 459 472 473 460
133 3 2 40 1 460 473 474 461
134 3 2 40 1 461 474 475 462
135 3 2 40 1 462 475 476 463
136 3 2 40 1 463 476 477 464
137 3 2 40 1 464 477 478 465
138 3 2 40 1 465 478 479 466
139 3 2 40 1 466 479 480 467
140 3 2 40 1 467 480 481 468
141 3 2 40 1 468 481 482 469
142 3 2 40 1 469 482 206 207
143 3 2 40 1 16 17 483 470
144 3 2 40 1 470 483 484 471
145 3 2 40 1 471 484 485 472
146 3 2 40 1 472 485 486 473
147 3 2 40 1 473 486 487 474
148 3 2 40 1 474 487 488 475
149 3 2 40 1 475 488 489 476
150 3 2 40 1 476 489 490 477
151 3 2 40 1 477 490 491 478
152 3 2 40 1 478 491 492 479
153 3 2 40 1 479 492 493 480
154 3 2 40 1 480 493 494 481
155 3 2 40 1 481 494 495 482
156 3 2 40 1 482 495 205 206
157 3 2 40 1 17 18 496 483
158 3 2 40 1 483 496 497 484
159 3 2 40 1 484 497 498 485
160 3 2 40 1 485 498 499 486
161 3 2 40 1 486 499 500 487
162 3 2 40 1 487 500 501 488
163 3 2 40 1 488 501 502 489
164 3 2 40 1 489 502 503 490
165 3 2 40 1 490 503 504 491
166 3 2 40 1 491 504 505 492
167 3 2 40 1 492 505 506 493
168 3 2 40 1 493 506 507 494
169 3 2 40 1 494 507 508 495
170 3 2 40 1 495 508 204 205
171 3 2 40 1 18 19 509 496
172 3 2 40 1 496 509 510 497
173 3 2 40 1 497 510 511 498
174 3 2 40 1 498 511 512 499
175 3 2 40 1 499 512 513 500
176 3 2 40 1 500 513 514 501
177 3 2 40 1 501 514 515 502
178 3 2 40 1 502 515 516 503
179 3 2 40 1 503 516 517 504
180 3 2 40 1 504 517 518 505
181 3 2 40 1 505 518 519 506
182 3 2 40 1 506 519 520 507
183 3 2 40 1 507 520 521 508
184 3 2 40 1 508 521 203 204
185 3 2 40 1 19 20 522 509
186 3 2 40 1 509 522 523 510
187 3 2 40 1 510 523 524 511
188 3 2 40 1 511 524 525 512
189 3 2 40 1 512 525 526 513
190 3 2 40 1 513 526 527 514
191 3 2 40 1 514 527 528 515
192 3 2 40 1 515 528 529 516
193 3 2 40 1 516 529 530 517
194 3 2 40 1 517 530 531 518
195 3 2 40 1 518 531 532 519
196 3 2 40 1 519 532 533 520
197 3 2 40 1 520 533 534 521
198 3 2 40 1 521 534 202 203
199 3 2 40 1 20 21 535 522
200 3 2 40 1 522 535 536 523
201 3 2 40 1 523 536 537 524
202 3 2 40 1 524 537 538 525
203 3 2 40 1 525 538 539 526
204 3 2 40 1 526 539 540 527
205 3 2 40 1 527 540 541 528
206 3 2 40 1 528 541 542 529
207 3 2 40 1 529 542 543 530
208 3 2 40 1 530 543 544 531
209 3 2 40 1 531 544 545 532
210 3 2 40 1 532 545 546 533
211 3 2 40 1 533 546 547 534
212 3 2 40 1 534 547 201 202
213 3 2 40 1 21 22 548 535
214 3 2 40 1 535 548 549 536
215 3 2 40 1 536 549 550 537
216 3 2 40 1 537 550 551 538
217 3 2 40 1 538 551 552 539
218 3 2 40 1 539 552 553 540
219 3 2 40 1 540 553 554 541
220 3 2 40 1 541 554 555 542
221 3 2 40 1 542 555 556 543
222 3 2 40 1 543 556 557 544
223 3 2 40 1 544 557 558 545
224 3 2 40 1 545 558 559 546
225 3 2 40 1 546 559 560 547
226 3 2 40 1 547 560 200 201
227 3 2 40 1 22 23 561 548
228 3 2 40 1 548 561 562 549
229 3 2 40 1 549 562 563 550
230 3 2 40 1 550 563 564 551
231 3 2 40 1 551 564 565 552
232 3 2 40 1 552 565 566 553
233 3 2 40 1 553 566 567 554
234 3 2 40 1 554 567 568 555
235 3 2 40 1 555 568 569 556
236 3 2 40 1 556 569 570 557
237 3 2 40 1 557 570 571 558
238 3 2 40 1 558 571 572 559
239 3 2 40 1 559 572 573 560
240 3 2 40 1 560 573 199 200
241 3 2 40 1 23 24 574 561
242 3 2 40 1 561 574 575 562
243 3 2 40 1 562 575 576 563
244 3 2 40 1 563 576 577 564
245 3 2 40 1 564 577 578 565
246 3 2 40 1 565 578 579 566
247 3 2 40 1 566 579 580 567
248 3 2 40 1 567 580 581 568
249 3 2 40 1 568 581 582 569
250 3 2 40 1 569 582 583 570
251 3 2 40 1 570 583 584 571
252 3 2 40 1 571 584 585 572
253 3 2 40 1 572 585 586 573
254 3 2 40 1 573 586 198 199
255 3 2 40 1 24 25 587 574
256 3 2 40 1 574 587 588 575
257 3 2 40 1 575 588 589 576
258 3 2 40 1 576 589 590 577
259 3 2 40 1 577 590 591 578
260 3 2 40 1 578 591 592 579
261 3 2 40 1 579 592 593 580
262 3 2 40 1 580 593 594 581
263 3 2 40 1 581 594 595 582
264 3 2 40 1 582 595 596 583
265 3 2 40 1 583 596 597 584
266 3 2 40 1 584 597 598 585
267 3 2 40 1 585 598 599 586
268 3 2 40 1 586 599 197 198
269 3 2 40 1 25 26 600 587
270 3 2 40 1 587 600 601 588
271 3 2 40 1 588 601 602 589
272 3 2 40 1 589 602 603 590
273 3 2 40 1 590 603 604 591
274 3 2 40 1 591 604 605 592
275 3 2 40 1 592 605 606 593
276 3 2 40 1 593 606 607 594
277 3 2 40 1 594 607 608 595
278 3 2 40 1 595 608 609 596
279 3 2 40 1 596 609 610 597
280 3 2 40 1 597 610 611 598
281 3 2 40 1 598 611 612 599
282 3 2 40 1 599 612 196 197
283 3 2 40 1 26 27 613 600
284 3 2 40 1 600 613 614 601
285 3 2 40 1 601 614 615 602
286 3 2 40 1 602 615 616 603
287 3 2 40 1 603 616 617 604
288 3 2 40 1 604 617 618 605
289 3 2 40 1 605 618 619 606
290 3 2 40 1 606 619 620 607
291 3 2 40 1 607 620 621 608
292 3 2 40 1 608 621 622 609
293 3 2 40 1 609 622 623 610
294 3 2 40 1 610 623 624 611
295 3 2 40 1 611 624 625 612
296 3 2 40 1 612 625 195 196
297 3 2 40 1 27 28 626 613
298 3 2 40 1 613 626 627 614
299 3 2 40 1 614 627 628 615
300 3 2 40 1 615 628 629 616
301 3 2 40 1 616 629 630 617
302 3 2 40 1 617 630 631 618
303 3 2 40 1 618 631 632 619
304 3 2 40 1 619 632 633 620
305 3 2 40 1 620 633 634 621
306 3 2 40 1 621 634 635 622
307 3 2 40 1 622 635 636 623
308 3 2 40 1 623 636 637 624
309 3 2 40 1 624 637 638 625
310 3 2 40 1 625 638 194 195
311 3 2 40 1 28 29 639 626
312 3 2 40 1 626 639 640 627
313 3 2 40 1 627 640 641 628
314 3 2 40 1 628 641 642 629
315 3 2 40 1 629 642 643 630
316 3 2 40 1 630 643 644 631
317 3 2 40 1 631 644 645 632
318 3 2 40 1 632 645 646 633
319 3 2 40 1 633 646 647 634
320 3 2 40 1 634 647 648 635
321 3 2 40 1 635 648 649 636
322 3 2 40 1 636 649 650 637
323 3 2 40 1 637 650 651 638
324 3 2 40 1 638 651 193 194
325 3 2 40 1 29 30 652 639
326 3 2 40 1 639 652 653 640
327 3 2 40 1 640 653 654 641
328 3 2 40 1 641 654 655 642
329 3 2 40 1 642 655 656 643
330 3 2 40 1 643 656 657 644
331 3 2 40 1 644 657 658 645
332 3 2 40 1 645 658 659 646
333 3 2 40 1 646 659 660 647
334 3 2 40 1 647 660 661 648
335 3 2 40 1 648 661 662 649
336 3 2 40 1 649 662 663 650
337 3 2 40 1 650 663 664 651
338 3 2 40 1 651 664 192 193
339 3 2 40 1 30 31 665 652
340 3 2 40 1 652 665 666 653
341 3 2 40 1 653 666 667 654
342 3 2 40 1 654 667 668 655
343 3 2 40 1 655 668 669 656
344 3 2 40 1 656 669 670 657
345 3 2 40 1 657 670 671 658
346 3 2 40 1 658 671 672 659
347 3 2 40 1 659 672 673 660
348 3 2 40 1 660 673 674 661
349 3 2 40 1 661 674 675 662
350 3 2 40 1 662 675 676 663
351 3 2 40 1 663 676 677 664
352 3 2 40 1 664 677 191 192
353 3 2 40 1 31 32 678 665
354 3 2 40 1 665 678 679 666
355 3 2 40 1 666 679 680 667
356 3 2 40 1 667 680 681 668
357 3 2 40 1 668 681 682 669
358 3 2 40 1 669 682 683 670
359 3 2 40 1 670 683 684 671
360 3 2 40 1 671 684 685 672
361 3 2 40 1 672 685 686 673
362 3 2 40 1 673 686 687 674
363 3 2 40 1 674 687 688 675
364 3 2 40 1 675 688 689 676
365 3 2 40 1 676 689 690 677
366 3 2 40 1 677 690 190 191
367 3 2 40 1 32 33 691 678
368 3 2 40 1 678 691 692 679
369 3 2 40 1 679 692 693 680
370 3 2 40 1 680 693 694 681
371 3 2 40 1 681 694 695 682
372 3 2 40 1 682 695 696 683
373 3 2 40 1 683 696 697 684
374 3 2 40 1 684 697 698 685
375 3 2 40 1 685 698 699 686
376 3 2 40 1 686 699 700 687
377 3 2 40 1 687 700 701 688
378 3 2 40 1 688 701 702 689
379 3 2 40 1 689 702 703 690
380 3 2 40 1 690 703 189 190
381 3 2 40 1 33 34 704 691
382 3 2 40 1 691 704 705 692
383 3 2 40 1 692 705 706 693
384 3 2 40 1 693 706 707 694
385 3 2 40 1 694 707 708 695
386 3 2 40 1 695 708 709 696
387 3 2 40 1 696 709 710 697
388 3 2 40 1 697 710 711 698
389 3 2 40 1 698 711 712 699
390 3 2 40 1 699 712 713 700
391 3 2 40 1 700 713 714 701
392 3 2 40 1 701 714 715 702
393 3 2 40 1 702 715 716 703
394 3 2 40 1 703 716 188 189
395 3 2 40 1 34 35 717 704
396 3 2 40 1 704 717 718 705
397 3 2 40 1 705 718 719 706
398 3 2 40 1 706 719 720 707
399 3 2 40 1 707 720 721 708
400 3 2 40 1 708 721 722 709
401 3 2 40 1 709 722 723 710
402 3 2 40 1 710 723 724 711
403 3 2 40 1 711 724 725 712
404 3 2 40 1 712 725 726 713
405 3 2 40 1 713 726 727 714
406 3 2 40 1 714 727 728 715
407 3 2 40 1 715 728 729 716
408 3 2 40 1 716 729 187 188
409 3 2 40 1 35 36 730 717
410 3 2 40 1 717 730 731 718
411 3 2 40 1 718 731 732 719
412 3 2 40 1 719 732 733 720
413 3 2 40 1 720 733 734 721
414 3 2 40 1 721 734 735 722
415 3 2 40 1 722 735 736 723
416 3 2 40 1 723 736 737 724
417 3 2 40 1 724 737 738 725
418 3 2 40 1 725 738 739 726
419 3 2 40 1 726 739 740 727
420 3 2 40 1 727 740 741 728
421 3 2 40 1 728 741 742 729
422 3 2 40 1 729 742 186 187
423 3 2 40 1 36 37 743 730
424 3 2 40 1 730 743 744 731
425 3 2 40 1 731 744 745 732
426 3 2 40 1 732 745 746 733
427 3 2 40 1 733 746 747 734
428 3 2 40 1 734 747 748 735
429 3 2 40 1 735 748 749 736
430 3 2 40 1 736 749 750 737
431 3 2 40 1 737 750 751 738
432 3 2 40 1 738 751 752 739
433 3 2 40 1 739 752 753 740
434 3 2 40 1 740 753 754 741
435 3 2 40 1 741 754 755 742
436 3 2 40 1 742 755 185 186
437 3 2 40 1 37 38 756 743
438 3 2 40 1 743 756 757 744
439 3 2 40 1 744 757 758 745
440 3 2 40 1 745 758 759 746
441 3 2 40 1 746 759 760 747
442 3 2 40 1 747 760 761 748
443 3 2 40 1 748 761 762 749
444 3 2 40 1 749 762 763 750
445 3 2 40 1 750 763 764 751
446 3 2 40 1 751 764 765 752
447 3 2 40 1 752 765 766 753
448 3 2 40 1 753 766 767 754
449 3 2 40 1 754 767 768 755
450 3 2 40 1 755 768 184 185
451 3 2 40 1 38 39 769 756
452 3 2 40 1 756 769 770 757
453 3 2 40 1 757 770 771 758
454 3 2 40 1 758 771 772 759
455 3 2 40 1 759 772 773 760
456 3 2 40 1 760 773 774 761
457 3 2 40 1 761 774 775 762
458 3 2 40 1 762 775 776 763
459 3 2 40 1 763 776 777 764
460 3 2 40 1 764 777 778 765
461 3 2 40 1 765 778 779 766
462 3 2 40 1 766 779 780 767
463 3 2 40 1 767 780 781 768
464 3 2 40 1 768 781 183 184
465 3 2 40 1 39 40 782 769
466 3 2 40 1 769 782 783 770
467 3 2 40 1 770 783 784 771
468 3 2 40 1 771 784 785 772
469 3 2 40 1 772 785 786 773
470 3 2 40 1 773 786 787 774
471 3 2 40 1 774 787 788 775
472 3 2 40 1 775 788 789 776
473 3 2 40 1 776 789 790 777
474 3 2 40 1 777 790 791 778
475 3 2 40 1 778 791 792 779
476 3 2 40 1 779 792 793 780
477 3 2 40 1 780 793 794 781
478 3 2 40 1 781 794 182 183
479 3 2 40 1 40 41 795 782
480 3 2 40 1 782 795 796 783
481 3 2 40 1 783 796 797 784
482 3 2 40 1 784 797 798 785
483 3 2 40 1 785 798 799 786
484 3 2 40 1 786 799 800 787
485 3 2 40 1 787 800 801 788
486 3 2 40 1 788 801 802 789
487 3 2 40 1 789 802 803 790
488 3 2 40 1 790 803 804 791
489 3 2 40 1 791 804 805 792
490 3 2 40 1 792 805 806 793
491 3 2 40 1 793 806 807 794
492 3 2 40 1 794 807 181 182
493 3 2 40 1 41 42 808 795
494 3 2 40 1 795 808 809 796
495 3 2 40 1 796 809 810 797
496 3 2 40 1 797 810 811 798
497 3 2 40 1 798 811 812 799
498 3 2 40 1 799 812 813 800
499 3 2 40 1 800 813 814 801
500 3 2 40 1 801 814 815 802
501 3 2 40 1 802 815 816 803
502 3 2 40 1 803 816 817 804
503 3 2 40 1 804 817 818 805
504 3 2 40 1 805 818 819 806
505 3 2 40 1 806 819 820 807
506 3 2 40 1 807 820 180 181
507 3 2 40 1 42 43 821 808
508 3 2 40 1 808 821 822 809
509 3 2 40 1 809 822 823 810
510 3 2 40 1 810 823 824 811
511 3 2 40 1 811 824 825 812
512 3 2 40 1 812 825 826 813
513 3 2 40 1 813 826 827 814
514 3 2 40 1 814 827 828 815
515 3 2 40 1 815 828 829 816
516 3 2 40 1 816 829 830 817
517 3 2 40 1 817 830 831 818
518 3 2 40 1 818 831 832 819
519 3 2 40 1 819 832 833 820
520 3 2 40 1 820 833 179 180
521 3 2 40 1 43 44 834 821
522 3 2 40 1 821 834 835 822
523 3 2 40 1 822 835 836 823
524 3 2 40 1 823 836 837 824
525 3 2 40 1 824 837 838 825
526 3 2 40 1 825 838 839 826
527 3 2 40 1 826 839 840 827
528 3 2 40 1 827 840 841 828
529 3 2 40 1 828 841 842 829
530 3 2 40 1 829 842 843 830
531 3 2 40 1 830 843 844 831
532 3 2 40 1 831 844 845 832
533 3 2 40 1 832 845 846 833
534 3 2 40 1 833 846 178 179
535 3 2 40 1 44 45 847 834
536 3 2 40 1 834 847 848 835
537 3 2 40 1 835 848 849 836
538 3 2 40 1 836 849 850 837
539 3 2 40 1 837 850 851 838
540 3 2 40 1 838 851 852 839
541 3 2 40 1 839 852 853 840
542 3 2 40 1 840 853 854 841
543 3 2 40 1 841 854 855 842
544 3 2 40 1 842 855 856 843
545 3 2 40 1 843 856 857 844
546 3 2 40 1 844 857 858 845
547 3 2 40 1 845 858 859 846
548 3 2 40 1 846 859 177 178
549 3 2 40 1 45 46 860 847
550 3 2 40 1 847 860 861 848
551 3 2 40 1 848 861 862 849
552 3 2 40 1 849 862 863 850
553 3 2 40 1 850 863 864 851
554 3 2 40 1 851 864 865 852
555 3 2 40 1 852 865 866 853
556 3 2 40 1 853 866 867 854
557 3 2 40 1 854 867 868 855
558 3 2 40 1 855 868 869 856
559 3 2 40 1 856 869 870 857
560 3 2 40 1 857 870 871 858
561 3 2 40 1 858 871 872 859
562 3 2 40 1 859 872 176 177
563 3 2 40 1 46 47 873 860
564 3 2 40 1 860 873 874 861
565 3 2 40 1 861 874 875 862
566 3 2 40 1 862 875 876 863
567 3 2 40 1 863 876 877 864
568 3 2 40 1 864 877 878 865
569 3 2 40 1 865 878 879 866
570 3 2 40 1 866 879 880 867
571 3 2 40 1 867 880 881 868
572 3 2 40 1 868 881 882 869
573 3 2 40 1 869 882 883 870
574 3 2 40 1 870 883 884 871
575 3 2 40 1 871 884 885 872
576 3 2 40 1 872 885 175 176
577 3 2 40 1 47 48 886 873
578 3 2 40 1 873 886 887 874
579 3 2 40 1 874 887 888 875
580 3 2 40 1 875 888 889 876
581 3 2 40 1 876 889 890 877
582 3 2 40 1 877 890 891 878
583 3 2 40 1 878 891 892 879
584 3 2 40 1 879 892 893 880
585 3 2 40 1 880 893 894 881
586 3 2 40 1 881 894 895 882
587 3 2 40 1 882 895 896 883
588 3 2 40 1 883 896 897 884
589 3 2 40 1 884 897 898 885
590 3 2 40 1 885 898 174 175
591 3 2 40 1 48 49 899 886
592 3 2 40 1 886 899 900 887
593 3 2 40 1 887 900 901 888
594 3 2 40 1 888 901 902 889
595 3 2 40 1 889 902 903 890
596 3 2 40 1 890 903 904 891
597 3 2 40 1 891 904 905 892
598 3 2 40 1 892 905 906 893
599 3 2 40 1 893 906 907 894
600 3 2 40 1 894 907 908 895
601 3 2 40 1 895 908 909 896
602 3 2 40 1 896 909 910 897
603 3 2 40 1 897 910 911 898
604 3 2 40 1 898 911 173 174
605 3 2 40 1 49 50 912 899
606 3 2 40 1 899 912 913 900
607 3 2 40 1 900 913 914 901
608 3 2 40 1 901 914 915 902
609 3 2 40 1 902 915 916 903
610 3 2 40 1 903 916 917 904
611 3 2 40 1 904 917 918 905
612 3 2 40 1 905 918 919 906
613 3 2 40 1 906 919 920 907
614 3 2 40 1 907 920 921 908
615 3 2 40 1 908 921 922 909
616 3 2 40 1 909 922 923 910
617 3 2 40 1 910 923 924 911
618 3 2 40 1 911 924 172 173
619 3 2 40 1 50 51 925 912
620 3 2 40 1 912 925 926 913
621 3 2 40 1 913 926 927 914
622 3 2 40 1 914 927 928 915
623 3 2 40 1 915 928 929 916
624 3 2 40 1 916 929 930 917
625 3 2 40 1 917 930 931 918
626 3 2 40 1 918 931 932 919
627 3 2 40 1 919 932 933 920
628 3 2 40 1 920 933 934 921
629 3 2 40 1 921 934 935 922
630 3 2 40 1 922 935 936 923
631 3 2 40 1 923 936 937 924
632 3 2 40 1 924 937 171 172
633 3 2 40 1 51 52 938 925
634 3 2 40 1 925 938 939 926
635 3 2 40 1 926 939 940 927
636 3 2 40 1 927 940 941 928
637 3 2 40 1 928 941 942 929
638 3 2 40 1 929 942 943 930
639 3 2 40 1 930 943 944 931
640 3 2 40 1 931 944 945 932
641 3 2 40 1 932 945 946 933
642 3 2 40 1 933 946 947 934
643 3 2 40 1 934 947 948 935
644 3 2 40 1 935 948 949 936
645 3 2 40 1 936 949 950 937
646 3 2 40 1 937 950 170 171
647 3 2 40 1 52 53 951 938
648 3 2 40 1 938 951 952 939
649 3 2 40 1 939 952 953 940
650 3 2 40 1 940 953 954 941
651 3 2 40 1 941 954 955 942
652 3 2 40 1 942 955 956 943
653 3 2 40 1 943 956 957 944
654 3 2 40 1 944 957 958 945
655 3 2 40 1 945 958 959 946
656 3 2 40 1 946 959 960 947
657 3 2 40 1 947 960 961 948
658 3 2 40 1 948 961 962 949
659 3 2 40 1 949 962 963 950
660 3 2 40 1 950 963 169 170
661 3 2 40 1 53 54 964 951
662 3 2 40 1 951 964 965 952
663 3 2 40 1 952 965 966 953
664 3 2 40 1 953 966 967 954
665 3 2 40 1 954 967 968 955
666 3 2 40 1 955 968 969 956
667 3 2 40 1 956 969 970 957
668 3 2 40 1 957 970 971 958
669 3 2 40 1 958 971 972 959
670 3 2 40 1 959 972 973 960
671 3 2 40 1 960 973 974 961
672 3 2 40 1 961 974 975 962
673 3 2 40 1 962 975 976 963
674 3 2 40 1 963 976 168 169
675 3 2 40 1 54 55 977 964
676 3 2 40 1 964 977 978 965
677 3 2 40 1 965 978 979 966
678 3 2 40 1 966 979 980 967
679 3 2 40 1 967 980 981 968
680 3 2 40 1 968 981 982 969
681 3 2 40 1 969 982 983 970
682 3 2 40 1 970 983 984 971
683 3 2 40 1 971 984 985 972
684 3 2 40 1 972 985 986 973
685 3 2 40 1 973 986 987 974
686 3 2 40 1 974 987 988 975
687 3 2 40 1 975 988 989 976
688 3 2 40 1 976 989 167 168
689 3 2 40 1 55 56 990 977
690 3 2 40 1 977 990 991 978
691 3 2 40 1 978 991 992 979
692 3 2 40 1 979 992 993 980
693 3 2 40 1 980 993 994 981
694 3 2 40 1 981 994 995 982
695 3 2 40 1 982 995 996 983
696 3 2 40 1 983 996 997 984
697 3 2 40 1 984 997 998 985
698 3 2 40 1 985 998 999 986
699 3 2 40 1 986 999 1000 987
700 3 2 40 1 987 1000 1001 988
701 3 2 40 1 988 1001 1002 989
702 3 2 40 1 989 1002 166 167
703 3 2 40 1 56 57 1003 990
704 3 2 40 1 990 1003 1004 991
705 3 2 40 1 991 1004 1005 992
706 3 2 40 1 992 1005 1006 993
707 3 2 40 1 993 1006 1007 994
708 3 2 40 1 994 1007 1008 995
709 3 2 40 1 995 1008 1009 996
710 3 2 40 1 996 1009 1010 997
711 3 2 40 1 997 1010 1011 998
712 3 2 40 1 998 1011 1012 999
713 3 2 40 1 999 1012 1013 1000
714 3 2 40 1 1000 1013 1014 1001
715 3 2 40 1 1001 1014 1015 1002
716 3 2 40 1 1002 1015 165 166
717 3 2 40 1 57 58 1016 1003
718 3 2 40 1 1003 1016 1017 1004
719 3 2 40 1 1004 1017 1018 1005
720 3 2 40 1 1005 1018 1019 1006
721 3 2 40 1 1006 1019 1020 1007
722 3 2 40 1 1007 1020 1021 1008
723 3 2 40 1 1008 1021 1022 1009
724 3 2 40 1 1009 1022 1023 1010
725 3 2 40 1 1010 1023 1024 1011
726 3 2 40 1 1011 1024 1025 1012
727 3 2 40 1 1012 1025 1026 1013
728 3 2 40 1 1013 1026 1027 1014
729 3 2 40 1 1014 1027 1028 1015
730 3 2 40 1 1015 1028 164 165
731 3 2 40 1 58 59 1029 1016
732 3 2 40 1 1016 1029 1030 1017
733 3 2 40 1 1017 1030 1031 1018
734 3 2 40 1 1018 1031 1032 1019
735 3 2 40 1 1019 1032 1033 1020
736 3 2 40 1 1020 1033 1034 1021
737 3 2 40 1 1021 1034 1035 1022
738 3 2 40 1 1022 1035 1036 1023
739 3 2 40 1 1023 1036 1037 1024
740 3 2 40 1 1024 1037 1038 1025
741 3 2 40 1 1025 1038 1039 1026
742 3 2 40 1 1026 1039 1040 1027
743 3 2 40 1 1027 1040 1041 1028
744 3 2 40 1 1028 1041 163 164
745 3 2 40 1 59 60 1042 1029
746 3 2 40 1 1029 1042 1043 1030
747 3 2 40 1 1030 1043 1044 1031
748 3 2 40 1 1031 1044 1045 1032
749 3 2 40 1 1032 1045 1046 1033
750 3 2 40 1 1033 1046 1047 1034
751 3 2 40 1 1034 1047 1048 1035
752 3 2 40 1 1035 1048 1049 1036
753 3 2 40 1 1036 1049 1050 1037
754 3 2 40 1 1037 1050 1051 1038
755 3 2 40 1 1038 1051 1052 1039
756 3 2 40 1 1039 1052 1053 1040
757 3 2 40 1 1040 1053 1054 1041
758 3 2 40 1 1041 1054 162 163
759 3 2 40 1 60 61 1055 1042
760 3 2 40 1 1042 1055 1056 1043
761 3 2 40 1 1043 1056 1057 1044
762 3 2 40 1 1044 1057 1058 1045
763 3 2 40 1 1045 1058 1059 1046
764 3 2 40 1 1046 1059 1060 1047
765 3 2 40 1 1047 1060 1061 1048
766 3 2 40 1 1048 1061 1062 1049
767 3 2 40 1 1049 1062 1063 1050
768 3 2 40 1 1050 1063 1064 1051
769 3 2 40 1 1051 1064 1065 1052
770 3 2 40 1 1052 1065 1066 1053
771 3 2 40 1 1053 1066 1067 1054
772 3 2 40 1 1054 1067 161 162
773 3 2 40 1 61 62 1068 1055
774 3 2 40 1 1055 1068 1069 1056
775 3 2 40 1 1056 1069 1070 1057
776 3 2 40 1 1057 1070 1071 1058
777 3 2 40 1 1058 1071 1072 1059
778 3 2 40 1 1059 1072 1073 1060
779 3 2 40 1 1060 1073 1074 1061
780 3 2 40 1 1061 1074 1075 1062
781 3 2 40 1 1062 1075 1076 1063
782 3 2 40 1 1063 1076 1077 1064
783 3 2 40 1 1064 1077 1078 1065
784 3 2 40 1 1065 1078 1079 1066
785 3 2 40 1 1066 1079 1080 1067
786 3 2 40 1 1067 1080 160 161
787 3 2 40 1 62 63 1081 1068
788 3 2 40 1 1068 1081 1082 1069
789 3 2 40 1 1069 1082 1083 1070
790 3 2 40 1 1070 1083 1084 1071
791 3 2 40 1 1071 1084 1085 1072
792 3 2 40 1 1072 1085 1086 1073
793 3 2 40 1 1073 1086 1087 1074
794 3 2 40 1 1074 1087 1088 1075
795 3 2 40 1 1075 1088 1089 1076
796 3 2 40 1 1076 1089 1090 1077
797 3 2 40 1 1077 1090 1091 1078
798 3 2 40 1 1078 1091 1092 1079
799 3 2 40 1 1079 1092 1093 1080
800 3 2 40 1 1080 1093 159 160
801 3 2 40 1 63 64 1094 1081
802 3 2 40 1 1081 1094 1095 1082
803 3 2 40 1 1082 1095 1096 1083
804 3 2 40 1 1083 1096 1097 1084
805 3 2 40 1 1084 1097 1098 1085
806 3 2 40 1 1085 1098 1099 1086
807 3 2 40 1 1086 1099 1100 1087
808 3 2 40 1 1087 1100 1101 1088
809 3 2 40 1 1088 1101 1102 1089
810 3 2 40 1 1089 1102 1103 1090
811 3 2 40 1 1090 1103 1104 1091
812 3 2 40 1 1091 1104 1105 1092
813 3 2 40 1 1092 1105 1106 1093
814 3 2 40 1 1093 1106 158 159
815 3 2 40 1 64 65 1107 1094
816 3 2 40 1 1094 1107 1108 1095
817 3 2 40 1 1095 1108 1109 1096
818 3 2 40 1 1096 1109 1110 1097
819 3 2 40 1 1097 1110 1111 1098
820 3 2 40 1 1098 1111 1112 1099
821 3 2 40 1 1099 1112 1113 1100
822 3 2 40 1 1100 1113 1114 1101
823 3 2 40 1 1101 1114 1115 1102
824 3 2 40 1 1102 1115 1116 1103
825 3 2 40 1 1103 1116 1117 1104
826 3 2 40 1 1104 1117 1118 1105
827 3 2 40 1 1105 1118 1119 1106
828 3 2 40 1 1106 1119 157 158
829 3 2 40 1 65 66 1120 1107
830 3 2 40 1 1107 1120 1121 1108
831 3 2 40 1 1108 1121 1122 1109
832 3 2 40 1 1109 1122 1123 1110
833 3 2 40 1 1110 1123 1124 1111
834 3 2 40 1 1111 1124 1125 1112
835 3 2 40 1 1112 1125 1126 1113
836 3 2 40 1 1113 1126 1127 1114
837 3 2 40 1 1114 1127 1128 1115
838 3 2 40 1 1115 1128 1129 1116
839 3 2 40 1 1116 1129 1130 1117
840 3 2 40 1 1117 1130 1131 1118
841 3 2 40 1 1118 1131 1132 1119
842 3 2 40 1 1119 1132 156 157
843 3 2 40 1 66 67 1133 1120
844 3 2 40 1 1120 1133 1134 1121
845 3 2 40 1 1121 1134 1135 1122
846 3 2 40 1 1122 1135 1136 1123
847 3 2 40 1 1123 1136 1137 1124
848 3 2 40 1 1124 1137 1138 1125
849 3 2 40 1 1125 1138 1139 1126
850 3 2 40 1 1126 1139 1140 1127
851 3 2 40 1 1127 1140 1141 1128
852 3 2 40 1 1128 1141 1142 1129
853 3 2 40 1 1129 1142 1143 1130
854 3 2 40 1 1130 1143 1144 1131
855 3 2 40 1 1131 1144 1145 1132
856 3 2 40 1 1132 1145 155 156
857 3 2 40 1 67 68 1146 1133
858 3 2 40 1 1133 1146 1147 1134
859 3 2 40 1 1134 1147 1148 1135
860 3 2 40 1 1135 1148 1149 1136
861 3 2 40 1 1136 1149 1150 1137
862 3 2 40 1 1137 1150 1151 1138
863 3 2 40 1 1138 1151 1152 1139
864 3 2 40 1 1139 1152 1153 1140
865 3 2 40 1 1140 1153 1154 1141
866 3 2 40 1 1141 1154 1155 1142
867 3 2 40 1 1142 1155 1156 1143
868 3 2 40 1 1143 1156 1157 1144
869 3 2 40 1 1144 1157 1158 1145
870 3 2 40 1 1145 1158 154 155
871 3 2 40 1 68 69 1159 1146
872 3 2 40 1 1146 1159 1160 1147
873 3 2 40 1 1147 1160 1161 1148
874 3 2 40 1 1148 1161 1162 1149
875 3 2 40 1 1149 1162 1163 1150
876 3 2 40 1 1150 1163 1164 1151
877 3 2 40 1 1151 1164 1165 1152
878 3 2 40 1 1152 1165 1166 1153
879 3 2 40 1 1153 1166 1167 1154
880 3 2 40 1 1154 1167 1168 1155
881 3 2 40 1 1155 1168 1169 1156
882 3 2 40 1 1156 1169 1170 1157
883 3 2 40 1 1157 1170 1171 1158
884 3 2 40 1 1158 1171 153 154
885 3 2 40 1 69 70 1172 1159
886 3 2 40 1 1159 1172 1173 1160
887 3 2 40 1 1160 1173 1174 1161
888 3 2 40 1 1161 1174 1175 1162
889 3 2 40 1 1162 1175 1176 1163
890 3 2 40 1 1163 1176 1177 1164
891 3 2 40 1 1164 1177 1178 1165
892 3 2 40 1 1165 1178 1179 1166
893 3 2 40 1 1166 1179 1180 1167
894 3 2 40 1 1167 1180 1181 1168
895 3 2 40 1 1168 1181 1182 1169
896 3 2 40 1 1169 1182 1183 1170
897 3 2 40 1 1170 1183 1184 1171
898 3 2 40 1 1171 1184 152 153
899 3 2 40 1 70 71 1185 1172
900 3 2 40 1 1172 1185 1186 1173
901 3 2 40 1 1173 1186 1187 1174
902 3 2 40 1 1174 1187 1188 1175
903 3 2 40 1 1175 1188 1189 1176
904 3 2 40 1 1176 1189 1190 1177
905 3 2 40 1 1177 1190 1191 1178
906 3 2 40 1 1178 1191 1192 1179
907 3 2 40 1 1179 1192 1193 1180
908 3 2 40 1 1180 1193 1194 1181
909 3 2 40 1 1181 1194 1195 1182
910 3 2 40 1 1182 1195 1196 1183
911 3 2 40 1 1183 1196 1197 1184
912 3 2 40 1 1184 1197 151 152
913 3 2 40 1 71 72 1198 1185
914 3 2 40 1 1185 1198 1199 1186
915 3 2 40 1 1186 1199 1200 1187
916 3 2 40 1 1187 1200 1201 1188
917 3 2 40 1 1188 1201 1202 1189
918 3 2 40 1 1189 1202 1203 1190
919 3 2 40 1 1190 1203 1204 1191
920 3 2 40 1 1191 1204 1205 1192
921 3 2 40 1 1192 1205 1206 1193
922 3 2 40 1 1193 1206 1207 1194
923 3 2 40 1 1194 1207 1208 1195
924 3 2 40 1 1195 1208 1209 1196
925 3 2 40 1 1196 1209 1210 1197
926 3 2 40 1 1197 1210 150 151
927 3 2 40 1 72 73 1211 1198
928 3 2 40 1 1198 1211 1212 1199
929 3 2 40 1 1199 1212 1213 1200
930 3 2 40 1 1200 1213 1214 1201
931 3 2 40 1 1201 1214 1215 1202
932 3 2 40 1 1202 1215 1216 1203
933 3 2 40 1 1203 1216 1217 1204
934 3 2 40 1 1204 1217 1218 1205
935 3 2 40 1 1205 1218 1219 1206
936 3 2 40 1 1206 1219 1220 1207
937 3 2 40 1 1207 1220 1221 1208
938 3 2 40 1 1208 1221 1222 1209
939 3 2 40 1 1209 1222 1223 1210
940 3 2 40 1 1210 1223 149 150
941 3 2 40 1 73 74 1224 1211
942 3 2 40 1 1211 1224 1225 1212
943 3 2 40 1 1212 1225 1226 1213
944 3 2 40 1 1213 1226 1227 1214
945 3 2 40 1 1214 1227 1228 1215
946 3 2 40 1 1215 1228 1229 1216
947 3 2 40 1 1216 1229 1230 1217
948 3 2 40 1 1217 1230 1231 1218
949 3 2 40 1 1218 1231 1232 1219
950 3 2 40 1 1219 1232 1233 1220
951 3 2 40 1 1220 1233 1234 1221
952 3 2 40 1 1221 1234 1235 1222
953 3 2 40 1 1222 1235 1236 1223
954 3 2 40 1 1223 1236 148 149
955 3 2 40 1 74 75 1237 1224
956 3 2 40 1 1224 1237 1238 1225
957 3 2 40 1 1225 1238 1239 1226
958 3 2 40 1 1226 1239 1240 1227
959 3 2 40 1 1227 1240 1241 1228
960 3 2 40 1 1228 1241 1242 1229
961 3 2 40 1 1229 1242 1243 1230
962 3 2 40 1 1230 1243 1244 1231
963 3 2 40 1 1231 1244 1245 1232
964 3 2 40 1 1232 1245 1246 1233
965 3 2 40 1 1233 1246 1247 1234
966 3 2 40 1 1234 1247 1248 1235
967 3 2 40 1 1235 1248 1249 1236
968 3 2 40 1 1236 1249 147 148
969 3 2 40 1 75 76 1250 1237
970 3 2 40 1 1237 1250 1251 1238
971 3 2 40 1 1238 1251 1252 1239
972 3 2 40 1 1239 1252 1253 1240
973 3 2 40 1 1240 1253 1254 1241
974 3 2 40 1 1241 1254 1255 1242
975 3 2 40 1 1242 1255 1256 1243
976 3 2 40 1 1243 1256 1257 1244
977 3 2 40 1 1244 1257 1258 1245
978 3 2 40 1 1245 1258 1259 1246
979 3 2 40 1 1246 1259 1260 1247
980 3 2 40 1 1247 1260 1261 1248
981 3 2 40 1 1248 1261 1262 1249
982 3 2 40 1 1249 1262 146 147
983 3 2 40 1 76 77 1263 1250
984 3 2 40 1 1250 1263 1264 1251
985 3 2 40 1 1251 1264 1265 1252
986 3 2 40 1 1252 1265 1266 1253
987 3 2 40 1 1253 1266 1267 1254
988 3 2 40 1 1254 1267 1268 1255
989 3 2 40 1 1255 1268 1269 1256
990 3 2 40 1 1256 1269 1270 1257
991 3 2 40 1 1257 1270 1271 1258
992 3 2 40 1 1258 1271 1272 1259
993 3 2 40 1 1259 1272 1273 1260
994 3 2 40 1 1260 1273 1274 1261
995 3 2 40 1 1261 1274 1275 1262
996 3 2 40 1 1262 1275 145 146
997 3 2 40 1 77 78 1276 1263
998 3 2 40 1 1263 1276 1277 1264
999 3 2 40 1 1264 1277 1278 1265
1000 3 2 40 1 1265 1278 1279 1266
1001 3 2 40 1 1266 1279 1280 1267
1002 3 2 40 1 1267 1280 1281 1268
1003 3 2 40 1 1268 1281 1282 1269
1004 3 2 40 1 1269 1282 1283 1270
1005 3 2 40 1 1270 1283 1284 1271
1006 3 2 40 1 1271 1284 1285 1272
1007 3 2 40 1 1272 1285 1286 1273
1008 3 2 40 1 1273 1286 1287 1274
1009 3 2 40 1 1274 1287 1288 1275
1010 3 2 40 1 1275 1288 144 145
1011 3 2 40 1 78 79 1289 1276
1012 3 2 40 1 1276 1289 1290 1277
1013 3 2 40 1 1277 1290 1291 1278
1014 3 2 40 1 1278 1291 1292 1279
1015 3 2 40 1 1279 1292 1293 1280
1016 3 2 40 1 1280 1293 1294 1281
1017 3 2 40 1 1281 1294 1295 1282
1018 3 2 40 1 1282 1295 1296 1283
1019 3 2 40 1 1283 1296 1297 1284
1020 3 2 40 1 1284 1297 1298 1285
1021 3 2 40 1 1285 1298 1299 1286
1022 3 2 40 1 1286 1299 1300 1287
1023 3 2 40 1 1287 1300 1301 1288
1024 3 2 40 1 1288 1301 143 144
1025 3 2 40 1 79 80 1302 1289
1026 3 2 40 1 1289 1302 1303 1290
1027 3 2 40 1 1290 1303 1304 1291
1028 3 2 40 1 1291 1304 1305 1292
1029 3 2 40 1 1292 1305 1306 1293
1030 3 2 40 1 1293 1306 1307 1294
1031 3 2 40 1 1294 1307 1308 1295
1032 3 2 40 1 1295 1308 1309 1296
1033 3 2 40 1 1296 1309 1310 1297
1034 3 2 40 1 1297 1310 1311 1298
1035 3 2 40 1 1298 1311 1312 1299
1036 3 2 40 1 1299 1312 1313 1300
1037 3 2 40 1 1300 1313 1314 1301
1038 3 2 40 1 1301 1314 142 143
1039 3 2 40 1 80 81 1315 1302
1040 3 2 40 1 1302 1315 1316 1303
1041 3 2 40 1 1303 1316 1317 1304
1042 3 2 40 1 1304 1317 1318 1305
1043 3 2 40 1 1305 1318 1319 1306
1044 3 2 40 1 1306 1319 1320 1307
1045 3 2 40 1 1307 1320 1321 1308
1046 3 2 40 1 1308 1321 1322 1309
1047 3 2 40 1 1309 1322 1323 1310
1048 3 2 40 1 1310 1323 1324 1311
1049 3 2 40 1 1311 1324 1325 1312
1050 3 2 40 1 1312 1325 1326 1313
1051 3 2 40 1 1313 1326 1327 1314
1052 3 2 40 1 1314 1327 141 142
1053 3 2 40 1 81 82 1328 1315
1054 3 2 40 1 1315 1328 1329 1316
1055 3 2 40 1 1316 1329 1330 1317
1056 3 2 40 1 1317 1330 1331 1318
1057 3 2 40 1 1318 1331 1332 1319
1058 3 2 40 1 1319 1332 1333 1320
1059 3 2 40 1 1320 1333 1334 1321
1060 3 2 40 1 1321 1334 1335 1322
1061 3 2 40 1 1322 1335 1336 1323
1062 3 2 40 1 1323 1336 1337 1324
1063 3 2 40 1 1324 1337 1338 1325
1064 3 2 40 1 1325 1338 1339 1326
1065 3 2 40 1 1326 1339 1340 1327
1066 3 2 40 1 1327 1340 140 141
1067 3 2 40 1 82 83 1341 1328
1068 3 2 40 1 1328 1341 1342 1329
1069 3 2 40 1 1329 1342 1343 1330
1070 3 2 40 1 1330 1343 1344 1331
1071 3 2 40 1 1331 1344 1345 1332
1072 3 2 40 1 1332 1345 1346 1333
1073 3 2 40 1 1333 1346 1347 1334
1074 3 2 40 1 1334 1347 1348 1335
1075 3 2 40 1 1335 1348 1349 1336
1076 3 2 40 1 1336 1349 1350 1337
1077 3 2 40 1 1337 1350 1351 1338
1078 3 2 40 1 1338 1351 1352 1339
1079 3 2 40 1 1339 1352 1353 1340
1080 3 2 40 1 1340 1353 139 140
1081 3 2 40 1 83 84 1354 1341
1082 3 2 40 1 1341 1354 1355 1342
1083 3 2 40 1 1342 1355 1356 1343
1084 3 2 40 1 1343 1356 1357 1344
1085 3 2 40 1 1344 1357 1358 1345
1086 3 2 40 1 1345 1358 1359 1346
1087 3 2 40 1 1346 1359 1360 1347
1088 3 2 40 1 1347 1360 1361 1348
1089 3 2 40 1 1348 1361 1362 1349
1090 3 2 40 1 1349 1362 1363 1350
1091 3 2 40 1 1350 1363 1364 1351
1092 3 2 40 1 1351 1364 1365 1352
1093 3 2 40 1 1352 1365 1366 1353
1094 3 2 40 1 1353 1366 138 139
1095 3 2 40 1 84 85 1367 1354
1096 3 2 40 1 1354 1367 1368 1355
1097 3 2 40 1 1355 1368 1369 1356
1098 3 2 40 1 1356 1369 1370 1357
1099 3 2 40 1 1357 1370 1371 1358
1100 3 2 40 1 1358 1371 1372 1359
1101 3 2 40 1 1359 1372 1373 1360
1102 3 2 40 1 1360 1373 1374 1361
1103 3 2 40 1 1361 1374 1375 1362
1104 3 2 40 1 1362 1375 1376 1363
1105 3 2 40 1 1363 1376 1377 1364
1106 3 2 40 1 1364 1377 1378 1365
1107 3 2 40 1 1365 1378 1379 1366
1108 3 2 40 1 1366 1379 137 138
1109 3 2 40 1 85 86 1380 1367
1110 3 2 40 1 1367 1380 1381 1368
1111 3 2 40 1 1368 1381 1382 1369
1112 3 2 40 1 1369 1382 1383 1370
1113 3 2 40 1 1370 1383 1384 1371
1114 3 2 40 1 1371 1384 1385 1372
1115 3 2 40 1 1372 1385 1386 1373
1116 3 2 40 1 1373 1386 1387 1374
1117 3 2 40 1 1374 1387 1388 1375
1118 3 2 40 1 1375 1388 1389 1376
1119 3 2 40 1 1376 1389 1390 1377
1120 3 2 40 1 1377 1390 1391 1378
1121 3 2 40 1 1378 1391 1392 1379
1122 3 2 40 1 1379 1392 136 137
1123 3 2 40 1 86 87 1393 1380
1124 3 2 40 1 1380 1393 1394 1381
1125 3 2 40 1 1381 1394 1395 1382
1126 3 2 40 1 1382 1395 1396 1383
1127 3 2 40 1 1383 1396 1397 1384
1128 3 2 40 1 1384 1397 1398 1385
1129 3 2 40 1 1385 1398 1399 1386
1130 3 2 40 1 1386 1399 1400 1387
1131 3 2 40 1 1387 1400 1401 1388
1132 3 2 40 1 1388 1401 1402 1389
1133 3 2 40 1 1389 1402 1403 1390
1134 3 2 40 1 1390 1403 1404 1391
1135 3 2 40 1 1391 1404 1405 1392
1136 3 2 40 1 1392 1405 135 136
1137 3 2 40 1 87 88 1406 1393
1138 3 2 40 1 1393 1406 1407 1394
1139 3 2 40 1 1394 1407 1408 1395
1140 3 2 40 1 1395 1408 1409 1396
1141 3 2 40 1 1396 1409 1410 1397
1142 3 2 40 1 1397 1410 1411 1398
1143 3 2 40 1 1398 1411 1412 1399
1144 3 2 40 1 1399 1412 1413 1400
1145 3 2 40 1 1400 1413 1414 1401
1146 3 2 40 1 1401 1414 1415 1402
1147 3 2 40 1 1402 1415 1416 1403
1148 3 2 40 1 1403 1416 1417 1404
1149 3 2 40 1 1404 1417 1418 1405
1150 3 2 40 1 1405 1418 134 135
1151 3 2 40 1 88 89 1419 1406
1152 3 2 40 1 1406 1419 1420 1407
1153 3 2 40 1 1407 1420 1421 1408
1154 3 2 40 1 1408 1421 1422 1409
1155 3 2 40 1 1409 1422 1423 1410
1156 3 2 40 1 1410 1423 1424 1411
1157 3 2 40 1 1411 1424 1425 1412
1158 3 2 40 1 1412 1425 1426 1413
1159 3 2 40 1 1413 1426 1427 1414
1160 3 2 40 1 1414 1427 1428 1415
1161 3 2 40 1 1415 1428 1429 1416
1162 3 2 40 1 1416 1429 1430 1417
1163 3 2 40 1 1417 1430 1431 1418
1164 3 2 40 1 1418 1431 133 134
1165 3 2 40 1 89 90 1432 1419
1166 3 2 40 1 1419 1432 1433 1420
1167 3 2 40 1 1420 1433 1434 1421
1168 3 2 40 1 1421 1434 1435 1422
1169 3 2 40 1 1422 1435 1436 1423
1170 3 2 40 1 1423 1436 1437 1424
1171 3 2 40 1 1424 1437 1438 1425
1172 3 2 40 1 1425 1438 1439 1426
1173 3 2 40 1 1426 1439 1440 1427
1174 3 2 40 1 1427 1440 1441 1428
1175 3 2 40 1 1428 1441 1442 1429
1176 3 2 40 1 1429 1442 1443 1430
1177 3 2 40 1 1430 1443 1444 1431
1178 3 2 40 1 1431 1444 132 133
1179 3 2 40 1 90 91 1445 1432
1180 3 2 40 1 1432 1445 1446 1433
1181 3 2 40 1 1433 1446 1447 1434
1182 3 2 40 1 1434 1447 1448 1435
1183 3 2 40 1 1435 1448 1449 1436
1184 3 2 40 1 1436 1449 1450 1437
1185 3 2 40 1 1437 1450 1451 1438
1186 3 2 40 1 1438 1451 1452 1439
1187 3 2 40 1 1439 1452 1453 1440
1188 3 2 40 1 1440 1453 1454 1441
1189 3 2 40 1 1441 1454 1455 1442
1190 3 2 40 1 1442 1455 1456 1443
1191 3 2 40 1 1443 1456 1457 1444
1192 3 2 40 1 1444 1457 131 132
1193 3 2 40 1 91 92 1458 1445
1194 3 2 40 1 1445 1458 1459 1446
1195 3 2 40 1 1446 1459 1460 1447
1196 3 2 40 1 1447 1460 1461 1448
1197 3 2 40 1 1448 1461 1462 1449
1198 3 2 40 1 1449 1462 1463 1450
1199 3 2 40 1 1450 1463 1464 1451
1200 3 2 40 1 1451 1464 1465 1452
1201 3 2 40 1 1452 1465 1466 1453
1202 3 2 40 1 1453 1466 1467 1454
1203 3 2 40 1 1454 1467 1468 1455
1204 3 2 40 1 1455 1468 1469 1456
1205 3 2 40 1 1456 1469 1470 1457
1206 3 2 40 1 1457 1470 130 131
1207 3 2 40 1 92 93 1471 1458
1208 3 2 40 1 1458 1471 1472 1459
1209 3 2 40 1 1459 1472 1473 1460
1210 3 2 40 1 1460 1473 1474 1461
1211 3 2 40 1 1461 1474 1475 1462
1212 3 2 40 1 1462 1475 1476 1463
1213 3 2 40 1 1463 1476 1477 1464
1214 3 2 40 1 1464 1477 1478 1465
1215 3 2 40 1 1465 1478 1479 1466
1216 3 2 40 1 1466 1479 1480 1467
1217 3 2 40 1 1467 1480 1481 1468
1218 3 2 40 1 1468 1481 1482 1469
1219 3 2 40 1 1469 1482 1483 1470
1220 3 2 40 1 1470 1483 129 130
1221 3 2 40 1 93 94 1484 1471
1222 3 2 40 1 1471 1484 1485 1472
1223 3 2 40 1 1472 1485 1486 1473
1224 3 2 40 1 1473 1486 1487 1474
1225 3 2 40 1 1474 1487 1488 1475
1226 3 2 40 1 1475 1488 1489 1476
1227 3 2 40 1 1476 1489 1490 1477
1228 3 2 40 1 1477 1490 1491 1478
1229 3 2 40 1 1478 1491 1492 1479
1230 3 2 40 1 1479 1492 1493 1480
1231 3 2 40 1 1480 1493 1494 1481
1232 3 2 40 1 1481 1494 1495 1482
1233 3 2 40 1 1482 1495 1496 1483
1234 3 2 40 1 1483 1496 128 129
1235 3 2 40 1 94 95 1497 1484
1236 3 2 40 1 1484 1497 1498 1485
1237 3 2 40 1 1485 1498 1499 1486
1238 3 2 40 1 1486 1499 1500 1487
1239 3 2 40 1 1487 1500 1501 1488
1240 3 2 40 1 1488 1501 1502 1489
1241 3 2 40 1 1489 1502 1503 1490
1242 3 2 40 1 1490 1503 1504 1491
1243 3 2 40 1 1491 1504 1505 1492
1244 3 2 40 1 1492 1505 1506 1493
1245 3 2 40 1 1493 1506 1507 1494
1246 3 2 40 1 1494 1507 1508 1495
1247 3 2 40 1 1495 1508 1509 1496
1248 3 2 40 1 1496 1509 127 128
1249 3 2 40 1 95 96 1510 1497
1250 3 2 40 1 1497 1510 1511 1498
1251 3 2 40 1 1498 1511 1512 1499
1252 3 2 40 1 1499 1512 1513 1500
1253 3 2 40 1 1500 1513 1514 1501
1254 3 2 40 1 1501 1514 1515 1502
1255 3 2 40 1 1502 1515 1516 1503
1256 3 2 40 1 1503 1516 1517 1504
1257 3 2 40 1 1504 1517 1518 1505
1258 3 2 40 1 1505 1518 1519 1506
1259 3 2 40 1 1506 1519 1520 1507
1260 3 2 40 1 1507 1520 1521 1508
1261 3 2 40 1 1508 1521 1522 1509
1262 3 2 40 1 1509 1522 126 127
1263 3 2 40 1 96 97 1523 1510
1264 3 2 40 1 1510 1523 1524 1511
1265 3 2 40 1 1511 1524 1525 1512
1266 3 2 40 1 1512 1525 1526 1513
1267 3 2 40 1 1513 1526 1527 1514
1268 3 2 40 1 1514 1527 1528 1515
1269 3 2 40 1 1515 1528 1529 1516
1270 3 2 40 1 1516 1529 1530 1517
1271 3 2 40 1 1517 1530 1531 1518
1272 3 2 40 1 1518 1531 1532 1519
1273 3 2 40 1 1519 1532 1533 1520
1274 3 2 40 1 1520 1533 1534 1521
1275 3 2 40 1 1521 1534 1535 1522
1276 3 2 40 1 1522 1535 125 126
1277 3 2 40 1 97 98 1536 1523
1278 3 2 40 1 1523 1536 1537 1524
1279 3 2 40 1 1524 1537 1538 1525
1280 3 2 40 1 1525 1538 1539 1526
1281 3 2 40 1 1526 1539 1540 1527
1282 3 2 40 1 1527 1540 1541 1528
1283 3 2 40 1 1528 1541 1542 1529
1284 3 2 40 1 1529 1542 1543 1530
1285 3 2 40 1 1530 1543 1544 1531
1286 3 2 40 1 1531 1544 1545 1532
1287 3 2 40 1 1532 1545 1546 1533
1288 3 2 40 1 1533 1546 1547 1534
1289 3 2 40 1 1534 1547 1548 1535
1290 3 2 40 1 1535 1548 124 125
1291 3 2 40 1 98 99 1549 1536
1292 3 2 40 1 1536 1549 1550 1537
1293 3 2 40 1 1537 1550 1551 1538
1294 3 2 40 1 1538 1551 1552 1539
1295 3 2 40 1 1539 1552 1553 1540
1296 3 2 40 1 1540 1553 1554 1541
1297 3 2 40 1 1541 1554 1555 1542
1298 3 2 40 1 1542 1555 1556 1543
1299 3 2 40 1 1543 1556 1557 1544
1300 3 2 40 1 1544 1557 1558 1545
1301 3 2 40 1 1545 1558 1559 1546
1302 3 2 40 1 1546 1559 1560 1547
1303 3 2 40 1 1547 1560 1561 1548
1304 3 2 40 1 1548 1561 123 124
1305 3 2 40 1 99 100 1562 1549
1306 3 2 40 1 1549 1562 1563 1550
1307 3 2 40 1 1550 1563 1564 1551
1308 3 2 40 1 1551 1564 1565 1552
1309 3 2 40 1 1552 1565 1566 1553
1310 3 2 40 1 1553 1566 1567 1554
1311 3 2 40 1 1554 1567 1568 1555
1312 3 2 40 1 1555 1568 1569 1556
1313 3 2 40 1 1556 1569 1570 1557
1314 3 2 40 1 1557 1570 1571 1558
1315 3 2 40 1 1558 1571 1572 1559
1316 3 2 40 1 1559 1572 1573 1560
1317 3 2 40 1 1560 1573 1574 1561
1318 3 2 40 1 1561 1574 122 123
1319 3 2 40 1 100 101 1575 1562
1320 3 2 40 1 1562 1575 1576 1563
1321 3 2 40 1 1563 1576 1577 1564
1322 3 2 40 1 1564 1577 1578 1565
1323 3 2 40 1 1565 1578 1579 1566
1324 3 2 40 1 1566 1579 1580 1567
1325 3 2 40 1 1567 1580 1581 1568
1326 3 2 40 1 1568 1581 1582 1569
1327 3 2 40 1 1569 1582 1583 1570
1328 3 2 40 1 1570 1583 1584 1571
1329 3 2 40 1 1571 1584 1585 1572
1330 3 2 40 1 1572 1585 1586 1573
1331 3 2 40 1 1573 1586 1587 1574
1332 3 2 40 1 1574 1587 121 122
1333 3 2 40 1 101 102 1588 1575
1334 3 2 40 1 1575 1588 1589 1576
1335 3 2 40 1 1576 1589 1590 1577
1336 3 2 40 1 1577 1590 1591 1578
1337 3 2 40 1 1578 1591 1592 1579
1338 3 2 40 1 1579 1592 1593 1580
1339 3 2 40 1 1580 1593 1594 1581
1340 3 2 40 1 1581 1594 1595 1582
1341 3 2 40 1 1582 1595 1596 1583
1342 3 2 40 1 1583 1596 1597 1584
1343 3 2 40 1 1584 1597 1598 1585
1344 3 2 40 1 1585 1598 1599 1586
1345 3 2 40 1 1586 1599 1600 1587
1346 3 2 40 1 1587 1600 120 121
1347 3 2 40 1 102 103 1601 1588
1348 3 2 40 1 1588 1601 1602 1589
1349 3 2 40 1 1589 1602 1603 1590
1350 3 2 40 1 1590 1603 1604 1591
1351 3 2 40 1 1591 1604 1605 1592
1352 3 2 40 1 1592 1605 1606 1593
1353 3 2 40 1 1593 1606 1607 1594
1354 3 2 40 1 1594 1607 1608 1595
1355 3 2 40 1 1595 1608 1609 1596
1356 3 2 40 1 1596 1609 1610 1597
1357 3 2 40 1 1597 1610 1611 1598
1358 3 2 40 1 1598 1611 1612 1599
1359 3 2 40 1 1599 1612 1613 1600
1360 3 2 40 1 1600 1613 119 120
1361 3 2 40 1 103 104 1614 1601
1362 3 2 40 1 1601 1614 1615 1602
1363 3 2 40 1 1602 1615 1616 1603
1364 3 2 40 1 1603 1616 1617 1604
1365 3 2 40 1 1604 1617 1618 1605
1366 3 2 40 1 1605 1618 1619 1606
1367 3 2 40 1 1606 1619 1620 1607
1368 3 2 40 1 1607 1620 1621 1608
1369 3 2 40 1 1608 1621 1622 1609
1370 3 2 40 1 1609 1622 1623 1610
1371 3 2 40 1 1610 1623 1624 1611
1372 3 2 40 1 1611 1624 1625 1612
1373 3 2 40 1 1612 1625 1626 1613
1374 3 2 40 1 1613 1626 118 119
1375 3 2 40 1 104 2 105 1614
1376 3 2 40 1 1614 105 106 1615
1377 3 2 40 1 1615 106 107 1616
1378 3 2 40 1 1616 107 108 1617
1379 3 2 40 1 1617 108 109 1618
1380 3 2 40 1 1618 109 110 1619
1381 3 2 40 1 1619 110 111 1620
1382 3 2 40 1 1620 111 112 1621
1383 3 2 40 1 1621 112 113 1622
1384 3 2 40 1 1622 113 114 1623
1385 3 2 40 1 1623 114 115 1624
1386 3 2 40 1 1624 115 116 1625
1387 3 2 40 1 1625 116 117 1626
1388 3 2 40 1 1626 117 3 118
1389 3 2 20 2 105 106 230 229
1390 3 2 20 2 106 107 231 230
1391 3 2 20 2 107 108 232 231
1392 3 2 20 2 108 109 233 232
1393 3 2 20 2 109 110 234 233
1394 3 2 20 2 110 111 235 234
1395 3 2 20 2 111 112 236 235
1396 3 2 20 2 112 113 237 236
1397 3 2 20 2 113 114 238 237
1398 3 2 20 2 114 115 239 238
1399 3 2 20 2 115 116 240 239
1400 3 2 20 2 116 117 241 240
1401 3 2 20 2 117 3 5 241
1402 3 2 30 3 3 118 242 5
1403 3 2 30 3 118 119 243 242
1404 3 2 30 3 119 120 244 243
1405 3 2 30 3 120 121 245 244
1406 3 2 30 3 121 122 246 245
1407 3 2 30 3 122 123 247 246
1408 3 2 30 3 123 124 248 247
1409 3 2 30 3 124 125 249 248
1410 3 2 30 3 125 126 250 249
1411 3 2 30 3 126 127 251 250
1412 3 2 30 3 127 128 252 251
1413 3 2 30 3 128 129 253 252
1414 3 2 30 3 129 130 254 253
1415 3 2 30 3 130 131 255 254
1416 3 2 30 3 131 132 256 255
1417 3 2 30 3 132 133 257 256
1418 3 2 30 3 133 134 258 257
1419 3 2 30 3 134 135 259 258
1420 3 2 30 3 135 136 260 259
1421 3 2 30 3 136 137 261 260
1422 3 2 30 3 137 138 262 261
1423 3 2 30 3 138 139 263 262
1424 3 2 30 3 139 140 264 263
1425 3 2 30 3 140 141 265 264
1426 3 2 30 3 141 142 266 265
1427 3 2 30 3 142 143 267 266
1428 3 2 30 3 143 144 268 267
1429 3 2 30 3 144 145 269 268
1430 3 2 30 3 145 146 270 269
1431 3 2 30 3 146 147 271 270
1432 3 2 30 3 147 148 272 271
1433 3 2 30 3 148 149 273 272
1434 3 2 30 3 149 150 274 273
1435 3 2 30 3 150 151 275 274
1436 3 2 30 3 151 152 276 275
1437 3 2 30 3 152 153 277 276
1438 3 2 30 3 153 154 278 277
1439 3 2 30 3 154 155 279 278
1440 3 2 30 3 155 156 280 279
1441 3 2 30 3 156 157 281 280
1442 3 2 30 3 157 158 282 281
1443 3 2 30 3 158 159 283 282
1444 3 2 30 3 159 160 284 283
1445 3 2 30 3 160 161 285 284
1446 3 2 30 3 161 162 286 285
1447 3 2 30 3 162 163 287 286
1448 3 2 30 3 163 164 288 287
1449 3 2 30 3 164 165 289 288
1450 3 2 30 3 165 166 290 289
1451 3 2 30 3 166 167 291 290
1452 3 2 30 3 167 168 292 291
1453 3 2 30 3 168 169 293 292
1454 3 2 30 3 169 170 294 293
1455 3 2 30 3 170 171 295 294
1456 3 2 30 3 171 172 296 295
1457 3 2 30 3 172 173 297 296
1458 3 2 30 3 173 174 298 297
1459 3 2 30 3 174 175 299 298
1460 3 2 30 3 175 176 300 299
1461 3 2 30 3 176 177 301 300
1462 3 2 30 3 177 178 302 301
1463 3 2 30 3 178 179 303 302
1464 3 2 30 3 179 180 304 303
1465 3 2 30 3 180 181 305 304
1466 3 2 30 3 181 182 306 305
1467 3 2 30 3 182 183 307 306
1468 3 2 30 3 183 184 308 307
1469 3 2 30 3 184 185 309 308
1470 3 2 30 3 185 186 310 309
1471 3 2 30 3 186 187 311 310
1472 3 2 30 3 187 188 312 311
1473 3 2 30 3 188 189 313 312
1474 3 2 30 3 189 190 314 313
1475 3 2 30 3 190 191 315 314
1476 3 2 30 3 191 192 316 315
1477 3 2 30 3 192 193 317 316
1478 3 2 30 3 193 194 318 317
1479 3 2 30 3 194 195 319 318
1480 3 2 30 3 195 196 320 319
1481 3 2 30 3 196 197 321 320
1482 3 2 30 3 197 198 322 321
1483 3 2 30 3 198 199 323 322
1484 3 2 30 3 199 200 324 323
1485 3 2 30 3 200 201 325 324
1486 3 2 30 3 201 202 326 325
1487 3 2 30 3 202 203 327 326
1488 3 2 30 3 203 204 328 327
1489 3 2 30 3 204 205 329 328
1490 3 2 30 3 205 206 330 329
1491 3 2 30 3 206 207 331 330
1492 3 2 30 3 207 208 332 331
1493 3 2 30 3 208 209 333 332
1494 3 2 30 3 209 210 334 333
1495 3 2 30 3 210 211 335 334
1496 3 2 30 3 211 212 336 335
1497 3 2 30 3 212 213 337 336
1498 3 2 30 3 213 214 338 337
1499 3 2 30 3 214 215 339 338
1500 3 2 30 3 215 4 6 339
1501 3 2 10 4 4 216 340 6
1502 3 2 10 4 216 217 341 340
1503 3 2 10 4 217 218 342 341
1504 3 2 10 4 218 219 343 342
1505 3 2 10 4 219 220 344 343
1506 3 2 10 4 220 221 345 344
1507 3 2 10 4 221 222 346 345
1508 3 2 10 4 222 223 347 346
1509 3 2 10 4 223 224 348 347
1510 3 2 10 4 224 225 349 348
1511 3 2 10 4 225 226 350 349
1512 3 2 10 4 226 227 351 350
1513 3 2 10 4 227 228 352 351
1514 3 2 50 5 1 7 1627 352
1515 3 2 50 5 352 1627 1628 351
1516 3 2 50 5 351 1628 1629 350
1517 3 2 50 5 350 1629 1630 349
1518 3 2 50 5 349 1630 1631 348
1519 3 2 50 5 348 1631 1632 347
1520 3 2 50 5 347 1632 1633 346
1521 3 2 50 5 346 1633 1634 345
1522 3 2 50 5 345 1634 1635 344
1523 3 2 50 5 344 1635 1636 343
1524 3 2 50 5 343 1636 1637 342
1525 3 2 50 5 342 1637 1638 341
1526 3 2 50 5 341 1638 1639 340
1527 3 2 50 5 340 1639 339 6
1528 3 2 50 5 7 8 1640 1627
1529 3 2 50 5 1627 1640 1641 1628
1530 3 2 50 5 1628 1641 1642 1629
1531 3 2 50 5 1629 1642 1643 1630
1532 3 2 50 5 1630 1643 1644 1631
1533 3 2 50 5 1631 1644 1645 1632
1534 3 2 50 5 1632 1645 1646 1633
1535 3 2 50 5 1633 1646 1647 1634
1536 3 2 50 5 1634 1647 1648 1635
1537 3 2 50 5 1635 1648 1649 1636
1538 3 2 50 5 1636 1649 1650 1637
1539 3 2 50 5 1637 1650 1651 1638
1540 3 2 50 5 1638 1651 1652 1639
1541 3 2 50 5 1639 1652 338 339
1542 3 2 50 5 8 9 1653 1640
1543 3 2 50 5 1640 1653 1654 1641
1544 3 2 50 5 1641 1654 1655 1642
1545 3 2 50 5 1642 1655 1656 1643
1546 3 2 50 5 1643 1656 1657 1644
1547 3 2 50 5 1644 1657 1658 1645
1548 3 2 50 5 1645 1658 1659 1646
1549 3 2 50 5 1646 1659 1660 1647
1550 3 2 50 5 1647 1660 1661 1648
1551 3 2 50 5 1648 1661 1662 1649
1552 3 2 50 5 1649 1662 1663 1650
1553 3 2 50 5 1650 1663 1664 1651
1554 3 2 50 5 1651 1664 1665 1652
1555 3 2 50 5 1652 1665 337 338
1556 3 2 50 5 9 10 1666 1653
1557 3 2 50 5 1653 1666 1667 1654
1558 3 2 50 5 1654 1667 1668 1655
1559 3 2 50 5 1655 1668 1669 1656
1560 3 2 50 5 1656 1669 1670 1657
1561 3 2 50 5 1657 1670 1671 1658
1562 3 2 50 5 1658 1671 1672 1659
1563 3 2 50 5 1659 1672 1673 1660
1564 3 2 50 5 1660 1673 1674 1661
1565 3 2 50 5 1661 1674 1675 1662
1566 3 2 50 5 1662 1675 1676 1663
1567 3 2 50 5 1663 1676 1677 1664
1568 3 2 50 5 1664 1677 1678 1665
1569 3 2 50 5 1665 1678 336 337
1570 3 2 50 5 10 11 1679 1666
1571 3 2 50 5 1666 1679 1680 1667
1572 3 2 50 5 1667 1680 1681 1668
1573 3 2 50 5 1668 1681 1682 1669
1574 3 2 50 5 1669 1682 1683 1670
1575 3 2 50 5 1670 1683 1684 1671
1576 3 2 50 5 1671 1684 1685 1672
1577 3 2 50 5 1672 1685 1686 1673
1578 3 2 50 5 1673 1686 1687 1674
1579 3 2 50 5 1674 1687 1688 1675
1580 3 2 50 5 1675 1688 1689 1676
1581 3 2 50 5 1676 1689 1690 1677
1582 3 2 50 5 1677 1690 1691 1678
1583 3 2 50 5 1678 1691 335 336
1584 3 2 50 5 11 12 1692 1679
1585 3 2 50 5 1679 1692 1693 1680
1586 3 2 50 5 1680 1693 1694 1681
1587 3 2 50 5 1681 1694 1695 1682
1588 3 2 50 5 1682 1695 1696 1683
1589 3 2 50 5 1683 1696 1697 1684
1590 3 2 50 5 1684 1697 1698 1685
1591 3 2 50 5 1685 1698 1699 1686
1592 3 2 50 5 1686 1699 1700 1687
1593 3 2 50 5 1687 1700 1701 1688
1594 3 2 50 5 1688 1701 1702 1689
1595 3 2 50 5 1689 1702 1703 1690
1596 3 2 50 5 1690 1703 1704 1691
1597 3 2 50 5 1691 1704 334 335
1598 3 2 50 5 12 13 1705 1692
1599 3 2 50 5 1692 1705 1706 1693
1600 3 2 50 5 1693 1706 1707 1694
1601 3 2 50 5 1694 1707 1708 1695
1602 3 2 50 5 1695 1708 1709 1696
1603 3 2 50 5 1696 1709 1710 1697
1604 3 2 50 5 1697 1710 1711 1698
1605 3 2 50 5 1698 1711 1712 1699
1606 3 2 50 5 1699 1712 1713 1700
1607 3 2 50 5 1700 1713 1714 1701
1608 3 2 50 5 1701 1714 1715 1702
1609 3 2 50 5 1702 1715 1716 1703
1610 3 2 50 5 1703 1716 1717 1704
1611 3 2 50 5 1704 1717 333 334
1612 3 2 50 5 13 14 1718 1705
1613 3 2 50 5 1705 1718 1719 1706
1614 3 2 50 5 1706 1719 1720 1707
1615 3 2 50 5 1707 1720 1721 1708
1616 3 2 50 5 1708 1721 1722 1709
1617 3 2 50 5 1709 1722 1723 1710
1618 3 2 50 5 1710 1723 1724 1711
1619 3 2 50 5 1711 1724 1725 1712
1620 3 2 50 5 1712 1725 1726 1713
1621 3 2 50 5 1713 1726 1727 1714
1622 3 2 50 5 1714 1727 1728 1715
1623 3 2 50 5 1715 1728 1729 1716
1624 3 2 50 5 1716 1729 1730 1717
1625 3 2 50 5 1717 1730 332 333
1626 3 2 50 5 14 15 1731 1718
1627 3 2 50 5 1718 1731 1732 1719
1628 3 2 50 5 1719 1732 1733 1720
1629 3 2 50 5 1720 1733 1734 1721
1630 3 2 50 5 1721 1734 1735 1722
1631 3 2 50 5 1722 1735 1736 1723
1632 3 2 50 5 1723 1736 1737 1724
1633 3 2 50 5 1724 1737 1738 1725
1634 3 2 50 5 1725 1738 1739 1726
1635 3 2 50 5 1726 1739 1740 1727
1636 3 2 50 5 1727 1740 1741 1728
1637 3 2 50 5 1728 1741 1742 1729
1638 3 2 50 5 1729 1742 1743 1730
1639 3 2 50 5 1730 1743 331 332
1640 3 2 50 5 15 16 1744 1731
1641 3 2 50 5 1731 1744 1745 1732
1642 3 2 50 5 1732 1745 1746 1733
1643 3 2 50 5 1733 1746 1747 1734
1644 3 2 50 5 1734 1747 1748 1735
1645 3 2 50 5 1735 1748 1749 1736
1646 3 2 50 5 1736 1749 1750 1737
1647 3 2 50 5 1737 1750 1751 1738
1648 3 2 50 5 1738 1751 1752 1739
1649 3 2 50 5 1739 1752 1753 1740
1650 3 2 50 5 1740 1753 1754 1741
1651 3 2 50 5 1741 1754 1755 1742
1652 3 2 50 5 1742 1755 1756 1743
1653 3 2 50 5 1743 1756 330 331
1654 3 2 50 5 16 17 1757 1744
1655 3 2 50 5 1744 1757 1758 1745
1656 3 2 50 5 1745 1758 1759 1746
1657 3 2 50 5 1746 1759 1760 1747
1658 3 2 50 5 1747 1760 1761 1748
1659 3 2 50 5 1748 1761 1762 1749
1660 3 2 50 5 1749 1762 1763 1750
1661 3 2 50 5 1750 1763 1764 1751
1662 3 2 50 5 1751 1764 1765 1752
1663 3 2 50 5 1752 1765 1766 1753
1664 3 2 50 5 1753 1766 1767 1754
1665 3 2 50 5 1754 1767 1768 1755
1666 3 2 50 5 1755 1768 1769 1756
1667 3 2 50 5 1756 1769 329 330
1668 3 2 50 5 17 18 1770 1757
1669 3 2 50 5 1757 1770 1771 1758
1670 3 2 50 5 1758 1771 1772 1759
1671 3 2 50 5 1759 1772 1773 1760
1672 3 2 50 5 1760 1773 1774 1761
1673 3 2 50 5 1761 1774 1775 1762
1674 3 2 50 5 1762 1775 1776 1763
1675 3 2 50 5 1763 1776 1777 1764
1676 3 2 50 5 1764 1777 1778 1765
1677 3 2 50 5 1765 1778 1779 1766
1678 3 2 50 5 1766 1779 1780 1767
1679 3 2 50 5 1767 1780 1781 1768
1680 3 2 50 5 1768 1781 1782 1769
1681 3 2 50 5 1769 1782 328 329
1682 3 2 50 5 18 19 1783 1770
1683 3 2 50 5 1770 1783 1784 1771
1684 3 2 50 5 1771 1784 1785 1772
1685 3 2 50 5 1772 1785 1786 1773
1686 3 2 50 5 1773 1786 1787 1774
1687 3 2 50 5 1774 1787 1788 1775
1688 3 2 50 5 1775 1788 1789 1776
1689 3 2 50 5 1776 1789 1790 1777
1690 3 2 50 5 1777 1790 1791 1778
1691 3 2 50 5 1778 1791 1792 1779
1692 3 2 50 5 1779 1792 1793 1780
1693 3 2 50 5 1780 1793 1794 1781
1694 3 2 50 5 1781 1794 1795 1782
1695 3 2 50 5 1782 1795 327 328
1696 3 2 50 5 19 20 1796 1783
1697 3 2 50 5 1783 1796 1797 1784
1698 3 2 50 5 1784 1797 1798 1785
1699 3 2 50 5 1785 1798 1799 1786
1700 3 2 50 5 1786 1799 1800 1787
1701 3 2 50 5 1787 1800 1801 1788
1702 3 2 50 5 1788 1801 1802 1789
1703 3 2 50 5 1789 1802 1803 1790
1704 3 2 50 5 1790 1803 1804 1791
1705 3 2 50 5 1791 1804 1805 1792
1706 3 2 50 5 1792 1805 1806 1793
1707 3 2 50 5 1793 1806 1807 1794
1708 3 2 50 5 1794 1807 1808 1795
1709 3 2 50 5 1795 1808 326 327
1710 3 2 50 5 20 21 1809 1796
1711 3 2 50 5 1796 1809 1810 1797
1712 3 2 50 5 1797 1810 1811 1798
1713 3 2 50 5 1798 1811 1812 1799
1714 3 2 50 5 1799 1812 1813 1800
1715 3 2 50 5 1800 1813 1814 1801
1716 3 2 50 5 1801 1814 1815 1802
1717 3 2 50 5 1802 1815 1816 1803
1718 3 2 50 5 1803 1816 1817 1804
1719 3 2 50 5 1804 1817 1818 1805
1720 3 2 50 5 1805 1818 1819 1806
1721 3 2 50 5 1806 1819 1820 1807
1722 3 2 50 5 1807 1820 1821 1808
1723 3 2 50 5 1808 1821 325 326
1724 3 2 50 5 21 22 1822 1809
1725 3 2 50 5 1809 1822 1823 1810
1726 3 2 50 5 1810 1823 1824 1811
1727 3 2 50 5 1811 1824 1825 1812
1728 3 2 50 5 1812 1825 1826 1813
1729 3 2 50 5 1813 1826 1827 1814
1730 3 2 50 5 1814 1827 1828 1815
1731 3 2 50 5 1815 1828 1829 1816
1732 3 2 50 5 1816 1829 1830 1817
1733 3 2 50 5 1817 1830 1831 1818
1734 3 2 50 5 1818 1831 1832 1819
1735 3 2 50 5 1819 1832 1833 1820
1736 3 2 50 5 1820 1833 1834 1821
1737 3 2 50 5 1821 1834 324 325
1738 3 2 50 5 22 23 1835 1822
1739 3 2 50 5 1822 1835 1836 1823
1740 3 2 50 5 1823 1836 1837 1824
1741 3 2 50 5 1824 1837 1838 1825
1742 3 2 50 5 1825 1838 1839 1826
1743 3 2 50 5 1826 1839 1840 1827
1744 3 2 50 5 1827 1840 1841 1828
1745 3 2 50 5 1828 1841 1842 1829
1746 3 2 50 5 1829 1842 1843 1830
1747 3 2 50 5 1830 1843 1844 1831
1748 3 2 50 5 1831 1844 1845 1832
1749 3 2 50 5 1832 1845 1846 1833
1750 3 2 50 5 1833 1846 1847 1834
1751 3 2 50 5 1834 1847 323 324
1752 3 2 50 5 23 24 1848 1835
1753 3 2 50 5 1835 1848 1849 1836
1754 3 2 50 5 1836 1849 1850 1837
1755 3 2 50 5 1837 1850 1851 1838
1756 3 2 50 5 1838 1851 1852 1839
1757 3 2 50 5 1839 1852 1853 1840
1758 3 2 50 5 1840 1853 1854 1841
1759 3 2 50 5 1841 1854 1855 1842
1760 3 2 50 5 1842 1855 1856 1843
1761 3 2 50 5 1843 1856 1857 1844
1762 3 2 50 5 1844 1857 1858 1845
1763 3 2 50 5 1845 1858 1859 1846
1764 3 2 50 5 1846 1859 1860 1847
1765 3 2 50 5 1847 1860 322 323
1766 3 2 50 5 24 25 1861 1848
1767 3 2 50 5 1848 1861 1862 1849
1768 3 2 50 5 1849 1862 1863 1850
1769 3 2 50 5 1850 1863 1864 1851
1770 3 2 50 5 1851 1864 1865 1852
1771 3 2 50 5 1852 1865 1866 1853
1772 3 2 50 5 1853 1866 1867 1854
1773 3 2 50 5 1854 1867 1868 1855
1774 3 2 50 5 1855 1868 1869 1856
1775 3 2 50 5 1856 1869 1870 1857
1776 3 2 50 5 1857 1870 1871 1858
1777 3 2 50 5 1858 1871 1872 1859
1778 3 2 50 5 1859 1872 1873 1860
1779 3 2 50 5 1860 1873 321 322
1780 3 2 50 5 25 26 1874 1861
1781 3 2 50 5 1861 1874 1875 1862
1782 3 2 50 5 1862 1875 1876 1863
1783 3 2 50 5 1863 1876 1877 1864
1784 3 2 50 5 1864 1877 1878 1865
1785 3 2 50 5 1865 1878 1879 1866
1786 3 2 50 5 1866 1879 1880 1867
1787 3 2 50 5 1867 1880 1881 1868
1788 3 2 50 5 1868 1881 1882 1869
1789 3 2 50 5 1869 1882 1883 1870
1790 3 2 50 5 1870 1883 1884 1871
1791 3 2 50 5 1871 1884 1885 1872
1792 3 2 50 5 1872 1885 1886 1873
1793 3 2 50 5 1873 1886 320 321
1794 3 2 50 5 26 27 1887 1874
1795 3 2 50 5 1874 1887 1888 1875
1796 3 2 50 5 1875 1888 1889 1876
1797 3 2 50 5 1876 1889 1890 1877
1798 3 2 50 5 1877 1890 1891 1878
1799 3 2 50 5 1878 1891 1892 1879
1800 3 2 50 5 1879 1892 1893 1880
1801 3 2 50 5 1880 1893 1894 1881
1802 3 2 50 5 1881 1894 1895 1882
1803 3 2 50 5 1882 1895 1896 1883
1804 3 2 50 5 1883 1896 1897 1884
1805 3 2 50 5 1884 1897 1898 1885
1806 3 2 50 5 1885 1898 1899 1886
1807 3 2 50 5 1886 1899 319 320
1808 3 2 50 5 27 28 1900 1887
1809 3 2 50 5 1887 1900 1901 1888
1810 3 2 50 5 1888 1901 1902 1889
1811 3 2 50 5 1889 1902 1903 1890
1812 3 2 50 5 1890 1903 1904 1891
1813 3 2 50 5 1891 1904 1905 1892
1814 3 2 50 5 1892 1905 1906 1893
1815 3 2 50 5 1893 1906 1907 1894
1816 3 2 50 5 1894 1907 1908 1895
1817 3 2 50 5 1895 1908 1909 1896
1818 3 2 50 5 1896 1909 1910 1897
1819 3 2 50 5 1897 1910 1911 1898
1820 3 2 50 5 1898 1911 1912 1899
1821 3 2 50 5 1899 1912 318 319
1822 3 2 50 5 28 29 1913 1900
1823 3 2 50 5 1900 1913 1914 1901
1824 3 2 50 5 1901 1914 1915 1902
1825 3 2 50 5 1902 1915 1916 1903
1826 3 2 50 5 1903 1916 1917 1904
1827 3 2 50 5 1904 1917 1918 1905
1828 3 2 50 5 1905 1918 1919 1906
1829 3 2 50 5 1906 1919 1920 1907
1830 3 2 50 5 1907 1920 1921 1908
1831 3 2 50 5 1908 1921 1922 1909
1832 3 2 50 5 1909 1922 1923 1910
1833 3 2 50 5 1910 1923 1924 1911
1834 3 2 50 5 1911 1924 1925 1912
1835 3 2 50 5 1912 1925 317 318
1836 3 2 50 5 29 30 1926 1913
1837 3 2 50 5 1913 1926 1927 1914
1838 3 2 50 5 1914 1927 1928 1915
1839 3 2 50 5 1915 1928 1929 1916
1840 3 2 50 5 1916 1929 1930 1917
1841 3 2 50 5 1917 1930 1931 1918
1842 3 2 50 5 1918 1931 1932 1919
1843 3 2 50 5 1919 1932 1933 1920
1844 3 2 50 5 1920 1933 1934 1921
1845 3 2 50 5 1921 1934 1935 1922
1846 3 2 50 5 1922 1935 1936 1923
1847 3 2 50 5 1923 1936 1937 1924
1848 3 2 50 5 1924 1937 1938 1925
1849 3 2 50 5 1925 1938 316 317
1850 3 2 50 5 30 31 1939 1926
1851 3 2 50 5 1926 1939 1940 1927
1852 3 2 50 5 1927 1940 1941 1928
1853 3 2 50 5 1928 1941 1942 1929
1854 3 2 50 5 1929 1942 1943 1930
1855 3 2 50 5 1930 1943 1944 1931
1856 3 2 50 5 1931 1944 1945 1932
1857 3 2 50 5 1932 1945 1946 1933
1858 3 2 50 5 1933 1946 1947 1934
1859 3 2 50 5 1934 1947 1948 1935
1860 3 2 50 5 1935 1948 1949 1936
1861 3 2 50 5 1936 1949 1950 1937
1862 3 2 50 5 1937 1950 1951 1938
1863 3 2 50 5 1938 1951 315 316
1864 3 2 50 5 31 32 1952 1939
1865 3 2 50 5 1939 1952 1953 1940
1866 3 2 50 5 1940 1953 1954 1941
1867 3 2 50 5 1941 1954 1955 1942
1868 3 2 50 5 1942 1955 1956 1943
1869 3 2 50 5 1943 1956 1957 1944
1870 3 2 50 5 1944 1957 1958 1945
1871 3 2 50 5 1945 1958 1959 1946
1872 3 2 50 5 1946 1959 1960 1947
1873 3 2 50 5 1947 1960 1961 1948
1874 3 2 50 5 1948 1961 1962 1949
1875 3 2 50 5 1949 1962 1963 1950
1876 3 2 50 5 1950 1963 1964 1951
1877 3 2 50 5 1951 1964 314 315
1878 3 2 50 5 32 33 1965 1952
1879 3 2 50 5 1952 1965 1966 1953
1880 3 2 50 5 1953 1966 1967 1954
1881 3 2 50 5 1954 1967 1968 1955
1882 3 2 50 5 1955 1968 1969 1956
1883 3 2 50 5 1956 1969 1970 1957
1884 3 2 50 5 1957 1970 1971 1958
1885 3 2 50 5 1958 1971 1972 1959
1886 3 2 50 5 1959 1972 1973 1960
1887 3 2 50 5 1960 1973 1974 1961
1888 3 2 50 5 1961 1974 1975 1962
1889 3 2 50 5 1962 1975 1976 1963
1890 3 2 50 5 1963 1976 1977 1964
1891 3 2 50 5 1964 1977 313 314
1892 3 2 50 5 33 34 1978 1965
1893 3 2 50 5 1965 1978 1979 1966
1894 3 2 50 5 1966 1979 1980 1967
1895 3 2 50 5 1967 1980 1981 1968
1896 3 2 50 5 1968 1981 1982 1969
1897 3 2 50 5 1969 1982 1983 1970
1898 3 2 50 5 1970 1983 1984 1971
1899 3 2 50 5 1971 1984 1985 1972
1900 3 2 50 5 1972 1985 1986 1973
1901 3 2 50 5 1973 1986 1987 1974
1902 3 2 50 5 1974 1987 1988 1975
1903 3 2 50 5 1975 1988 1989 1976
1904 3 2 50 5 1976 1989 1990 1977
1905 3 2 50 5 1977 1990 312 313
1906 3 2 50 5 34 35 1991 1978
1907 3 2 50 5 1978 1991 1992 1979
1908 3 2 50 5 1979 1992 1993 1980
1909 3 2 50 5 1980 1993 1994 1981
1910 3 2 50 5 1981 1994 1995 1982
1911 3 2 50 5 1982 1995 1996 1983
1912 3 2 50 5 1983 1996 1997 1984
1913 3 2 50 5 1984 1997 1998 1985
1914 3 2 50 5 1985 1998 1999 1986
1915 3 2 50 5 1986 1999 2000 1987
1916 3 2 50 5 1987 2000 2001 1988
1917 3 2 50 5 1988 2001 2002 1989
1918 3 2 50 5 1989 2002 2003 1990
1919 3 2 50 5 1990 2003 311 312
1920 3 2 50 5 35 36 2004 1991
1921 3 2 50 5 1991 2004 2005 1992
1922 3 2 50 5 1992 2005 2006 1993
1923 3 2 50 5 1993 2006 2007 1994
1924 3 2 50 5 1994 2007 2008 1995
1925 3 2 50 5 1995 2008 2009 1996
1926 3 2 50 5 1996 2009 2010 1997
1927 3 2 50 5 1997 2010 2011 1998
1928 3 2 50 5 1998 2011 2012 1999
1929 3 2 50 5 1999 2012 2013 2000
1930 3 2 50 5 2000 2013 2014 2001
1931 3 2 50 5 2001 2014 2015 2002
1932 3 2 50 5 2002 2015 2016 2003
1933 3 2 50 5 2003 2016 310 311
1934 3 2 50 5 36 37 2017 2004
1935 3 2 50 5 2004 2017 2018 2005
1936 3 2 50 5 2005 2018 2019 2006
1937 3 2 50 5 2006 2019 2020 2007
1938 3 2 50 5 2007 2020 2021 2008
1939 3 2 50 5 2008 2021 2022 2009
1940 3 2 50 5 2009 2022 2023 2010
1941 3 2 50 5 2010 2023 2024 2011
1942 3 2 50 5 2011 2024 2025 2012
1943 3 2 50 5 2012 2025 2026 2013
1944 3 2 50 5 2013 2026 2027 2014
1945 3 2 50 5 2014 2027 2028 2015
1946 3 2 50 5 2015 2028 2029 2016
1947 3 2 50 5 2016 2029 309 310
1948 3 2 50 5 37 38 2030 2017
1949 3 2 50 5 2017 2030 2031 2018
1950 3 2 50 5 2018 2031 2032 2019
1951 3 2 50 5 2019 2032 2033 2020
1952 3 2 50 5 2020 2033 2034 2021
1953 3 2 50 5 2021 2034 2035 2022
1954 3 2 50 5 2022 2035 2036 2023
1955 3 2 50 5 2023 2036 2037 2024
1956 3 2 50 5 2024 2037 2038 2025
1957 3 2 50 5 2025 2038 2039 2026
1958 3 2 50 5 2026 2039 2040 2027
1959 3 2 50 5 2027 2040 2041 2028
1960 3 2 50 5 2028 2041 2042 2029
1961 3 2 50 5 2029 2042 308 309
1962 3 2 50 5 38 39 2043 2030
1963 3 2 50 5 2030 2043 2044 2031
1964 3 2 50 5 2031 2044 2045 2032
1965 3 2 50 5 2032 2045 2046 2033
1966 3 2 50 5 2033 2046 2047 2034
1967 3 2 50 5 2034 2047 2048 2035
1968 3 2 50 5 2035 2048 2049 2036
1969 3 2 50 5 2036 2049 2050 2037
1970 3 2 50 5 2037 2050 2051 2038
1971 3 2 50 5 2038 2051 2052 2039
1972 3 2 50 5 2039 2052 2053 2040
1973 3 2 50 5 2040 2053 2054 2041
1974 3 2 50 5 2041 2054 2055 2042
1975 3 2 50 5 2042 2055 307 308
1976 3 2 50 5 39 40 2056 2043
1977 3 2 50 5 2043 2056 2057 2044
1978 3 2 50 5 2044 2057 2058 2045
1979 3 2 50 5 2045 2058 2059 2046
1980 3 2 50 5 2046 2059 2060 2047
1981 3 2 50 5 2047 2060 2061 2048
1982 3 2 50 5 2048 2061 2062 2049
1983 3 2 50 5 2049 2062 2063 2050
1984 3 2 50 5 2050 2063 2064 2051
1985 3 2 50 5 2051 2064 2065 2052
1986 3 2 50 5 2052 2065 2066 2053
1987 3 2 50 5 2053 2066 2067 2054
1988 3 2 50 5 2054 2067 2068 2055
1989 3 2 50 5 2055 2068 306 307
1990 3 2 50 5 40 41 2069 2056
1991 3 2 50 5 2056 2069 2070 2057
1992 3 2 50 5 2057 2070 2071 2058
1993 3 2 50 5 2058 2071 2072 2059
1994 3 2 50 5 2059 2072 2073 2060
1995 3 2 50 5 2060 2073 2074 2061
1996 3 2 50 5 2061 2074 2075 2062
1997 3 2 50 5 2062 2075 2076 2063
1998 3 2 50 5 2063 2076 2077 2064
1999 3 2 50 5 2064 2077 2078 2065
2000 3 2 50 5 2065 2078 2079 2066
2001 3 2 50 5 2066 2079 2080 2067
2002 3 2 50 5 2067 2080 2081 2068
2003 3 2 50 5 2068 2081 305 306
2004 3 2 50 5 41 42 2082 2069
2005 3 2 50 5 2069 2082 2083 2070
2006 3 2 50 5 2070 2083 2084 2071
2007 3 2 50 5 2071 2084 2085 2072
2008 3 2 50 5 2072 2085 2086 2073
2009 3 2 50 5 2073 2086 2087 2074
2010 3 2 50 5 2074 2087 2088 2075
2011 3 2 50 5 2075 2088 2089 2076
2012 3 2 50 5 2076 2089 2090 2077
2013 3 2 50 5 2077 2090 2091 2078
2014 3 2 50 5 2078 2091 2092 2079
2015 3 2 50 5 2079 2092 2093 2080
2016 3 2 50 5 2080 2093 2094 2081
2017 3 2 50 5 2081 2094 304 305
2018 3 2 50 5 42 43 2095 2082
2019 3 2 50 5 2082 2095 2096 2083
2020 3 2 50 5 2083 2096 2097 2084
2021 3 2 50 5 2084 2097 2098 2085
2022 3 2 50 5 2085 2098 2099 2086
2023 3 2 50 5 2086 2099 2100 2087
2024 3 2 50 5 2087 2100 2101 2088
2025 3 2 50 5 2088 2101 2102 2089
2026 3 2 50 5 2089 2102 2103 2090
2027 3 2 50 5 2090 2103 2104 2091
2028 3 2 50 5 2091 2104 2105 2092
2029 3 2 50 5 2092 2105 2106 2093
2030 3 2 50 5 2093 2106 2107 2094
2031 3 2 50 5 2094 2107 303 304
2032 3 2 50 5 43 44 2108 2095
2033 3 2 50 5 2095 2108 2109 2096
2034 3 2 50 5 2096 2109 2110 2097
2035 3 2 50 5 2097 2110 2111 2098
2036 3 2 50 5 2098 2111 2112 2099
2037 3 2 50 5 2099 2112 2113 2100
2038 3 2 50 5 2100 2113 2114 2101
2039 3 2 50 5 2101 2114 2115 2102
2040 3 2 50 5 2102 2115 2116 2103
2041 3 2 50 5 2103 2116 2117 2104
2042 3 2 50 5 2104 2117 2118 2105
2043 3 2 50 5 2105 2118 2119 2106
2044 3 2 50 5 2106 2119 2120 2107
2045 3 2 50 5 2107 2120 302 303
2046 3 2 50 5 44 45 2121 2108
2047 3 2 50 5 2108 2121 2122 2109
2048 3 2 50 5 2109 2122 2123 2110
2049 3 2 50 5 2110 2123 2124 2111
2050 3 2 50 5 2111 2124 2125 2112
2051 3 2 50 5 2112 2125 2126 2113
2052 3 2 50 5 2113 2126 2127 2114
2053 3 2 50 5 2114 2127 2128 2115
2054 3 2 50 5 2115 2128 2129 2116
2055 3 2 50 5 2116 2129 2130 2117
2056 3 2 50 5 2117 2130 2131 2118
2057 3 2 50 5 2118 2131 2132 2119
2058 3 2 50 5 2119 2132 2133 2120
2059 3 2 50 5 2120 2133 301 302
2060 3 2 50 5 45 46 2134 2121
2061 3 2 50 5 2121 2134 2135 2122
2062 3 2 50 5 2122 2135 2136 2123
2063 3 2 50 5 2123 2136 2137 2124
2064 3 2 50 5 2124 2137 2138 2125
2065 3 2 50 5 2125 2138 2139 2126
2066 3 2 50 5 2126 2139 2140 2127
2067 3 2 50 5 2127 2140 2141 2128
2068 3 2 50 5 2128 2141 2142 2129
2069 3 2 50 5 2129 2142 2143 2130
2070 3 2 50 5 2130 2143 2144 2131
2071 3 2 50 5 2131 2144 2145 2132
2072 3 2 50 5 2132 2145 2146 2133
2073 3 2 50 5 2133 2146 300 301
2074 3 2 50 5 46 47 2147 2134
2075 3 2 50 5 2134 2147 2148 2135
2076 3 2 50 5 2135 2148 2149 2136
2077 3 2 50 5 2136 2149 2150 2137
2078 3 2 50 5 2137 2150 2151 2138
2079 3 2 50 5 2138 2151 2152 2139
2080 3 2 50 5 2139 2152 2153 2140
2081 3 2 50 5 2140 2153 2154 2141
2082 3 2 50 5 2141 2154 2155 2142
2083 3 2 50 5 2142 2155 2156 2143
2084 3 2 50 5 2143 2156 2157 2144
2085 3 2 50 5 2144 2157 2158 2145
2086 3 2 50 5 2145 2158 2159 2146
2087 3 2 50 5 2146 2159 299 300
2088 3 2 50 5 47 48 2160 2147
2089 3 2 50 5 2147 2160 2161 2148
2090 3 2 50 5 2148 2161 2162 2149
2091 3 2 50 5 2149 2162 2163 2150
2092 3 2 50 5 2150 2163 2164 2151
2093 3 2 50 5 2151 2164 2165 2152
2094 3 2 50 5 2152 2165 2166 2153
2095 3 2 50 5 2153 2166 2167 2154
2096 3 2 50 5 2154 2167 2168 2155
2097 3 2 50 5 2155 2168 2169 2156
2098 3 2 50 5 2156 2169 2170 2157
2099 3 2 50 5 2157 2170 2171 2158
2100 3 2 50 5 2158 2171 2172 2159
2101 3 2 50 5 2159 2172 298 299
2102 3 2 50 5 48 49 2173 2160
2103 3 2 50 5 2160 2173 2174 2161
2104 3 2 50 5 2161 2174 2175 2162
2105 3 2 50 5 2162 2175 2176 2163
2106 3 2 50 5 2163 2176 2177 2164
2107 3 2 50 5 2164 2177 2178 2165
2108 3 2 50 5 2165 2178 2179 2166
2109 3 2 50 5 2166 2179 2180 2167
2110 3 2 50 5 2167 2180 2181 2168
2111 3 2 50 5 2168 2181 2182 2169
2112 3 2 50 5 2169 2182 2183 2170
2113 3 2 50 5 2170 2183 2184 2171
2114 3 2 50 5 2171 2184 2185 2172
2115 3 2 50 5 2172 2185 297 298
2116 3 2 50 5 49 50 2186 2173
2117 3 2 50 5 2173 2186 2187 2174
2118 3 2 50 5 2174 2187 2188 2175
2119 3 2 50 5 2175 2188 2189 2176
2120 3 2 50 5 2176 2189 2190 2177
2121 3 2 50 5 2177 2190 2191 2178
2122 3 2 50 5 2178 2191 2192 2179
2123 3 2 50 5 2179 2192 2193 2180
2124 3 2 50 5 2180 2193 2194 2181
2125 3 2 50 5 2181 2194 2195 2182
2126 3 2 50 5 2182 2195 2196 2183
2127 3 2 50 5 2183 2196 2197 2184
2128 3 2 50 5 2184 2197 2198 2185
2129 3 2 50 5 2185 2198 296 297
2130 3 2 50 5 50 51 2199 2186
2131 3 2 50 5 2186 2199 2200 2187
2132 3 2 50 5 2187 2200 2201 2188
2133 3 2 50 5 2188 2201 2202 2189
2134 3 2 50 5 2189 2202 2203 2190
2135 3 2 50 5 2190 2203 2204 2191
2136 3 2 50 5 2191 2204 2205 2192
2137 3 2 50 5 2192 2205 2206 2193
2138 3 2 50 5 2193 2206 2207 2194
2139 3 2 50 5 2194 2207 2208 2195
2140 3 2 50 5 2195 2208 2209 2196
2141 3 2 50 5 2196 2209 2210 2197
2142 3 2 50 5 2197 2210 2211 2198
2143 3 2 50 5 2198 2211 295 296
2144 3 2 50 5 51 52 2212 2199
2145 3 2 50 5 2199 2212 2213 2200
2146 3 2 50 5 2200 2213 2214 2201
2147 3 2 50 5 2201 2214 2215 2202
2148 3 2 50 5 2202 2215 2216 2203
2149 3 2 50 5 2203 2216 2217 2204
2150 3 2 50 5 2204 2217 2218 2205
2151 3 2 50 5 2205 2218 2219 2206
2152 3 2 50 5 2206 2219 2220 2207
2153 3 2 50 5 2207 2220 2221 2208
2154 3 2 50 5 2208 2221 2222 2209
2155 3 2 50 5 2209 2222 2223 2210
2156 3 2 50 5 2210 2223 2224 2211
2157 3 2 50 5 2211 2224 294 295
2158 3 2 50 5 52 53 2225 2212
2159 3 2 50 5 2212 2225 2226 2213
2160 3 2 50 5 2213 2226 2227 2214
2161 3 2 50 5 2214 2227 2228 2215
2162 3 2 50 5 2215 2228 2229 2216
2163 3 2 50 5 2216 2229 2230 2217
2164 3 2 50 5 2217 2230 2231 2218
2165 3 2 50 5 2218 2231 2232 2219
2166 3 2 50 5 2219 2232 2233 2220
2167 3 2 50 5 2220 2233 2234 2221
2168 3 2 50 5 2221 2234 2235 2222
2169 3 2 50 5 2222 2235 2236 2223
2170 3 2 50 5 2223 2236 2237 2224
2171 3 2 50 5 2224 2237 293 294
2172 3 2 50 5 53 54 2238 2225
2173 3 2 50 5 2225 2238 2239 2226
2174 3 2 50 5 2226 2239 2240 2227
2175 3 2 50 5 2227 2240 2241 2228
2176 3 2 50 5 2228 2241 2242 2229
2177 3 2 50 5 2229 2242 2243 2230
2178 3 2 50 5 2230 2243 2244 2231
2179 3 2 50 5 2231 2244 2245 2232
2180 3 2 50 5 2232 2245 2246 2233
2181 3 2 50 5 2233 2246 2247 2234
2182 3 2 50 5 2234 2247 2248 2235
2183 3 2 50 5 2235 2248 2249 2236
2184 3 2 50 5 2236 2249 2250 2237
2185 3 2 50 5 2237 2250 292 293
2186 3 2 50 5 54 55 2251 2238
2187 3 2 50 5 2238 2251 2252 2239
2188 3 2 50 5 2239 2252 2253 2240
2189 3 2 50 5 2240 2253 2254 2241
2190 3 2 50 5 2241 2254 2255 2242
2191 3 2 50 5 2242 2255 2256 2243
2192 3 2 50 5 2243 2256 2257 2244
2193 3 2 50 5 2244 2257 2258 2245
2194 3 2 50 5 2245 2258 2259 2246
2195 3 2 50 5 2246 2259 2260 2247
2196 3 2 50 5 2247 2260 2261 2248
2197 3 2 50 5 2248 2261 2262 2249
2198 3 2 50 5 2249 2262 2263 2250
2199 3 2 50 5 2250 2263 291 292
2200 3 2 50 5 55 56 2264 2251
2201 3 2 50 5 2251 2264 2265 2252
2202 3 2 50 5 2252 2265 2266 2253
2203 3 2 50 5 2253 2266 2267 2254
2204 3 2 50 5 2254 2267 2268 2255
2205 3 2 50 5 2255 2268 2269 2256
2206 3 2 50 5 2256 2269 2270 2257
2207 3 2 50 5 2257 2270 2271 2258
2208 3 2 50 5 2258 2271 2272 2259
2209 3 2 50 5 2259 2272 2273 2260
2210 3 2 50 5 2260 2273 2274 2261
2211 3 2 50 5 2261 2274 2275 2262
2212 3 2 50 5 2262 2275 2276 2263
2213 3 2 50 5 2263 2276 290 291
2214 3 2 50 5 56 57 2277 2264
2215 3 2 50 5 2264 2277 2278 2265
2216 3 2 50 5 2265 2278 2279 2266
2217 3 2 50 5 2266 2279 2280 2267
2218 3 2 50 5 2267 2280 2281 2268
2219 3 2 50 5 2268 2281 2282 2269
2220 3 2 50 5 2269 2282 2283 2270
2221 3 2 50 5 2270 2283 2284 2271
2222 3 2 50 5 2271 2284 2285 2272
2223 3 2 50 5 2272 2285 2286 2273
2224 3 2 50 5 2273 2286 2287 2274
2225 3 2 50 5 2274 2287 2288 2275
2226 3 2 50 5 2275 2288 2289 2276
2227 3 2 50 5 2276 2289 289 290
2228 3 2 50 5 57 58 2290 2277
2229 3 2 50 5 2277 2290 2291 2278
2230 3 2 50 5 2278 2291 2292 2279
2231 3 2 50 5 2279 2292 2293 2280
2232 3 2 50 5 2280 2293 2294 2281
2233 3 2 50 5 2281 2294 2295 2282
2234 3 2 50 5 2282 2295 2296 2283
2235 3 2 50 5 2283 2296 2297 2284
2236 3 2 50 5 2284 2297 2298 2285
2237 3 2 50 5 2285 2298 2299 2286
2238 3 2 50 5 2286 2299 2300 2287
2239 3 2 50 5 2287 2300 2301 2288
2240 3 2 50 5 2288 2301 2302 2289
2241 3 2 50 5 2289 2302 288 289
2242 3 2 50 5 58 59 2303 2290
2243 3 2 50 5 2290 2303 2304 2291
2244 3 2 50 5 2291 2304 2305 2292
2245 3 2 50 5 2292 2305 2306 2293
2246 3 2 50 5 2293 2306 2307 2294
2247 3 2 50 5 2294 2307 2308 2295
2248 3 2 50 5 2295 2308 2309 2296
2249 3 2 50 5 2296 2309 2310 2297
2250 3 2 50 5 2297 2310 2311 2298
2251 3 2 50 5 2298 2311 2312 2299
2252 3 2 50 5 2299 2312 2313 2300
2253 3 2 50 5 2300 2313 2314 2301
2254 3 2 50 5 2301 2314 2315 2302
2255 3 2 50 5 2302 2315 287 288
2256 3 2 50 5 59 60 2316 2303
2257 3 2 50 5 2303 2316 2317 2304
2258 3 2 50 5 2304 2317 2318 2305
2259 3 2 50 5 2305 2318 2319 2306
2260 3 2 50 5 2306 2319 2320 2307
2261 3 2 50 5 2307 2320 2321 2308
2262 3 2 50 5 2308 2321 2322 2309
2263 3 2 50 5 2309 2322 2323 2310
2264 3 2 50 5 2310 2323 2324 2311
2265 3 2 50 5 2311 2324 2325 2312
2266 3 2 50 5 2312 2325 2326 2313
2267 3 2 50 5 2313 2326 2327 2314
2268 3 2 50 5 2314 2327 2328 2315
2269 3 2 50 5 2315 2328 286 287
2270 3 2 50 5 60 61 2329 2316
2271 3 2 50 5 2316 2329 2330 2317
2272 3 2 50 5 2317 2330 2331 2318
2273 3 2 50 5 2318 2331 2332 2319
2274 3 2 50 5 2319 2332 2333 2320
2275 3 2 50 5 2320 2333 2334 2321
2276 3 2 50 5 2321 2334 2335 2322
2277 3 2 50 5 2322 2335 2336 2323
2278 3 2 50 5 2323 2336 2337 2324
2279 3 2 50 5 2324 2337 2338 2325
2280 3 2 50 5 2325 2338 2339 2326
2281 3 2 50 5 2326 2339 2340 2327
2282 3 2 50 5 2327 2340 2341 2328
2283 3 2 50 5 2328 2341 285 286
2284 3 2 50 5 61 62 2342 2329
2285 3 2 50 5 2329 2342 2343 2330
2286 3 2 50 5 2330 2343 2344 2331
2287 3 2 50 5 2331 2344 2345 2332
2288 3 2 50 5 2332 2345 2346 2333
2289 3 2 50 5 2333 2346 2347 2334
2290 3 2 50 5 2334 2347 2348 2335
2291 3 2 50 5 2335 2348 2349 2336
2292 3 2 50 5 2336 2349 2350 2337
2293 3 2 50 5 2337 2350 2351 2338
2294 3 2 50 5 2338 2351 2352 2339
2295 3 2 50 5 2339 2352 2353 2340
2296 3 2 50 5 2340 2353 2354 2341
2297 3 2 50 5 2341 2354 284 285
2298 3 2 50 5 62 63 2355 2342
2299 3 2 50 5 2342 2355 2356 2343
2300 3 2 50 5 2343 2356 2357 2344
2301 3 2 50 5 2344 2357 2358 2345
2302 3 2 50 5 2345 2358 2359 2346
2303 3 2 50 5 2346 2359 2360 2347
2304 3 2 50 5 2347 2360 2361 2348
2305 3 2 50 5 2348 2361 2362 2349
2306 3 2 50 5 2349 2362 2363 2350
2307 3 2 50 5 2350 2363 2364 2351
2308 3 2 50 5 2351 2364 2365 2352
2309 3 2 50 5 2352 2365 2366 2353
2310 3 2 50 5 2353 2366 2367 2354
2311 3 2 50 5 2354 2367 283 284
2312 3 2 50 5 63 64 2368 2355
2313 3 2 50 5 2355 2368 2369 2356
2314 3 2 50 5 2356 2369 2370 2357
2315 3 2 50 5 2357 2370 2371 2358
2316 3 2 50 5 2358 2371 2372 2359
2317 3 2 50 5 2359 2372 2373 2360
2318 3 2 50 5 2360 2373 2374 2361
2319 3 2 50 5 2361 2374 2375 2362
2320 3 2 50 5 2362 2375 2376 2363
2321 3 2 50 5 2363 2376 2377 2364
2322 3 2 50 5 2364 2377 2378 2365
2323 3 2 50 5 2365 2378 2379 2366
2324 3 2 50 5 2366 2379 2380 2367
2325 3 2 50 5 2367 2380 282 283
2326 3 2 50 5 64 65 2381 2368
2327 3 2 50 5 2368 2381 2382 2369
2328 3 2 50 5 2369 2382 2383 2370
2329 3 2 50 5 2370 2383 2384 2371
2330 3 2 50 5 2371 2384 2385 2372
2331 3 2 50 5 2372 2385 2386 2373
2332 3 2 50 5 2373 2386 2387 2374
2333 3 2 50 5 2374 2387 2388 2375
2334 3 2 50 5 2375 2388 2389 2376
2335 3 2 50 5 2376 2389 2390 2377
2336 3 2 50 5 2377 2390 2391 2378
2337 3 2 50 5 2378 2391 2392 2379
2338 3 2 50 5 2379 2392 2393 2380
2339 3 2 50 5 2380 2393 281 282
2340 3 2 50 5 65 66 2394 2381
2341 3 2 50 5 2381 2394 2395 2382
2342 3 2 50 5 2382 2395 2396 2383
2343 3 2 50 5 2383 2396 2397 2384
2344 3 2 50 5 2384 2397 2398 2385
2345 3 2 50 5 2385 2398 2399 2386
2346 3 2 50 5 2386 2399 2400 2387
2347 3 2 50 5 2387 2400 2401 2388
2348 3 2 50 5 2388 2401 2402 2389
2349 3 2 50 5 2389 2402 2403 2390
2350 3 2 50 5 2390 2403 2404 2391
2351 3 2 50 5 2391 2404 2405 2392
2352 3 2 50 5 2392 2405 2406 2393
2353 3 2 50 5 2393 2406 280 281
2354 3 2 50 5 66 67 2407 2394
2355 3 2 50 5 2394 2407 2408 2395
2356 3 2 50 5 2395 2408 2409 2396
2357 3 2 50 5 2396 2409 2410 2397
2358 3 2 50 5 2397 2410 2411 2398
2359 3 2 50 5 2398 2411 2412 2399
2360 3 2 50 5 2399 2412 2413 2400
2361 3 2 50 5 2400 2413 2414 2401
2362 3 2 50 5 2401 2414 2415 2402
2363 3 2 50 5 2402 2415 2416 2403
2364 3 2 50 5 2403 2416 2417 2404
2365 3 2 50 5 2404 2417 2418 2405
2366 3 2 50 5 2405 2418 2419 2406
2367 3 2 50 5 2406 2419 279 280
2368 3 2 50 5 67 68 2420 2407
2369 3 2 50 5 2407 2420 2421 2408
2370 3 2 50 5 2408 2421 2422 2409
2371 3 2 50 5 2409 2422 2423 2410
2372 3 2 50 5 2410 2423 2424 2411
2373 3 2 50 5 2411 2424 2425 2412
2374 3 2 50 5 2412 2425 2426 2413
2375 3 2 50 5 2413 2426 2427 2414
2376 3 2 50 5 2414 2427 2428 2415
2377 3 2 50 5 2415 2428 2429 2416
2378 3 2 50 5 2416 2429 2430 2417
2379 3 2 50 5 2417 2430 2431 2418
2380 3 2 50 5 2418 2431 2432 2419
2381 3 2 50 5 2419 2432 278 279
2382 3 2 50 5 68 69 2433 2420
2383 3 2 50 5 2420 2433 2434 2421
2384 3 2 50 5 2421 2434 2435 2422
2385 3 2 50 5 2422 2435 2436 2423
2386 3 2 50 5 2423 2436 2437 2424
2387 3 2 50 5 2424 2437 2438 2425
2388 3 2 50 5 2425 2438 2439 2426
2389 3 2 50 5 2426 2439 2440 2427
2390 3 2 50 5 2427 2440 2441 2428
2391 3 2 50 5 2428 2441 2442 2429
2392 3 2 50 5 2429 2442 2443 2430
2393 3 2 50 5 2430 2443 2444 2431
2394 3 2 50 5 2431 2444 2445 2432
2395 3 2 50 5 2432 2445 277 278
2396 3 2 50 5 69 70 2446 2433
2397 3 2 50 5 2433 2446 2447 2434
2398 3 2 50 5 2434 2447 2448 2435
2399 3 2 50 5 2435 2448 2449 2436
2400 3 2 50 5 2436 2449 2450 2437
2401 3 2 50 5 2437 2450 2451 2438
2402 3 2 50 5 2438 2451 2452 2439
2403 3 2 50 5 2439 2452 2453 2440
2404 3 2 50 5 2440 2453 2454 2441
2405 3 2 50 5 2441 2454 2455 2442
2406 3 2 50 5 2442 2455 2456 2443
2407 3 2 50 5 2443 2456 2457 2444
2408 3 2 50 5 2444 2457 2458 2445
2409 3 2 50 5 2445 2458 276 277
2410 3 2 50 5 70 71 2459 2446
2411 3 2 50 5 2446 2459 2460 2447
2412 3 2 50 5 2447 2460 2461 2448
2413 3 2 50 5 2448 2461 2462 2449
2414 3 2 50 5 2449 2462 2463 2450
2415 3 2 50 5 2450 2463 2464 2451
2416 3 2 50 5 2451 2464 2465 2452
2417 3 2 50 5 2452 2465 2466 2453
2418 3 2 50 5 2453 2466 2467 2454
2419 3 2 50 5 2454 2467 2468 2455
2420 3 2 50 5 2455 2468 2469 2456
2421 3 2 50 5 2456 2469 2470 2457
2422 3 2 50 5 2457 2470 2471 2458
2423 3 2 50 5 2458 2471 275 276
2424 3 2 50 5 71 72 2472 2459
2425 3 2 50 5 2459 2472 2473 2460
2426 3 2 50 5 2460 2473 2474 2461
2427 3 2 50 5 2461 2474 2475 2462
2428 3 2 50 5 2462 2475 2476 2463
2429 3 2 50 5 2463 2476 2477 2464
2430 3 2 50 5 2464 2477 2478 2465
2431 3 2 50 5 2465 2478 2479 2466
2432 3 2 50 5 2466 2479 2480 2467
2433 3 2 50 5 2467 2480 2481 2468
2434 3 2 50 5 2468 2481 2482 2469
2435 3 2 50 5 2469 2482 2483 2470
2436 3 2 50 5 2470 2483 2484 2471
2437 3 2 50 5 2471 2484 274 275
2438 3 2 50 5 72 73 2485 2472
2439 3 2 50 5 2472 2485 2486 2473
2440 3 2 50 5 2473 2486 2487 2474
2441 3 2 50 5 2474 2487 2488 2475
2442 3 2 50 5 2475 2488 2489 2476
2443 3 2 50 5 2476 2489 2490 2477
2444 3 2 50 5 2477 2490 2491 2478
2445 3 2 50 5 2478 2491 2492 2479
2446 3 2 50 5 2479 2492 2493 2480
2447 3 2 50 5 2480 2493 2494 2481
2448 3 2 50 5 2481 2494 2495 2482
2449 3 2 50 5 2482 2495 2496 2483
2450 3 2 50 5 2483 2496 2497 2484
2451 3 2 50 5 2484 2497 273 274
2452 3 2 50 5 73 74 2498 2485
2453 3 2 50 5 2485 2498 2499 2486
2454 3 2 50 5 2486 2499 2500 2487
2455 3 2 50 5 2487 2500 2501 2488
2456 3 2 50 5 2488 2501 2502 2489
2457 3 2 50 5 2489 2502 2503 2490
2458 3 2 50 5 2490 2503 2504 2491
2459 3 2 50 5 2491 2504 2505 2492
2460 3 2 50 5 2492 2505 2506 2493
2461 3 2 50 5 2493 2506 2507 2494
2462 3 2 50 5 2494 2507 2508 2495
2463 3 2 50 5 2495 2508 2509 2496
2464 3 2 50 5 2496 2509 2510 2497
2465 3 2 50 5 2497 2510 272 273
2466 3 2 50 5 74 75 2511 2498
2467 3 2 50 5 2498 2511 2512 2499
2468 3 2 50 5 2499 2512 2513 2500
2469 3 2 50 5 2500 2513 2514 2501
2470 3 2 50 5 2501 2514 2515 2502
2471 3 2 50 5 2502 2515 2516 2503
2472 3 2 50 5 2503 2516 2517 2504
2473 3 2 50 5 2504 2517 2518 2505
2474 3 2 50 5 2505 2518 2519 2506
2475 3 2 50 5 2506 2519 2520 2507
2476 3 2 50 5 2507 2520 2521 2508
2477 3 2 50 5 2508 2521 2522 2509
2478 3 2 50 5 2509 2522 2523 2510
2479 3 2 50 5 2510 2523 271 272
2480 3 2 50 5 75 76 2524 2511
2481 3 2 50 5 2511 2524 2525 2512
2482 3 2 50 5 2512 2525 2526 2513
2483 3 2 50 5 2513 2526 2527 2514
2484 3 2 50 5 2514 2527 2528 2515
2485 3 2 50 5 2515 2528 2529 2516
2486 3 2 50 5 2516 2529 2530 2517
2487 3 2 50 5 2517 2530 2531 2518
2488 3 2 50 5 2518 2531 2532 2519
2489 3 2 50 5 2519 2532 2533 2520
2490 3 2 50 5 2520 2533 2534 2521
2491 3 2 50 5 2521 2534 2535 2522
2492 3 2 50 5 2522 2535 2536 2523
2493 3 2 50 5 2523 2536 270 271
2494 3 2 50 5 76 77 2537 2524
2495 3 2 50 5 2524 2537 2538 2525
2496 3 2 50 5 2525 2538 2539 2526
2497 3 2 50 5 2526 2539 2540 2527
2498 3 2 50 5 2527 2540 2541 2528
2499 3 2 50 5 2528 2541 2542 2529
2500 3 2 50 5 2529 2542 2543 2530
2501 3 2 50 5 2530 2543 2544 2531
2502 3 2 50 5 2531 2544 2545 2532
2503 3 2 50 5 2532 2545 2546 2533
2504 3 2 50 5 2533 2546 2547 2534
2505 3 2 50 5 2534 2547 2548 2535
2506 3 2 50 5 2535 2548 2549 2536
2507 3 2 50 5 2536 2549 269 270
2508 3 2 50 5 77 78 2550 2537
2509 3 2 50 5 2537 2550 2551 2538
2510 3 2 50 5 2538 2551 2552 2539
2511 3 2 50 5 2539 2552 2553 2540
2512 3 2 50 5 2540 2553 2554 2541
2513 3 2 50 5 2541 2554 2555 2542
2514 3 2 50 5 2542 2555 2556 2543
2515 3 2 50 5 2543 2556 2557 2544
2516 3 2 50 5 2544 2557 2558 2545
2517 3 2 50 5 2545 2558 2559 2546
2518 3 2 50 5 2546 2559 2560 2547
2519 3 2 50 5 2547 2560 2561 2548
2520 3 2 50 5 2548 2561 2562 2549
2521 3 2 50 5 2549 2562 268 269
2522 3 2 50 5 78 79 2563 2550
2523 3 2 50 5 2550 2563 2564 2551
2524 3 2 50 5 2551 2564 2565 2552
2525 3 2 50 5 2552 2565 2566 2553
2526 3 2 50 5 2553 2566 2567 2554
2527 3 2 50 5 2554 2567 2568 2555
2528 3 2 50 5 2555 2568 2569 2556
2529 3 2 50 5 2556 2569 2570 2557
2530 3 2 50 5 2557 2570 2571 2558
2531 3 2 50 5 2558 2571 2572 2559
2532 3 2 50 5 2559 2572 2573 2560
2533 3 2 50 5 2560 2573 2574 2561
2534 3 2 50 5 2561 2574 2575 2562
2535 3 2 50 5 2562 2575 267 268
2536 3 2 50 5 79 80 2576 2563
2537 3 2 50 5 2563 2576 2577 2564
2538 3 2 50 5 2564 2577 2578 2565
2539 3 2 50 5 2565 2578 2579 2566
2540 3 2 50 5 2566 2579 2580 2567
2541 3 2 50 5 2567 2580 2581 2568
2542 3 2 50 5 2568 2581 2582 2569
2543 3 2 50 5 2569 2582 2583 2570
2544 3 2 50 5 2570 2583 2584 2571
2545 3 2 50 5 2571 2584 2585 2572
2546 3 2 50 5 2572 2585 2586 2573
2547 3 2 50 5 2573 2586 2587 2574
2548 3 2 50 5 2574 2587 2588 2575
2549 3 2 50 5 2575 2588 266 267
2550 3 2 50 5 80 81 2589 2576
2551 3 2 50 5 2576 2589 2590 2577
2552 3 2 50 5 2577 2590 2591 2578
2553 3 2 50 5 2578 2591 2592 2579
2554 3 2 50 5 2579 2592 2593 2580
2555 3 2 50 5 2580 2593 2594 2581
2556 3 2 50 5 2581 2594 2595 2582
2557 3 2 50 5 2582 2595 2596 2583
2558 3 2 50 5 2583 2596 2597 2584
2559 3 2 50 5 2584 2597 2598 2585
2560 3 2 50 5 2585 2598 2599 2586
2561 3 2 50 5 2586 2599 2600 2587
2562 3 2 50 5 2587 2600 2601 2588
2563 3 2 50 5 2588 2601 265 266
2564 3 2 50 5 81 82 2602 2589
2565 3 2 50 5 2589 2602 2603 2590
2566 3 2 50 5 2590 2603 2604 2591
2567 3 2 50 5 2591 2604 2605 2592
2568 3 2 50 5 2592 2605 2606 2593
2569 3 2 50 5 2593 2606 2607 2594
2570 3 2 50 5 2594 2607 2608 2595
2571 3 2 50 5 2595 2608 2609 2596
2572 3 2 50 5 2596 2609 2610 2597
2573 3 2 50 5 2597 2610 2611 2598
2574 3 2 50 5 2598 2611 2612 2599
2575 3 2 50 5 2599 2612 2613 2600
2576 3 2 50 5 2600 2613 2614 2601
2577 3 2 50 5 2601 2614 264 265
2578 3 2 50 5 82 83 2615 2602
2579 3 2 50 5 2602 2615 2616 2603
2580 3 2 50 5 2603 2616 2617 2604
2581 3 2 50 5 2604 2617 2618 2605
2582 3 2 50 5 2605 2618 2619 2606
2583 3 2 50 5 2606 2619 2620 2607
2584 3 2 50 5 2607 2620 2621 2608
2585 3 2 50 5 2608 2621 2622 2609
2586 3 2 50 5 2609 2622 2623 2610
2587 3 2 50 5 2610 2623 2624 2611
2588 3 2 50 5 2611 2624 2625 2612
2589 3 2 50 5 2612 2625 2626 2613
2590 3 2 50 5 2613 2626 2627 2614
2591 3 2 50 5 2614 2627 263 264
2592 3 2 50 5 83 84 2628 2615
2593 3 2 50 5 2615 2628 2629 2616
2594 3 2 50 5 2616 2629 2630 2617
2595 3 2 50 5 2617 2630 2631 2618
2596 3 2 50 5 2618 2631 2632 2619
2597 3 2 50 5 2619 2632 2633 2620
2598 3 2 50 5 2620 2633 2634 2621
2599 3 2 50 5 2621 2634 2635 2622
2600 3 2 50 5 2622 2635 2636 2623
2601 3 2 50 5 2623 2636 2637 2624
2602 3 2 50 5 2624 2637 2638 2625
2603 3 2 50 5 2625 2638 2639 2626
2604 3 2 50 5 2626 2639 2640 2627
2605 3 2 50 5 2627 2640 262 263
2606 3 2 50 5 84 85 2641 2628
2607 3 2 50 5 2628 2641 2642 2629
2608 3 2 50 5 2629 2642 2643 2630
2609 3 2 50 5 2630 2643 2644 2631
2610 3 2 50 5 2631 2644 2645 2632
2611 3 2 50 5 2632 2645 2646 2633
2612 3 2 50 5 2633 2646 2647 2634
2613 3 2 50 5 2634 2647 2648 2635
2614 3 2 50 5 2635 2648 2649 2636
2615 3 2 50 5 2636 2649 2650 2637
2616 3 2 50 5 2637 2650 2651 2638
2617 3 2 50 5 2638 2651 2652 2639
2618 3 2 50 5 2639 2652 2653 2640
2619 3 2 50 5 2640 2653 261 262
2620 3 2 50 5 85 86 2654 2641
2621 3 2 50 5 2641 2654 2655 2642
2622 3 2 50 5 2642 2655 2656 2643
2623 3 2 50 5 2643 2656 2657 2644
2624 3 2 50 5 2644 2657 2658 2645
2625 3 2 50 5 2645 2658 2659 2646
2626 3 2 50 5 2646 2659 2660 2647
2627 3 2 50 5 2647 2660 2661 2648
2628 3 2 50 5 2648 2661 2662 2649
2629 3 2 50 5 2649 2662 2663 2650
2630 3 2 50 5 2650 2663 2664 2651
2631 3 2 50 5 2651 2664 2665 2652
2632 3 2 50 5 2652 2665 2666 2653
2633 3 2 50 5 2653 2666 260 261
2634 3 2 50 5 86 87 2667 2654
2635 3 2 50 5 2654 2667 2668 2655
2636 3 2 50 5 2655 2668 2669 2656
2637 3 2 50 5 2656 2669 2670 2657
2638 3 2 50 5 2657 2670 2671 2658
2639 3 2 50 5 2658 2671 2672 2659
2640 3 2 50 5 2659 2672 2673 2660
2641 3 2 50 5 2660 2673 2674 2661
2642 3 2 50 5 2661 2674 2675 2662
2643 3 2 50 5 2662 2675 2676 2663
2644 3 2 50 5 2663 2676 2677 2664
2645 3 2 50 5 2664 2677 2678 2665
2646 3 2 50 5 2665 2678 2679 2666
2647 3 2 50 5 2666 2679 259 260
2648 3 2 50 5 87 88 2680 2667
2649 3 2 50 5 2667 2680 2681 2668
2650 3 2 50 5 2668 2681 2682 2669
2651 3 2 50 5 2669 2682 2683 2670
2652 3 2 50 5 2670 2683 2684 2671
2653 3 2 50 5 2671 2684 2685 2672
2654 3 2 50 5 2672 2685 2686 2673
2655 3 2 50 5 2673 2686 2687 2674
2656 3 2 50 5 2674 2687 2688 2675
2657 3 2 50 5 2675 2688 2689 2676
2658 3 2 50 5 2676 2689 2690 2677
2659 3 2 50 5 2677 2690 2691 2678
2660 3 2 50 5 2678 2691 2692 2679
2661 3 2 50 5 2679 2692 258 259
2662 3 2 50 5 88 89 2693 2680
2663 3 2 50 5 2680 2693 2694 2681
2664 3 2 50 5 2681 2694 2695 2682
2665 3 2 50 5 2682 2695 2696 2683
2666 3 2 50 5 2683 2696 2697 2684
2667 3 2 50 5 2684 2697 2698 2685
2668 3 2 50 5 2685 2698 2699 2686
2669 3 2 50 5 2686 2699 2700 2687
2670 3 2 50 5 2687 2700 2701 2688
2671 3 2 50 5 2688 2701 2702 2689
2672 3 2 50 5 2689 2702 2703 2690
2673 3 2 50 5 2690 2703 2704 2691
2674 3 2 50 5 2691 2704 2705 2692
2675 3 2 50 5 2692 2705 257 258
2676 3 2 50 5 89 90 2706 2693
2677 3 2 50 5 2693 2706 2707 2694
2678 3 2 50 5 2694 2707 2708 2695
2679 3 2 50 5 2695 2708 2709 2696
2680 3 2 50 5 2696 2709 2710 2697
2681 3 2 50 5 2697 2710 2711 2698
2682 3 2 50 5 2698 2711 2712 2699
2683 3 2 50 5 2699 2712 2713 2700
2684 3 2 50 5 2700 2713 2714 2701
2685 3 2 50 5 2701 2714 2715 2702
2686 3 2 50 5 2702 2715 2716 2703
2687 3 2 50 5 2703 2716 2717 2704
2688 3 2 50 5 2704 2717 2718 2705
2689 3 2 50 5 2705 2718 256 257
2690 3 2 50 5 90 91 2719 2706
2691 3 2 50 5 2706 2719 2720 2707
2692 3 2 50 5 2707 2720 2721 2708
2693 3 2 50 5 2708 2721 2722 2709
2694 3 2 50 5 2709 2722 2723 2710
2695 3 2 50 5 2710 2723 2724 2711
2696 3 2 50 5 2711 2724 2725 2712
2697 3 2 50 5 2712 2725 2726 2713
2698 3 2 50 5 2713 2726 2727 2714
2699 3 2 50 5 2714 2727 2728 2715
2700 3 2 50 5 2715 2728 2729 2716
2701 3 2 50 5 2716 2729 2730 2717
2702 3 2 50 5 2717 2730 2731 2718
2703 3 2 50 5 2718 2731 255 256
2704 3 2 50 5 91 92 2732 2719
2705 3 2 50 5 2719 2732 2733 2720
2706 3 2 50 5 2720 2733 2734 2721
2707 3 2 50 5 2721 2734 2735 2722
2708 3 2 50 5 2722 2735 2736 2723
2709 3 2 50 5 2723 2736 2737 2724
2710 3 2 50 5 2724 2737 2738 2725
2711 3 2 50 5 2725 2738 2739 2726
2712 3 2 50 5 2726 2739 2740 2727
2713 3 2 50 5 2727 2740 2741 2728
2714 3 2 50 5 2728 2741 2742 2729
2715 3 2 50 5 2729 2742 2743 2730
2716 3 2 50 5 2730 2743 2744 2731
2717 3 2 50 5 2731 2744 254 255
2718 3 2 50 5 92 93 2745 2732
2719 3 2 50 5 2732 2745 2746 2733
2720 3 2 50 5 2733 2746 2747 2734
2721 3 2 50 5 2734 2747 2748 2735
2722 3 2 50 5 2735 2748 2749 2736
2723 3 2 50 5 2736 2749 2750 2737
2724 3 2 50 5 2737 2750 2751 2738
2725 3 2 50 5 2738 2751 2752 2739
2726 3 2 50 5 2739 2752 2753 2740
2727 3 2 50 5 2740 2753 2754 2741
2728 3 2 50 5 2741 2754 2755 2742
2729 3 2 50 5 2742 2755 2756 2743
2730 3 2 50 5 2743 2756 2757 2744
2731 3 2 50 5 2744 2757 253 254
2732 3 2 50 5 93 94 2758 2745
2733 3 2 50 5 2745 2758 2759 2746
2734 3 2 50 5 2746 2759 2760 2747
2735 3 2 50 5 2747 2760 2761 2748
2736 3 2 50 5 2748 2761 2762 2749
2737 3 2 50 5 2749 2762 2763 2750
2738 3 2 50 5 2750 2763 2764 2751
2739 3 2 50 5 2751 2764 2765 2752
2740 3 2 50 5 2752 2765 2766 2753
2741 3 2 50 5 2753 2766 2767 2754
2742 3 2 50 5 2754 2767 2768 2755
2743 3 2 50 5 2755 2768 2769 2756
2744 3 2 50 5 2756 2769 2770 2757
2745 3 2 50 5 2757 2770 252 253
2746 3 2 50 5 94 95 2771 2758
2747 3 2 50 5 2758 2771 2772 2759
2748 3 2 50 5 2759 2772 2773 2760
2749 3 2 50 5 2760 2773 2774 2761
2750 3 2 50 5 2761 2774 2775 2762
2751 3 2 50 5 2762 2775 2776 2763
2752 3 2 50 5 2763 2776 2777 2764
2753 3 2 50 5 2764 2777 2778 2765
2754 3 2 50 5 2765 2778 2779 2766
2755 3 2 50 5 2766 2779 2780 2767
2756 3 2 50 5 2767 2780 2781 2768
2757 3 2 50 5 2768 2781 2782 2769
2758 3 2 50 5 2769 2782 2783 2770
2759 3 2 50 5 2770 2783 251 252
2760 3 2 50 5 95 96 2784 2771
2761 3 2 50 5 2771 2784 2785 2772
2762 3 2 50 5 2772 2785 2786 2773
2763 3 2 50 5 2773 2786 2787 2774
2764 3 2 50 5 2774 2787 2788 2775
2765 3 2 50 5 2775 2788 2789 2776
2766 3 2 50 5 2776 2789 2790 2777
2767 3 2 50 5 2777 2790 2791 2778
2768 3 2 50 5 2778 2791 2792 2779
2769 3 2 50 5 2779 2792 2793 2780
2770 3 2 50 5 2780 2793 2794 2781
2771 3 2 50 5 2781 2794 2795 2782
2772 3 2 50 5 2782 2795 2796 2783
2773 3 2 50 5 2783 2796 250 251
2774 3 2 50 5 96 97 2797 2784
2775 3 2 50 5 2784 2797 2798 2785
2776 3 2 50 5 2785 2798 2799 2786
2777 3 2 50 5 2786 2799 2800 2787
2778 3 2 50 5 2787 2800 2801 2788
2779 3 2 50 5 2788 2801 2802 2789
2780 3 2 50 5 2789 2802 2803 2790
2781 3 2 50 5 2790 2803 2804 2791
2782 3 2 50 5 2791 2804 2805 2792
2783 3 2 50 5 2792 2805 2806 2793
2784 3 2 50 5 2793 2806 2807 2794
2785 3 2 50 5 2794 2807 2808 2795
2786 3 2 50 5 2795 2808 2809 2796
2787 3 2 50 5 2796 2809 249 250
2788 3 2 50 5 97 98 2810 2797
2789 3 2 50 5 2797 2810 2811 2798
2790 3 2 50 5 2798 2811 2812 2799
2791 3 2 50 5 2799 2812 2813 2800
2792 3 2 50 5 2800 2813 2814 2801
2793 3 2 50 5 2801 2814 2815 2802
2794 3 2 50 5 2802 2815 2816 2803
2795 3 2 50 5 2803 2816 2817 2804
2796 3 2 50 5 2804 2817 2818 2805
2797 3 2 50 5 2805 2818 2819 2806
2798 3 2 50 5 2806 2819 2820 2807
2799 3 2 50 5 2807 2820 2821 2808
2800 3 2 50 5 2808 2821 2822 2809
2801 3 2 50 5 2809 2822 248 249
2802 3 2 50 5 98 99 2823 2810
2803 3 2 50 5 2810 2823 2824 2811
2804 3 2 50 5 2811 2824 2825 2812
2805 3 2 50 5 2812 2825 2826 2813
2806 3 2 50 5 2813 2826 2827 2814
2807 3 2 50 5 2814 2827 2828 2815
2808 3 2 50 5 2815 2828 2829 2816
2809 3 2 50 5 2816 2829 2830 2817
2810 3 2 50 5 2817 2830 2831 2818
2811 3 2 50 5 2818 2831 2832 2819
2812 3 2 50 5 2819 2832 2833 2820
2813 3 2 50 5 2820 2833 2834 2821
2814 3 2 50 5 2821 2834 2835 2822
2815 3 2 50 5 2822 2835 247 248
2816 3 2 50 5 99 100 2836 2823
2817 3 2 50 5 2823 2836 2837 2824
2818 3 2 50 5 2824 2837 2838 2825
2819 3 2 50 5 2825 2838 2839 2826
2820 3 2 50 5 2826 2839 2840 2827
2821 3 2 50 5 2827 2840 2841 2828
2822 3 2 50 5 2828 2841 2842 2829
2823 3 2 50 5 2829 2842 2843 2830
2824 3 2 50 5 2830 2843 2844 2831
2825 3 2 50 5 2831 2844 2845 2832
2826 3 2 50 5 2832 2845 2846 2833
2827 3 2 50 5 2833 2846 2847 2834
2828 3 2 50 5 2834 2847 2848 2835
2829 3 2 50 5 2835 2848 246 247
2830 3 2 50 5 100 101 2849 2836
2831 3 2 50 5 2836 2849 2850 2837
2832 3 2 50 5 2837 2850 2851 2838
2833 3 2 50 5 2838 2851 2852 2839
2834 3 2 50 5 2839 2852 2853 2840
2835 3 2 50 5 2840 2853 2854 2841
2836 3 2 50 5 2841 2854 2855 2842
2837 3 2 50 5 2842 2855 2856 2843
2838 3 2 50 5 2843 2856 2857 2844
2839 3 2 50 5 2844 2857 2858 2845
2840 3 2 50 5 2845 2858 2859 2846
2841 3 2 50 5 2846 2859 2860 2847
2842 3 2 50 5 2847 2860 2861 2848
2843 3 2 50 5 2848 2861 245 246
2844 3 2 50 5 101 102 2862 2849
2845 3 2 50 5 2849 2862 2863 2850
2846 3 2 50 5 2850 2863 2864 2851
2847 3 2 50 5 2851 2864 2865 2852
2848 3 2 50 5 2852 2865 2866 2853
2849 3 2 50 5 2853 2866 2867 2854
2850 3 2 50 5 2854 2867 2868 2855
2851 3 2 50 5 2855 2868 2869 2856
2852 3 2 50 5 2856 2869 2870 2857
2853 3 2 50 5 2857 2870 2871 2858
2854 3 2 50 5 2858 2871 2872 2859
2855 3 2 50 5 2859 2872 2873 2860
2856 3 2 50 5 2860 2873 2874 2861
2857 3 2 50 5 2861 2874 244 245
2858 3 2 50 5 102 103 2875 2862
2859 3 2 50 5 2862 2875 2876 2863
2860 3 2 50 5 2863 2876 2877 2864
2861 3 2 50 5 2864 2877 2878 2865
2862 3 2 50 5 2865 2878 2879 2866
2863 3 2 50 5 2866 2879 2880 2867
2864 3 2 50 5 2867 2880 2881 2868
2865 3 2 50 5 2868 2881 2882 2869
2866 3 2 50 5 2869 2882 2883 2870
2867 3 2 50 5 2870 2883 2884 2871
2868 3 2 50 5 2871 2884 2885 2872
2869 3 2 50 5 2872 2885 2886 2873
2870 3 2 50 5 2873 2886 2887 2874
2871 3 2 50 5 2874 2887 243 244
2872 3 2 50 5 103 104 2888 2875
2873 3 2 50 5 2875 2888 2889 2876
2874 3 2 50 5 2876 2889 2890 2877
2875 3 2 50 5 2877 2890 2891 2878
2876 3 2 50 5 2878 2891 2892 2879
2877 3 2 50 5 2879 2892 2893 2880
2878 3 2 50 5 2880 2893 2894 2881
2879 3 2 50 5 2881 2894 2895 2882
2880 3 2 50 5 2882 2895 2896 2883
2881 3 2 50 5 2883 2896 2897 2884
2882 3 2 50 5 2884 2897 2898 2885
2883 3 2 50 5 2885 2898 2899 2886
2884 3 2 50 5 2886 2899 2900 2887
2885 3 2 50 5 2887 2900 242 243
2886 3 2 50 5 104 2 229 2888
2887 3 2 50 5 2888 229 230 2889
2888 3 2 50 5 2889 230 231 2890
2889 3 2 50 5 2890 231 232 2891
2890 3 2 50 5 2891 232 233 2892
2891 3 2 50 5 2892 233 234 2893
2892 3 2 50 5 2893 234 235 2894
2893 3 2 50 5 2894 235 236 2895
2894 3 2 50 5 2895 236 237 2896
2895 3 2 50 5 2896 237 238 2897
2896 3 2 50 5 2897 238 239 2898
2897 3 2 50 5 2898 239 240 2899
2898 3 2 50 5 2899 240 241 2900
2899 3 2 50 5 2900 241 5 242
2900 5 2 100 1 228 353 354 227 352 1627 1628 351
2901 5 2 100 1 227 354 355 226 351 1628 1629 350
2902 5 2 100 1 226 355 356 225 350 1629 1630 349
2903 5 2 100 1 225 356 357 224 349 1630 1631 348
2904 5 2 100 1 224 357 358 223 348 1631 1632 347
2905 5 2 100 1 223 358 359 222 347 1632 1633 346
2906 5 2 100 1 222 359 360 221 346 1633 1634 345
2907 5 2 100 1 221 360 361 220 345 1634 1635 344
2908 5 2 100 1 220 361 362 219 344 1635 1636 343
2909 5 2 100 1 219 362 363 218 343 1636 1637 342
2910 5 2 100 1 218 363 364 217 342 1637 1638 341
2911 5 2 100 1 217 364 365 216 341 1638 1639 340
2912 5 2 100 1 216 365 215 4 340 1639 339 6
2913 5 2 100 1 353 366 367 354 1627 1640 1641 1628
2914 5 2 100 1 354 367 368 355 1628 1641 1642 1629
2915 5 2 100 1 355 368 369 356 1629 1642 1643 1630
2916 5 2 100 1 356 369 370 357 1630 1643 1644 1631
2917 5 2 100 1 357 370 371 358 1631 1644 1645 1632
2918 5 2 100 1 358 371 372 359 1632 1645 1646 1633
2919 5 2 100 1 359 372 373 360 1633 1646 1647 1634
2920 5 2 100 1 360 373 374 361 1634 1647 1648 1635
2921 5 2 100 1 361 374 375 362 1635 1648 1649 1636
2922 5 2 100 1 362 375 376 363 1636 1649 1650 1637
2923 5 2 100 1 363 376 377 364 1637 1650 1651 1638
2924 5 2 100 1 364 377 378 365 1638 1651 1652 1639
2925 5 2 100 1 365 378 214 215 1639 1652 338 339
2926 5 2 100 1 366 379 380 367 1640 1653 1654 1641
2927 5 2 100 1 367 380 381 368 1641 1654 1655 1642
2928 5 2 100 1 368 381 382 369 1642 1655 1656 1643
2929 5 2 100 1 369 382 383 370 1643 1656 1657 1644
2930 5 2 100 1 370 383 384 371 1644 1657 1658 1645
2931 5 2 100 1 371 384 385 372 1645 1658 1659 1646
2932 5 2 100 1 372 385 386 373 1646 1659 1660 1647
2933 5 2 100 1 373 386 387 374 1647 1660 1661 1648
2934 5 2 100 1 374 387 388 375 1648 1661 1662 1649
2935 5 2 100 1 375 388 389 376 1649 1662 1663 1650
2936 5 2 100 1 376 389 390 377 1650 1663 1664 1651
2937 5 2 100 1 377 390 391 378 1651 1664 1665 1652
2938 5 2 100 1 378 391 213 214 1652 1665 337 338
2939 5 2 100 1 379 392 393 380 1653 1666 1667 1654
2940 5 2 100 1 380 393 394 381 1654 1667 1668 1655
2941 5 2 100 1 381 394 395 382 1655 1668 1669 1656
2942 5 2 100 1 382 395 396 383 1656 1669 1670 1657
2943 5 2 100 1 383 396 397 384 1657 1670 1671 1658
2944 5 2 100 1 384 397 398 385 1658 1671 1672 1659
2945 5 2 100 1 385 398 399 386 1659 1672 1673 1660
2946 5 2 100 1 386 399 400 387 1660 1673 1674 1661
2947 5 2 100 1 387 400 401 388 1661 1674 1675 1662
2948 5 2 100 1 388 401 402 389 1662 1675 1676 1663
2949 5 2 100 1 389 402 403 390 1663 1676 1677 1664
2950 5 2 100 1 390 403 404 391 1664 1677 1678 1665
2951 5 2 100 1 391 404 212 213 1665 1678 336 337
2952 5 2 100 1 392 405 406 393 1666 1679 1680 1667
2953 5 2 100 1 393 406 407 394 1667 1680 1681 1668
2954 5 2 100 1 394 407 408 395 1668 1681 1682 1669
2955 5 2 100 1 395 408 409 396 1669 1682 1683 1670
2956 5 2 100 1 396 409 410 397 1670 1683 1684 1671
2957 5 2 100 1 397 410 411 398 1671 1684 1685 1672
2958 5 2 100 1 398 411 412 399 1672 1685 1686 1673
2959 5 2 100 1 399 412 413 400 1673 1686 1687 1674
2960 5 2 100 1 400 413 414 401 1674 1687 1688 1675
2961 5 2 100 1 401 414 415 402 1675 1688 1689 1676
2962 5 2 100 1 402 415 416 403 1676 1689 1690 1677
2963 5 2 100 1 403 416 417 404 1677 1690 1691 1678
2964 5 2 100 1 404 417 211 212 1678 1691 335 336
2965 5 2 100 1 405 418 419 406 1679 1692 1693 1680
2966 5 2 100 1 406 419 420 407 1680 1693 1694 1681
2967 5 2 100 1 407 420 421 408 1681 1694 1695 1682
2968 5 2 100 1 408 421 422 409 1682 1695 1696 1683
2969 5 2 100 1 409 422 423 410 1683 1696 1697 1684
2970 5 2 100 1 410 423 424 411 1684 1697 1698 1685
2971 5 2 100 1 411 424 425 412 1685 1698 1699 1686
2972 5 2 100 1 412 425 426 413 1686 1699 1700 1687
2973 5 2 100 1 413 426 427 414 1687 1700 1701 1688
2974 5 2 100 1 414 427 428 415 1688 1701 1702 1689
2975 5 2 100 1 415 428 429 416 1689 1702 1703 1690
2976 5 2 100 1 416 429 430 417 1690 1703 1704 1691
2977 5 2 100 1 417 430 210 211 1691 1704 334 335
2978 5 2 100 1 418 431 432 419 1692 1705 1706 1693
2979 5 2 100 1 419 432 433 420 1693 1706 1707 1694
2980 5 2 100 1 420 433 434 421 1694 1707 1708 1695
2981 5 2 100 1 421 434 435 422 1695 1708 1709 1696
2982 5 2 100 1 422 435 436 423 1696 1709 1710 1697
2983 5 2 100 1 423 436 437 424 1697 1710 1711 1698
2984 5 2 100 1 424 437 438 425 1698 1711 1712 1699
2985 5 2 100 1 425 438 439 426 1699 1712 1713 1700
2986 5 2 100 1 426 439 440 427 1700 1713 1714 1701
2987 5 2 100 1 427 440 441 428 1701 1714 1715 1702
2988 5 2 100 1 428 441 442 429 1702 1715 1716 1703
2989 5 2 100 1 429 442 443 430 1703 1716 1717 1704
2990 5 2 100 1 430 443 209 210 1704 1717 333 334
2991 5 2 100 1 431 444 445 432 1705 1718 1719 1706
2992 5 2 100 1 432 445 446 433 1706 1719 1720 1707
2993 5 2 100 1 433 446 447 434 1707 1720 1721 1708
2994 5 2 100 1 434 447 448 435 1708 1721 1722 1709
2995 5 2 100 1 435 448 449 436 1709 1722 1723 1710
2996 5 2 100 1 436 449 450 437 1710 1723 1724 1711
2997 5 2 100 1 437 450 451 438 1711 1724 1725 1712
2998 5 2 100 1 438 451 452 439 1712 1725 1726 1713
2999 5 2 100 1 439 452 453 440 1713 1726 1727 1714
3000 5 2 100 1 440 453 454 441 1714 1727 1728 1715
3001 5 2 100 1 441 454 455 442 1715 1728 1729 1716
3002 5 2 100 1 442 455 456 443 1716 1729 1730 1717
3003 5 2 100 1 443 456 208 209 1717 1730 332 333
3004 5 2 100 1 444 457 458 445 1718 1731 1732 1719
3005 5 2 100 1 445 458 459 446 1719 1732 1733 1720
3006 5 2 100 1 446 459 460 447 1720 1733 1734 1721
3007 5 2 100 1 447 460 461 448 1721 1734 1735 1722
3008 5 2 100 1 448 461 462 449 1722 1735 1736 1723
3009 5 2 100 1 449 462 463 450 1723 1736 1737 1724
3010 5 2 100 1 450 463 464 451 1724 1737 1738 1725
3011 5 2 100 1 451 464 465 452 1725 1738 1739 1726
3012 5 2 100 1 452 465 466 453 1726 1739 1740 1727
3013 5 2 100 1 453 466 467 454 1727 1740 1741 1728
3014 5 2 100 1 454 467 468 455 1728 1741 1742 1729
3015 5 2 100 1 455 468 469 456 1729 1742 1743 1730
3016 5 2 100 1 456 469 207 208 1730 1743 331 332
3017 5 2 100 1 457 470 471 458 1731 1744 1745 1732
3018 5 2 100 1 458 471 472 459 1732 1745 1746 1733
3019 5 2 100 1 459 472 473 460 1733 1746 1747 1734
3020 5 2 100 1 460 473 474 461 1734 1747 1748 1735
3021 5 2 100 1 461 474 475 462 1735 1748 1749 1736
3022 5 2 100 1 462 475 476 463 1736 1749 1750 1737
3023 5 2 100 1 463 476 477 464 1737 1750 1751 1738
3024 5 2 100 1 464 477 478 465 1738 1751 1752 1739
3025 5 2 100 1 465 478 479 466 1739 1752 1753 1740
3026 5 2 100 1 466 479 480 467 1740 1753 1754 1741
3027 5 2 100 1 467 480 481 468 1741 1754 1755 1742
3028 5 2 100 1 468 481 482 469 1742 1755 1756 1743
3029 5 2 100 1 469 482 206 207 1743 1756 330 331
3030 5 2 100 1 470 483 484 471 1744 1757 1758 1745
3031 5 2 100 1 471 484 485 472 1745 1758 1759 1746
3032 5 2 100 1 472 485 486 473 1746 1759 1760 1747
3033 5 2 100 1 473 486 487 474 1747 1760 1761 1748
3034 5 2 100 1 474 487 488 475 1748 1761 1762 1749
3035 5 2 100 1 475 488 489 476 1749 1762 1763 1750
3036 5 2 100 1 476 489 490 477 1750 1763 1764 1751
3037 5 2 100 1 477 490 491 478 1751 1764 1765 1752
3038 5 2 100 1 478 491 492 479 1752 1765 1766 1753
3039 5 2 100 1 479 492 493 480 1753 1766 1767 1754
3040 5 2 100 1 480 493 494 481 1754 1767 1768 1755
3041 5 2 100 1 481 494 495 482 1755 1768 1769 1756
3042 5 2 100 1 482 495 205 206 1756 1769 329 330
3043 5 2 100 1 483 496 497 484 1757 1770 1771 1758
3044 5 2 100 1 484 497 498 485 1758 1771 1772 1759
3045 5 2 100 1 485 498 499 486 1759 1772 1773 1760
3046 5 2 100 1 486 499 500 487 1760 1773 1774 1761
3047 5 2 100 1 487 500 501 488 1761 1774 1775 1762
3048 5 2 100 1 488 501 502 489 1762 1775 1776 1763
3049 5 2 100 1 489 502 503 490 1763 1776 1777 1764
3050 5 2 100 1 490 503 504 491 1764 1777 1778 1765
3051 5 2 100 1 491 504 505 492 1765 1778 1779 1766
3052 5 2 100 1 492 505 506 493 1766 1779 1780 1767
3053 5 2 100 1 493 506 507 494 1767 1780 1781 1768
3054 5 2 100 1 494 507 508 495 1768 1781 1782 1769
3055 5 2 100 1 495 508 204 205 1769 1782 328 329
3056 5 2 100 1 496 509 510 497 1770 1783 1784 1771
3057 5 2 100 1 497 510 511 498 1771 1784 1785 1772
3058 5 2 100 1 498 511 512 499 1772 1785 1786 1773
3059 5 2 100 1 499 512 513 500 1773 1786 1787 1774
3060 5 2 100 1 500 513 514 501 1774 1787 1788 1775
3061 5 2 100 1 501 514 515 502 1775 1788 1789 1776
3062 5 2 100 1 502 515 516 503 1776 1789 1790 1777
3063 5 2 100 1 503 516 517 504 1777 1790 1791 1778
3064 5 2 100 1 504 517 518 505 1778 1791 1792 1779
3065 5 2 100 1 505 518 519 506 1779 1792 1793 1780
3066 5 2 100 1 506 519 520 507 1780 1793 1794 1781
3067 5 2 100 1 507 520 521 508 1781 1794 1795 1782
3068 5 2 100 1 508 521 203 204 1782 1795 327 328
3069 5 2 100 1 509 522 523 510 1783 1796 1797 1784
3070 5 2 100 1 510 523 524 511 1784 1797 1798 1785
3071 5 2 100 1 511 524 525 512 1785 1798 1799 1786
3072 5 2 100 1 512 525 526 513 1786 1799 1800 1787
3073 5 2 100 1 513 526 527 514 1787 1800 1801 1788
3074 5 2 100 1 514 527 528 515 1788 1801 1802 1789
3075 5 2 100 1 515 528 529 516 1789 1802 1803 1790
3076 5 2 100 1 516 529 530 517 1790 1803 1804 1791
3077 5 2 100 1 517 530 531 518 1791 1804 1805 1792
3078 5 2 100 1 518 531 532 519 1792 1805 1806 1793
3079 5 2 100 1 519 532 533 520 1793 1806 1807 1794
3080 5 2 100 1 520 533 534 521 1794 1807 1808 1795
3081 5 2 100 1 521 534 202 203 1795 1808 326 327
3082 5 2 100 1 522 535 536 523 1796 1809 1810 1797
3083 5 2 100 1 523 536 537 524 1797 1810 1811 1798
3084 5 2 100 1 524 537 538 525 1798 1811 1812 1799
3085 5 2 100 1 525 538 539 526 1799 1812 1813 1800
3086 5 2 100 1 526 539 540 527 1800 1813 1814 1801
3087 5 2 100 1 527 540 541 528 1801 1814 1815 1802
3088 5 2 100 1 528 541 542 529 1802 1815 1816 1803
3089 5 2 100 1 529 542 543 530 1803 1816 1817 1804
3090 5 2 100 1 530 543 544 531 1804 1817 1818 1805
3091 5 2 100 1 531 544 545 532 1805 1818 1819 1806
3092 5 2 100 1 532 545 546 533 1806 1819 1820 1807
3093 5 2 100 1 533 546 547 534 1807 1820 1821 1808
3094 5 2 100 1 534 547 201 202 1808 1821 325 326
3095 5 2 100 1 535 548 549 536 1809 1822 1823 1810
3096 5 2 100 1 536 549 550 537 1810 1823 1824 1811
3097 5 2 100 1 537 550 551 538 1811 1824 1825 1812
3098 5 2 100 1 538 551 552 539 1812 1825 1826 1813
3099 5 2 100 1 539 552 553 540 1813 1826 1827 1814
3100 5 2 100 1 540 553 554 541 1814 1827 1828 1815
3101 5 2 100 1 541 554 555 542 1815 1828 1829 1816
3102 5 2 100 1 542 555 556 543 1816 1829 1830 1817
3103 5 2 100 1 543 556 557 544 1817 1830 1831 1818
3104 5 2 100 1 544 557 558 545 1818 1831 1832 1819
3105 5 2 100 1 545 558 559 546 1819 1832 1833 1820
3106 5 2 100 1 546 559 560 547 1820 1833 1834 1821
3107 5 2 100 1 547 560 200 201 1821 1834 324 325
3108 5 2 100 1 548 561 562 549 1822 1835 1836 1823
3109 5 2 100 1 549 562 563 550 1823 1836 1837 1824
3110 5 2 100 1 550 563 564 551 1824 1837 1838 1825
3111 5 2 100 1 551 564 565 552 1825 1838 1839 1826
3112 5 2 100 1 552 565 566 553 1826 1839 1840 1827
3113 5 2 100 1 553 566 567 554 1827 1840 1841 1828
3114 5 2 100 1 554 567 568 555 1828 1841 1842 1829
3115 5 2 100 1 555 568 569 556 1829 1842 1843 1830
3116 5 2 100 1 556 569 570 557 1830 1843 1844 1831
3117 5 2 100 1 557 570 571 558 1831 1844 1845 1832
3118 5 2 100 1 558 571 572 559 1832 1845 1846 1833
3119 5 2 100 1 559 572 573 560 1833 1846 1847 1834
3120 5 2 100 1 560 573 199 200 1834 1847 323 324
3121 5 2 100 1 561 574 575 562 1835 1848 1849 1836
3122 5 2 100 1 562 575 576 563 1836 1849 1850 1837
3123 5 2 100 1 563 576 577 564 1837 1850 1851 1838
3124 5 2 100 1 564 577 578 565 1838 1851 1852 1839
3125 5 2 100 1 565 578 579 566 1839 1852 1853 1840
3126 5 2 100 1 566 579 580 567 1840 1853 1854 1841
3127 5 2 100 1 567 580 581 568 1841 1854 1855 1842
3128 5 2 100 1 568 581 582 569 1842 1855 1856 1843
3129 5 2 100 1 569 582 583 570 1843 1856 1857 1844
3130 5 2 100 1 570 583 584 571 1844 1857 1858 1845
3131 5 2 100 1 571 584 585 572 1845 1858 1859 1846
3132 5 2 100 1 572 585 586 573 1846 1859 1860 1847
3133 5 2 100 1 573 586 198 199 1847 1860 322 323
3134 5 2 100 1 574 587 588 575 1848 1861 1862 1849
3135 5 2 100 1 575 588 589 576 1849 1862 1863 1850
3136 5 2 100 1 576 589 590 577 1850 1863 1864 1851
3137 5 2 100 1 577 590 591 578 1851 1864 1865 1852
3138 5 2 100 1 578 591 592 579 1852 1865 1866 1853
3139 5 2 100 1 579 592 593 580 1853 1866 1867 1854
3140 5 2 100 1 580 593 594 581 1854 1867 1868 1855
3141 5 2 100 1 581 594 595 582 1855 1868 1869 1856
3142 5 2 100 1 582 595 596 583 1856 1869 1870 1857
3143 5 2 100 1 583 596 597 584 1857 1870 1871 1858
3144 5 2 100 1 584 597 598 585 1858 1871 1872 1859
3145 5 2 100 1 585 598 599 586 1859 1872 1873 1860
3146 5 2 100 1 586 599 197 198 1860 1873 321 322
3147 5 2 100 1 587 600 601 588 1861 1874 1875 1862
3148 5 2 100 1 588 601 602 589 1862 1875 1876 1863
3149 5 2 100 1 589 602 603 590 1863 1876 1877 1864
3150 5 2 100 1 590 603 604 591 1864 1877 1878 1865
3151 5 2 100 1 591 604 605 592 1865 1878 1879 1866
3152 5 2 100 1 592 605 606 593 1866 1879 1880 1867
3153 5 2 100 1 593 606 607 594 1867 1880 1881 1868
3154 5 2 100 1 594 607 608 595 1868 1881 1882 1869
3155 5 2 100 1 595 608 609 596 1869 1882 1883 1870
3156 5 2 100 1 596 609 610 597 1870 1883 1884 1871
3157 5 2 100 1 597 610 611 598 1871 1884 1885 1872
3158 5 2 100 1 598 611 612 599 1872 1885 1886 1873
3159 5 2 100 1 599 612 196 197 1873 1886 320 321
3160 5 2 100 1 600 613 614 601 1874 1887 1888 1875
3161 5 2 100 1 601 614 615 602 1875 1888 1889 1876
3162 5 2 100 1 602 615 616 603 1876 1889 1890 1877
3163 5 2 100 1 603 616 617 604 1877 1890 1891 1878
3164 5 2 100 1 604 617 618 605 1878 1891 1892 1879
3165 5 2 100 1 605 618 619 606 1879 1892 1893 1880
3166 5 2 100 1 606 619 620 607 1880 1893 1894 1881
3167 5 2 100 1 607 620 621 608 1881 1894 1895 1882
3168 5 2 100 1 608 621 622 609 1882 1895 1896 1883
3169 5 2 100 1 609 622 623 610 1883 1896 1897 1884
3170 5 2 100 1 610 623 624 611 1884 1897 1898 1885
3171 5 2 100 1 611 624 625 612 1885 1898 1899 1886
3172 5 2 100 1 612 625 195 196 1886 1899 319 320
3173 5 2 100 1 613 626 627 614 1887 1900 1901 1888
3174 5 2 100 1 614 627 628 615 1888 1901 1902 1889
3175 5 2 100 1 615 628 629 616 1889 1902 1903 1890
3176 5 2 100 1 616 629 630 617 1890 1903 1904 1891
3177 5 2 100 1 617 630 631 618 1891 1904 1905 1892
3178 5 2 100 1 618 631 632 619 1892 1905 1906 1893
3179 5 2 100 1 619 632 633 620 1893 1906 1907 1894
3180 5 2 100 1 620 633 634 621 1894 1907 1908 1895
3181 5 2 100 1 621 634 635 622 1895 1908 1909 1896
3182 5 2 100 1 622 635 636 623 1896 1909 1910 1897
3183 5 2 100 1 623 636 637 624 1897 1910 1911 1898
3184 5 2 100 1 624 637 638 625 1898 1911 1912 1899
3185 5 2 100 1 625 638 194 195 1899 1912 318 319
3186 5 2 100 1 626 639 640 627 1900 1913 1914 1901
3187 5 2 100 1 627 640 641 628 1901 1914 1915 1902
3188 5 2 100 1 628 641 642 629 1902 1915 1916 1903
3189 5 2 100 1 629 642 643 630 1903 1916 1917 1904
3190 5 2 100 1 630 643 644 631 1904 1917 1918 1905
3191 5 2 100 1 631 644 645 632 1905 1918 1919 1906
3192 5 2 100 1 632 645 646 633 1906 1919 1920 1907
3193 5 2 100 1 633 646 647 634 1907 1920 1921 1908
3194 5 2 100 1 634 647 648 635 1908 1921 1922 1909
3195 5 2 100 1 635 648 649 636 1909 1922 1923 1910
3196 5 2 100 1 636 649 650 637 1910 1923 1924 1911
3197 5 2 100 1 637 650 651 638 1911 1924 1925 1912
3198 5 2 100 1 638 651 193 194 1912 1925 317 318
3199 5 2 100 1 639 652 653 640 1913 1926 1927 1914
3200 5 2 100 1 640 653 654 641 1914 1927 1928 1915
3201 5 2 100 1 641 654 655 642 1915 1928 1929 1916
3202 5 2 100 1 642 655 656 643 1916 1929 1930 1917
3203 5 2 100 1 643 656 657 644 1917 1930 1931 1918
3204 5 2 100 1 644 657 658 645 1918 1931 1932 1919
3205 5 2 100 1 645 658 659 646 1919 1932 1933 1920
3206 5 2 100 1 646 659 660 647 1920 1933 1934 1921
3207 5 2 100 1 647 660 661 648 1921 1934 1935 1922
3208 5 2 100 1 648 661 662 649 1922 1935 1936 1923
3209 5 2 100 1 649 662 663 650 1923 1936 1937 1924
3210 5 2 100 1 650 663 664 651 1924 1937 1938 1925
3211 5 2 100 1 651 664 192 193 1925 1938 316 317
3212 5 2 100 1 652 665 666 653 1926 1939 1940 1927
3213 5 2 100 1 653 666 667 654 1927 1940 1941 1928
3214 5 2 100 1 654 667 668 655 1928 1941 1942 1929
3215 5 2 100 1 655 668 669 656 1929 1942 1943 1930
3216 5 2 100 1 656 669 670 657 1930 1943 1944 1931
3217 5 2 100 1 657 670 671 658 1931 1944 1945 1932
3218 5 2 100 1 658 671 672 659 1932 1945 1946 1933
3219 5 2 100 1 659 672 673 660 1933 1946 1947 1934
3220 5 2 100 1 660 673 674 661 1934 1947 1948 1935
3221 5 2 100 1 661 674 675 662 1935 1948 1949 1936
3222 5 2 100 1 662 675 676 663 1936 1949 1950 1937
3223 5 2 100 1 663 676 677 664 1937 1950 1951 1938
3224 5 2 100 1 664 677 191 192 1938 1951 315 316
3225 5 2 100 1 665 678 679 666 1939 1952 1953 1940
3226 5 2 100 1 666 679 680 667 1940 1953 1954 1941
3227 5 2 100 1 667 680 681 668 1941 1954 1955 1942
3228 5 2 100 1 668 681 682 669 1942 1955 1956 1943
3229 5 2 100 1 669 682 683 670 1943 1956 1957 1944
3230 5 2 100 1 670 683 684 671 1944 1957 1958 1945
3231 5 2 100 1 671 684 685 672 1945 1958 1959 1946
3232 5 2 100 1 672 685 686 673 1946 1959 1960 1947
3233 5 2 100 1 673 686 687 674 1947 1960 1961 1948
3234 5 2 100 1 674 687 688 675 1948 1961 1962 1949
3235 5 2 100 1 675 688 689 676 1949 1962 1963 1950
3236 5 2 100 1 676 689 690 677 1950 1963 1964 1951
3237 5 2 100 1 677 690 190 191 1951 1964 314 315
3238 5 2 100 1 678 691 692 679 1952 1965 1966 1953
3239 5 2 100 1 679 692 693 680 1953 1966 1967 1954
3240 5 2 100 1 680 693 694 681 1954 1967 1968 1955
3241 5 2 100 1 681 694 695 682 1955 1968 1969 1956
3242 5 2 100 1 682 695 696 683 1956 1969 1970 1957
3243 5 2 100 1 683 696 697 684 1957 1970 1971 1958
3244 5 2 100 1 684 697 698 685 1958 1971 1972 1959
3245 5 2 100 1 685 698 699 686 1959 1972 1973 1960
3246 5 2 100 1 686 699 700 687 1960 1973 1974 1961
3247 5 2 100 1 687 700 701 688 1961 1974 1975 1962
3248 5 2 100 1 688 701 702 689 1962 1975 1976 1963
3249 5 2 100 1 689 702 703 690 1963 1976 1977 1964
3250 5 2 100 1 690 703 189 190 1964 1977 313 314
3251 5 2 100 1 691 704 705 692 1965 1978 1979 1966
3252 5 2 100 1 692 705 706 693 1966 1979 1980 1967
3253 5 2 100 1 693 706 707 694 1967 1980 1981 1968
3254 5 2 100 1 694 707 708 695 1968 1981 1982 1969
3255 5 2 100 1 695 708 709 696 1969 1982 1983 1970
3256 5 2 100 1 696 709 710 697 1970 1983 1984 1971
3257 5 2 100 1 697 710 711 698 1971 1984 1985 1972
3258 5 2 100 1 698 711 712 699 1972 1985 1986 1973
3259 5 2 100 1 699 712 713 700 1973 1986 1987 1974
3260 5 2 100 1 700 713 714 701 1974 1987 1988 1975
3261 5 2 100 1 701 714 715 702 1975 1988 1989 1976
3262 5 2 100 1 702 715 716 703 1976 1989 1990 1977
3263 5 2 100 1 703 716 188 189 1977 1990 312 313
3264 5 2 100 1 704 717 718 705 1978 1991 1992 1979
3265 5 2 100 1 705 718 719 706 1979 1992 1993 1980
3266 5 2 100 1 706 719 720 707 1980 1993 1994 1981
3267 5 2 100 1 707 720 721 708 1981 1994 1995 1982
3268 5 2 100 1 708 721 722 709 1982 1995 1996 1983
3269 5 2 100 1 709 722 723 710 1983 1996 1997 1984
3270 5 2 100 1 710 723 724 711 1984 1997 1998 1985
3271 5 2 100 1 711 724 725 712 1985 1998 1999 1986
3272 5 2 100 1 712 725 726 713 1986 1999 2000 1987
3273 5 2 100 1 713 726 727 714 1987 2000 2001 1988
3274 5 2 100 1 714 727 728 715 1988 2001 2002 1989
3275 5 2 100 1 715 728 729 716 1989 2002 2003 1990
3276 5 2 100 1 716 729 187 188 1990 2003 311 312
3277 5 2 100 1 717 730 731 718 1991 2004 2005 1992
3278 5 2 100 1 718 731 732 719 1992 2005 2006 1993
3279 5 2 100 1 719 732 733 720 1993 2006 2007 1994
3280 5 2 100 1 720 733 734 721 1994 2007 2008 1995
3281 5 2 100 1 721 734 735 722 1995 2008 2009 1996
3282 5 2 100 1 722 735 736 723 1996 2009 2010 1997
3283 5 2 100 1 723 736 737 724 1997 2010 2011 1998
3284 5 2 100 1 724 737 738 725 1998 2011 2012 1999
3285 5 2 100 1 725 738 739 726 1999 2012 2013 2000
3286 5 2 100 1 726 739 740 727 2000 2013 2014 2001
3287 5 2 100 1 727 740 741 728 2001 2014 2015 2002
3288 5 2 100 1 728 741 742 729 2002 2015 2016 2003
3289 5 2 100 1 729 742 186 187 2003 2016 310 311
3290 5 2 100 1 730 743 744 731 2004 2017 2018 2005
3291 5 2 100 1 731 744 745 732 2005 2018 2019 2006
3292 5 2 100 1 732 745 746 733 2006 2019 2020 2007
3293 5 2 100 1 733 746 747 734 2007 2020 2021 2008
3294 5 2 100 1 734 747 748 735 2008 2021 2022 2009
3295 5 2 100 1 735 748 749 736 2009 2022 2023 2010
3296 5 2 100 1 736 749 750 737 2010 2023 2024 2011
3297 5 2 100 1 737 750 751 738 2011 2024 2025 2012
3298 5 2 100 1 738 751 752 739 2012 2025 2026 2013
3299 5 2 100 1 739 752 753 740 2013 2026 2027 2014
3300 5 2 100 1 740 753 754 741 2014 2027 2028 2015
3301 5 2 100 1 741 754 755 742 2015 2028 2029 2016
3302 5 2 100 1 742 755 185 186 2016 2029 309 310
3303 5 2 100 1 743 756 757 744 2017 2030 2031 2018
3304 5 2 100 1 744 757 758 745 2018 2031 2032 2019
3305 5 2 100 1 745 758 759 746 2019 2032 2033 2020
3306 5 2 100 1 746 759 760 747 2020 2033 2034 2021
3307 5 2 100 1 747 760 761 748 2021 2034 2035 2022
3308 5 2 100 1 748 761 762 749 2022 2035 2036 2023
3309 5 2 100 1 749 762 763 750 2023 2036 2037 2024
3310 5 2 100 1 750 763 764 751 2024 2037 2038 2025
3311 5 2 100 1 751 764 765 752 2025 2038 2039 2026
3312 5 2 100 1 752 765 766 753 2026 2039 2040 2027
3313 5 2 100 1 753 766 767 754 2027 2040 2041 2028
3314 5 2 100 1 754 767 768 755 2028 2041 2042 2029
3315 5 2 100 1 755 768 184 185 2029 2042 308 309
3316 5 2 100 1 756 769 770 757 2030 2043 2044 2031
3317 5 2 100 1 757 770 771 758 2031 2044 2045 2032
3318 5 2 100 1 758 771 772 759 2032 2045 2046 2033
3319 5 2 100 1 759 772 773 760 2033 2046 2047 2034
3320 5 2 100 1 760 773 774 761 2034 2047 2048 2035
3321 5 2 100 1 761 774 775 762 2035 2048 2049 2036
3322 5 2 100 1 762 775 776 763 2036 2049 2050 2037
3323 5 2 100 1 763 776 777 764 2037 2050 2051 2038
3324 5 2 100 1 764 777 778 765 2038 2051 2052 2039
3325 5 2 100 1 765 778 779 766 2039 2052 2053 2040
3326 5 2 100 1 766 779 780 767 2040 2053 2054 2041
3327 5 2 100 1 767 780 781 768 2041 2054 2055 2042
3328 5 2 100 1 768 781 183 184 2042 2055 307 308
3329 5 2 100 1 769 782 783 770 2043 2056 2057 2044
3330 5 2 100 1 770 783 784 771 2044 2057 2058 2045
3331 5 2 100 1 771 784 785 772 2045 2058 2059 2046
3332 5 2 100 1 772 785 786 773 2046 2059 2060 2047
3333 5 2 100 1 773 786 787 774 2047 2060 2061 2048
3334 5 2 100 1 774 787 788 775 2048 2061 2062 2049
3335 5 2 100 1 775 788 789 776 2049 2062 2063 2050
3336 5 2 100 1 776 789 790 777 2050 2063 2064 2051
3337 5 2 100 1 777 790 791 778 2051 2064 2065 2052
3338 5 2 100 1 778 791 792 779 2052 2065 2066 2053
3339 5 2 100 1 779 792 793 780 2053 2066 2067 2054
3340 5 2 100 1 780 793 794 781 2054 2067 2068 2055
3341 5 2 100 1 781 794 182 183 2055 2068 306 307
3342 5 2 100 1 782 795 796 783 2056 2069 2070 2057
3343 5 2 100 1 783 796 797 784 2057 2070 2071 2058
3344 5 2 100 1 784 797 798 785 2058 2071 2072 2059
3345 5 2 100 1 785 798 799 786 2059 2072 2073 2060
3346 5 2 100 1 786 799 800 787 2060 2073 2074 2061
3347 5 2 100 1 787 800 801 788 2061 2074 2075 2062
3348 5 2 100 1 788 801 802 789 2062 2075 2076 2063
3349 5 2 100 1 789 802 803 790 2063 2076 2077 2064
3350 5 2 100 1 790 803 804 791 2064 2077 2078 2065
3351 5 2 100 1 791 804 805 792 2065 2078 2079 2066
3352 5 2 100 1 792 805 806 793 2066 2079 2080 2067
3353 5 2 100 1 793 806 807 794 2067 2080 2081 2068
3354 5 2 100 1 794 807 181 182 2068 2081 305 306
3355 5 2 100 1 795 808 809 796 2069 2082 2083 2070
3356 5 2 100 1 796 809 810 797 2070 2083 2084 2071
3357 5 2 100 1 797 810 811 798 2071 2084 2085 2072
3358 5 2 100 1 798 811 812 799 2072 2085 2086 2073
3359 5 2 100 1 799 812 813 800 2073 2086 2087 2074
3360 5 2 100 1 800 813 814 801 2074 2087 2088 2075
3361 5 2 100 1 801 814 815 802 2075 2088 2089 2076
3362 5 2 100 1 802 815 816 803 2076 2089 2090 2077
3363 5 2 100 1 803 816 817 804 2077 2090 2091 2078
3364 5 2 100 1 804 817 818 805 2078 2091 2092 2079
3365 5 2 100 1 805 818 819 806 2079 2092 2093 2080
3366 5 2 100 1 806 819 820 807 2080 2093 2094 2081
3367 5 2 100 1 807 820 180 181 2081 2094 304 305
3368 5 2 100 1 808 821 822 809 2082 2095 2096 2083
3369 5 2 100 1 809 822 823 810 2083 2096 2097 2084
3370 5 2 100 1 810 823 824 811 2084 2097 2098 2085
3371 5 2 100 1 811 824 825 812 2085 2098 2099 2086
3372 5 2 100 1 812 825 826 813 2086 2099 2100 2087
3373 5 2 100 1 813 826 827 814 2087 2100 2101 2088
3374 5 2 100 1 814 827 828 815 2088 2101 2102 2089
3375 5 2 100 1 815 828 829 816 2089 2102 2103 2090
3376 5 2 100 1 816 829 830 817 2090 2103 2104 2091
3377 5 2 100 1 817 830 831 818 2091 2104 2105 2092
3378 5 2 100 1 818 831 832 819 2092 2105 2106 2093
3379 5 2 100 1 819 832 833 820 2093 2106 2107 2094
3380 5 2 100 1 820 833 179 180 2094 2107 303 304
3381 5 2 100 1 821 834 835 822 2095 2108 2109 2096
3382 5 2 100 1 822 835 836 823 2096 2109 2110 2097
3383 5 2 100 1 823 836 837 824 2097 2110 2111 2098
3384 5 2 100 1 824 837 838 825 2098 2111 2112 2099
3385 5 2 100 1 825 838 839 826 2099 2112 2113 2100
3386 5 2 100 1 826 839 840 827 2100 2113 2114 2101
3387 5 2 100 1 827 840 841 828 2101 2114 2115 2102
3388 5 2 100 1 828 841 842 829 2102 2115 2116 2103
3389 5 2 100 1 829 842 843 830 2103 2116 2117 2104
3390 5 2 100 1 830 843 844 831 2104 2117 2118 2105
3391 5 2 100 1 831 844 845 832 2105 2118 2119 2106
3392 5 2 100 1 832 845 846 833 2106 2119 2120 2107
3393 5 2 100 1 833 846 178 179 2107 2120 302 303
3394 5 2 100 1 834 847 848 835 2108 2121 2122 2109
3395 5 2 100 1 835 848 849 836 2109 2122 2123 2110
3396 5 2 100 1 836 849 850 837 2110 2123 2124 2111
3397 5 2 100 1 837 850 851 838 2111 2124 2125 2112
3398 5 2 100 1 838 851 852 839 2112 2125 2126 2113
3399 5 2 100 1 839 852 853 840 2113 2126 2127 2114
3400 5 2 100 1 840 853 854 841 2114 2127 2128 2115
3401 5 2 100 1 841 854 855 842 2115 2128 2129 2116
3402 5 2 100 1 842 855 856 843 2116 2129 2130 2117
3403 5 2 100 1 843 856 857 844 2117 2130 2131 2118
3404 5 2 100 1 844 857 858 845 2118 2131 2132 2119
3405 5 2 100 1 845 858 859 846 2119 2132 2133 2120
3406 5 2 100 1 846 859 177 178 2120 2133 301 302
3407 5 2 100 1 847 860 861 848 2121 2134 2135 2122
3408 5 2 100 1 848 861 862 849 2122 2135 2136 2123
3409 5 2 100 1 849 862 863 850 2123 2136 2137 2124
3410 5 2 100 1 850 863 864 851 2124 2137 2138 2125
3411 5 2 100 1 851 864 865 852 2125 2138 2139 2126
3412 5 2 100 1 852 865 866 853 2126 2139 2140 2127
3413 5 2 100 1 853 866 867 854 2127 2140 2141 2128
3414 5 2 100 1 854 867 868 855 2128 2141 2142 2129
3415 5 2 100 1 855 868 869 856 2129 2142 2143 2130
3416 5 2 100 1 856 869 870 857 2130 2143 2144 2131
3417 5 2 100 1 857 870 871 858 2131 2144 2145 2132
3418 5 2 100 1 858 871 872 859 2132 2145 2146 2133
3419 5 2 100 1 859 872 176 177 2133 2146 300 301
3420 5 2 100 1 860 873 874 861 2134 2147 2148 2135
3421 5 2 100 1 861 874 875 862 2135 2148 2149 2136
3422 5 2 100 1 862 875 876 863 2136 2149 2150 2137
3423 5 2 100 1 863 876 877 864 2137 2150 2151 2138
3424 5 2 100 1 864 877 878 865 2138 2151 2152 2139
3425 5 2 100 1 865 878 879 866 2139 2152 2153 2140
3426 5 2 100 1 866 879 880 867 2140 2153 2154 2141
3427 5 2 100 1 867 880 881 868 2141 2154 2155 2142
3428 5 2 100 1 868 881 882 869 2142 2155 2156 2143
3429 5 2 100 1 869 882 883 870 2143 2156 2157 2144
3430 5 2 100 1 870 883 884 871 2144 2157 2158 2145
3431 5 2 100 1 871 884 885 872 2145 2158 2159 2146
3432 5 2 100 1 872 885 175 176 2146 2159 299 300
3433 5 2 100 1 873 886 887 874 2147 2160 2161 2148
3434 5 2 100 1 874 887 888 875 2148 2161 2162 2149
3435 5 2 100 1 875 888 889 876 2149 2162 2163 2150
3436 5 2 100 1 876 889 890 877 2150 2163 2164 2151
3437 5 2 100 1 877 890 891 878 2151 2164 2165 2152
3438 5 2 100 1 878 891 892 879 2152 2165 2166 2153
3439 5 2 100 1 879 892 893 880 2153 2166 2167 2154
3440 5 2 100 1 880 893 894 881 2154 2167 2168 2155
3441 5 2 100 1 881 894 895 882 2155 2168 2169 2156
3442 5 2 100 1 882 895 896 883 2156 2169 2170 2157
3443 5 2 100 1 883 896 897 884 2157 2170 2171 2158
3444 5 2 100 1 884 897 898 885 2158 2171 2172 2159
3445 5 2 100 1 885 898 174 175 2159 2172 298 299
3446 5 2 100 1 886 899 900 887 2160 2173 2174 2161
3447 5 2 100 1 887 900 901 888 2161 2174 2175 2162
3448 5 2 100 1 888 901 902 889 2162 2175 2176 2163
3449 5 2 100 1 889 902 903 890 2163 2176 2177 2164
3450 5 2 100 1 890 903 904 891 2164 2177 2178 2165
3451 5 2 100 1 891 904 905 892 2165 2178 2179 2166
3452 5 2 100 1 892 905 906 893 2166 2179 2180 2167
3453 5 2 100 1 893 906 907 894 2167 2180 2181 2168
3454 5 2 100 1 894 907 908 895 2168 2181 2182 2169
3455 5 2 100 1 895 908 909 896 2169 2182 2183 2170
3456 5 2 100 1 896 909 910 897 2170 2183 2184 2171
3457 5 2 100 1 897 910 911 898 2171 2184 2185 2172
3458 5 2 100 1 898 911 173 174 2172 2185 297 298
3459 5 2 100 1 899 912 913 900 2173 2186 2187 2174
3460 5 2 100 1 900 913 914 901 2174 2187 2188 2175
3461 5 2 100 1 901 914 915 902 2175 2188 2189 2176
3462 5 2 100 1 902 915 916 903 2176 2189 2190 2177
3463 5 2 100 1 903 916 917 904 2177 2190 2191 2178
3464 5 2 100 1 904 917 918 905 2178 2191 2192 2179
3465 5 2 100 1 905 918 919 906 2179 2192 2193 2180
3466 5 2 100 1 906 919 920 907 2180 2193 2194 2181
3467 5 2 100 1 907 920 921 908 2181 2194 2195 2182
3468 5 2 100 1 908 921 922 909 2182 2195 2196 2183
3469 5 2 100 1 909 922 923 910 2183 2196 2197 2184
3470 5 2 100 1 910 923 924 911 2184 2197 2198 2185
3471 5 2 100 1 911 924 172 173 2185 2198 296 297
3472 5 2 100 1 912 925 926 913 2186 2199 2200 2187
3473 5 2 100 1 913 926 927 914 2187 2200 2201 2188
3474 5 2 100 1 914 927 928 915 2188 2201 2202 2189
3475 5 2 100 1 915 928 929 916 2189 2202 2203 2190
3476 5 2 100 1 916 929 930 917 2190 2203 2204 2191
3477 5 2 100 1 917 930 931 918 2191 2204 2205 2192
3478 5 2 100 1 918 931 932 919 2192 2205 2206 2193
3479 5 2 100 1 919 932 933 920 2193 2206 2207 2194
3480 5 2 100 1 920 933 934 921 2194 2207 2208 2195
3481 5 2 100 1 921 934 935 922 2195 2208 2209 2196
3482 5 2 100 1 922 935 936 923 2196 2209 2210 2197
3483 5 2 100 1 923 936 937 924 2197 2210 2211 2198
3484 5 2 100 1 924 937 171 172 2198 2211 295 296
3485 5 2 100 1 925 938 939 926 2199 2212 2213 2200
3486 5 2 100 1 926 939 940 927 2200 2213 2214 2201
3487 5 2 100 1 927 940 941 928 2201 2214 2215 2202
3488 5 2 100 1 928 941 942 929 2202 2215 2216 2203
3489 5 2 100 1 929 942 943 930 2203 2216 2217 2204
3490 5 2 100 1 930 943 944 931 2204 2217 2218 2205
3491 5 2 100 1 931 944 945 932 2205 2218 2219 2206
3492 5 2 100 1 932 945 946 933 2206 2219 2220 2207
3493 5 2 100 1 933 946 947 934 2207 2220 2221 2208
3494 5 2 100 1 934 947 948 935 2208 2221 2222 2209
3495 5 2 100 1 935 948 949 936 2209 2222 2223 2210
3496 5 2 100 1 936 949 950 937 2210 2223 2224 2211
3497 5 2 100 1 937 950 170 171 2211 2224 294 295
3498 5 2 100 1 938 951 952 939 2212 2225 2226 2213
3499 5 2 100 1 939 952 953 940 2213 2226 2227 2214
3500 5 2 100 1 940 953 954 941 2214 2227 2228 2215
3501 5 2 100 1 941 954 955 942 2215 2228 2229 2216
3502 5 2 100 1 942 955 956 943 2216 2229 2230 2217
3503 5 2 100 1 943 956 957 944 2217 2230 2231 2218
3504 5 2 100 1 944 957 958 945 2218 2231 2232 2219
3505 5 2 100 1 945 958 959 946 2219 2232 2233 2220
3506 5 2 100 1 946 959 960 947 2220 2233 2234 2221
3507 5 2 100 1 947 960 961 948 2221 2234 2235 2222
3508 5 2 100 1 948 961 962 949 2222 2235 2236 2223
3509 5 2 100 1 949 962 963 950 2223 2236 2237 2224
3510 5 2 100 1 950 963 169 170 2224 2237 293 294
3511 5 2 100 1 951 964 965 952 2225 2238 2239 2226
3512 5 2 100 1 952 965 966 953 2226 2239 2240 2227
3513 5 2 100 1 953 966 967 954 2227 2240 2241 2228
3514 5 2 100 1 954 967 968 955 2228 2241 2242 2229
3515 5 2 100 1 955 968 969 956 2229 2242 2243 2230
3516 5 2 100 1 956 969 970 957 2230 2243 2244 2231
3517 5 2 100 1 957 970 971 958 2231 2244 2245 2232
3518 5 2 100 1 958 971 972 959 2232 2245 2246 2233
3519 5 2 100 1 959 972 973 960 2233 2246 2247 2234
3520 5 2 100 1 960 973 974 961 2234 2247 2248 2235
3521 5 2 100 1 961 974 975 962 2235 2248 2249 2236
3522 5 2 100 1 962 975 976 963 2236 2249 2250 2237
3523 5 2 100 1 963 976 168 169 2237 2250 292 293
3524 5 2 100 1 964 977 978 965 2238 2251 2252 2239
3525 5 2 100 1 965 978 979 966 2239 2252 2253 2240
3526 5 2 100 1 966 979 980 967 2240 2253 2254 2241
3527 5 2 100 1 967 980 981 968 2241 2254 2255 2242
3528 5 2 100 1 968 981 982 969 2242 2255 2256 2243
3529 5 2 100 1 969 982 983 970 2243 2256 2257 2244
3530 5 2 100 1 970 983 984 971 2244 2257 2258 2245
3531 5 2 100 1 971 984 985 972 2245 2258 2259 2246
3532 5 2 100 1 972 985 986 973 2246 2259 2260 2247
3533 5 2 100 1 973 986 987 974 2247 2260 2261 2248
3534 5 2 100 1 974 987 988 975 2248 2261 2262 2249
3535 5 2 100 1 975 988 989 976 2249 2262 2263 2250
3536 5 2 100 1 976 989 167 168 2250 2263 291 292
3537 5 2 100 1 977 990 991 978 2251 2264 2265 2252
3538 5 2 100 1 978 991 992 979 2252 2265 2266 2253
3539 5 2 100 1 979 992 993 980 2253 2266 2267 2254
3540 5 2 100 1 980 993 994 981 2254 2267 2268 2255
3541 5 2 100 1 981 994 995 982 2255 2268 2269 2256
3542 5 2 100 1 982 995 996 983 2256 2269 2270 2257
3543 5 2 100 1 983 996 997 984 2257 2270 2271 2258
3544 5 2 100 1 984 997 998 985 2258 2271 2272 2259
3545 5 2 100 1 985 998 999 986 2259 2272 2273 2260
3546 5 2 100 1 986 999 1000 987 2260 2273 2274 2261
3547 5 2 100 1 987 1000 1001 988 2261 2274 2275 2262
3548 5 2 100 1 988 1001 1002 989 2262 2275 2276 2263
3549 5 2 100 1 989 1002 166 167 2263 2276 290 291
3550 5 2 100 1 990 1003 1004 991 2264 2277 2278 2265
3551 5 2 100 1 991 1004 1005 992 2265 2278 2279 2266
3552 5 2 100 1 992 1005 1006 993 2266 2279 2280 2267
3553 5 2 100 1 993 1006 1007 994 2267 2280 2281 2268
3554 5 2 100 1 994 1007 1008 995 2268 2281 2282 2269
3555 5 2 100 1 995 1008 1009 996 2269 2282 2283 2270
3556 5 2 100 1 996 1009 1010 997 2270 2283 2284 2271
3557 5 2 100 1 997 1010 1011 998 2271 2284 2285 2272
3558 5 2 100 1 998 1011 1012 999 2272 2285 2286 2273
3559 5 2 100 1 999 1012 1013 1000 2273 2286 2287 2274
3560 5 2 100 1 1000 1013 1014 1001 2274 2287 2288 2275
3561 5 2 100 1 1001 1014 1015 1002 2275 2288 2289 2276
3562 5 2 100 1 1002 1015 165 166 2276 2289 289 290
3563 5 2 100 1 1003 1016 1017 1004 2277 2290 2291 2278
3564 5 2 100 1 1004 1017 1018 1005 2278 2291 2292 2279
3565 5 2 100 1 1005 1018 1019 1006 2279 2292 2293 2280
3566 5 2 100 1 1006 1019 1020 1007 2280 2293 2294 2281
3567 5 2 100 1 1007 1020 1021 1008 2281 2294 2295 2282
3568 5 2 100 1 1008 1021 1022 1009 2282 2295 2296 2283
3569 5 2 100 1 1009 1022 1023 1010 2283 2296 2297 2284
3570 5 2 100 1 1010 1023 1024 1011 2284 2297 2298 2285
3571 5 2 100 1 1011 1024 1025 1012 2285 2298 2299 2286
3572 5 2 100 1 1012 1025 1026 1013 2286 2299 2300 2287
3573 5 2 100 1 1013 1026 1027 1014 2287 2300 2301 2288
3574 5 2 100 1 1014 1027 1028 1015 2288 2301 2302 2289
3575 5 2 100 1 1015 1028 164 165 2289 2302 288 289
3576 5 2 100 1 1016 1029 1030 1017 2290 2303 2304 2291
3577 5 2 100 1 1017 1030 1031 1018 2291 2304 2305 2292
3578 5 2 100 1 1018 1031 1032 1019 2292 2305 2306 2293
3579 5 2 100 1 1019 1032 1033 1020 2293 2306 2307 2294
3580 5 2 100 1 1020 1033 1034 1021 2294 2307 2308 2295
3581 5 2 100 1 1021 1034 1035 1022 2295 2308 2309 2296
3582 5 2 100 1 1022 1035 1036 1023 2296 2309 2310 2297
3583 5 2 100 1 1023 1036 1037 1024 2297 2310 2311 2298
3584 5 2 100 1 1024 1037 1038 1025 2298 2311 2312 2299
3585 5 2 100 1 1025 1038 1039 1026 2299 2312 2313 2300
3586 5 2 100 1 1026 1039 1040 1027 2300 2313 2314 2301
3587 5 2 100 1 1027 1040 1041 1028 2301 2314 2315 2302
3588 5 2 100 1 1028 1041 163 164 2302 2315 287 288
3589 5 2 100 1 1029 1042 1043 1030 2303 2316 2317 2304
3590 5 2 100 1 1030 1043 1044 1031 2304 2317 2318 2305
3591 5 2 100 1 1031 1044 1045 1032 2305 2318 2319 2306
3592 5 2 100 1 1032 1045 1046 1033 2306 2319 2320 2307
3593 5 2 100 1 1033 1046 1047 1034 2307 2320 2321 2308
3594 5 2 100 1 1034 1047 1048 1035 2308 2321 2322 2309
3595 5 2 100 1 1035 1048 1049 1036 2309 2322 2323 2310
3596 5 2 100 1 1036 1049 1050 1037 2310 2323 2324 2311
3597 5 2 100 1 1037 1050 1051 1038 2311 2324 2325 2312
3598 5 2 100 1 1038 1051 1052 1039 2312 2325 2326 2313
3599 5 2 100 1 1039 1052 1053 1040 2313 2326 2327 2314
3600 5 2 100 1 1040 1053 1054 1041 2314 2327 2328 2315
3601 5 2 100 1 1041 1054 162 163 2315 2328 286 287
3602 5 2 100 1 1042 1055 1056 1043 2316 2329 2330 2317
3603 5 2 100 1 1043 1056 1057 1044 2317 2330 2331 2318
3604 5 2 100 1 1044 1057 1058 1045 2318 2331 2332 2319
3605 5 2 100 1 1045 1058 1059 1046 2319 2332 2333 2320
3606 5 2 100 1 1046 1059 1060 1047 2320 2333 2334 2321
3607 5 2 100 1 1047 1060 1061 1048 2321 2334 2335 2322
3608 5 2 100 1 1048 1061 1062 1049 2322 2335 2336 2323
3609 5 2 100 1 1049 1062 1063 1050 2323 2336 2337 2324
3610 5 2 100 1 1050 1063 1064 1051 2324 2337 2338 2325
3611 5 2 100 1 1051 1064 1065 1052 2325 2338 2339 2326
3612 5 2 100 1 1052 1065 1066 1053 2326 2339 2340 2327
3613 5 2 100 1 1053 1066 1067 1054 2327 2340 2341 2328
3614 5 2 100 1 1054 1067 161 162 2328 2341 285 286
3615 5 2 100 1 1055 1068 1069 1056 2329 2342 2343 2330
3616 5 2 100 1 1056 1069 1070 1057 2330 2343 2344 2331
3617 5 2 100 1 1057 1070 1071 1058 2331 2344 2345 2332
3618 5 2 100 1 1058 1071 1072 1059 2332 2345 2346 2333
3619 5 2 100 1 1059 1072 1073 1060 2333 2346 2347 2334
3620 5 2 100 1 1060 1073 1074 1061 2334 2347 2348 2335
3621 5 2 100 1 1061 1074 1075 1062 2335 2348 2349 2336
3622 5 2 100 1 1062 1075 1076 1063 2336 2349 2350 2337
3623 5 2 100 1 1063 1076 1077 1064 2337 2350 2351 2338
3624 5 2 100 1 1064 1077 1078 1065 2338 2351 2352 2339
3625 5 2 100 1 1065 1078 1079 1066 2339 2352 2353 2340
3626 5 2 100 1 1066 1079 1080 1067 2340 2353 2354 2341
3627 5 2 100 1 1067 1080 160 161 2341 2354 284 285
3628 5 2 100 1 1068 1081 1082 1069 2342 2355 2356 2343
3629 5 2 100 1 1069 1082 1083 1070 2343 2356 2357 2344
3630 5 2 100 1 1070 1083 1084 1071 2344 2357 2358 2345
3631 5 2 100 1 1071 1084 1085 1072 2345 2358 2359 2346
3632 5 2 100 1 1072 1085 1086 1073 2346 2359 2360 2347
3633 5 2 100 1 1073 1086 1087 1074 2347 2360 2361 2348
3634 5 2 100 1 1074 1087 1088 1075 2348 2361 2362 2349
3635 5 2 100 1 1075 1088 1089 1076 2349 2362 2363 2350
3636 5 2 100 1 1076 1089 1090 1077 2350 2363 2364 2351
3637 5 2 100 1 1077 1090 1091 1078 2351 2364 2365 2352
3638 5 2 100 1 1078 1091 1092 1079 2352 2365 2366 2353
3639 5 2 100 1 1079 1092 1093 1080 2353 2366 2367 2354
3640 5 2 100 1 1080 1093 159 160 2354 2367 283 284
3641 5 2 100 1 1081 1094 1095 1082 2355 2368 2369 2356
3642 5 2 100 1 1082 1095 1096 1083 2356 2369 2370 2357
3643 5 2 100 1 1083 1096 1097 1084 2357 2370 2371 2358
3644 5 2 100 1 1084 1097 1098 1085 2358 2371 2372 2359
3645 5 2 100 1 1085 1098 1099 1086 2359 2372 2373 2360
3646 5 2 100 1 1086 1099 1100 1087 2360 2373 2374 2361
3647 5 2 100 1 1087 1100 1101 1088 2361 2374 2375 2362
3648 5 2 100 1 1088 1101 1102 1089 2362 2375 2376 2363
3649 5 2 100 1 1089 1102 1103 1090 2363 2376 2377 2364
3650 5 2 100 1 1090 1103 1104 1091 2364 2377 2378 2365
3651 5 2 100 1 1091 1104 1105 1092 2365 2378 2379 2366
3652 5 2 100 1 1092 1105 1106 1093 2366 2379 2380 2367
3653 5 2 100 1 1093 1106 158 159 2367 2380 282 283
3654 5 2 100 1 1094 1107 1108 1095 2368 2381 2382 2369
3655 5 2 100 1 1095 1108 1109 1096 2369 2382 2383 2370
3656 5 2 100 1 1096 1109 1110 1097 2370 2383 2384 2371
3657 5 2 100 1 1097 1110 1111 1098 2371 2384 2385 2372
3658 5 2 100 1 1098 1111 1112 1099 2372 2385 2386 2373
3659 5 2 100 1 1099 1112 1113 1100 2373 2386 2387 2374
3660 5 2 100 1 1100 1113 1114 1101 2374 2387 2388 2375
3661 5 2 100 1 1101 1114 1115 1102 2375 2388 2389 2376
3662 5 2 100 1 1102 1115 1116 1103 2376 2389 2390 2377
3663 5 2 100 1 1103 1116 1117 1104 2377 2390 2391 2378
3664 5 2 100 1 1104 1117 1118 1105 2378 2391 2392 2379
3665 5 2 100 1 1105 1118 1119 1106 2379 2392 2393 2380
3666 5 2 100 1 1106 1119 157 158 2380 2393 281 282
3667 5 2 100 1 1107 1120 1121 1108 2381 2394 2395 2382
3668 5 2 100 1 1108 1121 1122 1109 2382 2395 2396 2383
3669 5 2 100 1 1109 1122 1123 1110 2383 2396 2397 2384
3670 5 2 100 1 1110 1123 1124 1111 2384 2397 2398 2385
3671 5 2 100 1 1111 1124 1125 1112 2385 2398 2399 2386
3672 5 2 100 1 1112 1125 1126 1113 2386 2399 2400 2387
3673 5 2 100 1 1113 1126 1127 1114 2387 2400 2401 2388
3674 5 2 100 1 1114 1127 1128 1115 2388 2401 2402 2389
3675 5 2 100 1 1115 1128 1129 1116 2389 2402 2403 2390
3676 5 2 100 1 1116 1129 1130 1117 2390 2403 2404 2391
3677 5 2 100 1 1117 1130 1131 1118 2391 2404 2405 2392
3678 5 2 100 1 1118 1131 1132 1119 2392 2405 2406 2393
3679 5 2 100 1 1119 1132 156 157 2393 2406 280 281
3680 5 2 100 1 1120 1133 1134 1121 2394 2407 2408 2395
3681 5 2 100 1 1121 1134 1135 1122 2395 2408 2409 2396
3682 5 2 100 1 1122 1135 1136 1123 2396 2409 2410 2397
3683 5 2 100 1 1123 1136 1137 1124 2397 2410 2411 2398
3684 5 2 100 1 1124 1137 1138 1125 2398 2411 2412 2399
3685 5 2 100 1 1125 1138 1139 1126 2399 2412 2413 2400
3686 5 2 100 1 1126 1139 1140 1127 2400 2413 2414 2401
3687 5 2 100 1 1127 1140 1141 1128 2401 2414 2415 2402
3688 5 2 100 1 1128 1141 1142 1129 2402 2415 2416 2403
3689 5 2 100 1 1129 1142 1143 1130 2403 2416 2417 2404
3690 5 2 100 1 1130 1143 1144 1131 2404 2417 2418 2405
3691 5 2 100 1 1131 1144 1145 1132 2405 2418 2419 2406
3692 5 2 100 1 1132 1145 155 156 2406 2419 279 280
3693 5 2 100 1 1133 1146 1147 1134 2407 2420 2421 2408
3694 5 2 100 1 1134 1147 1148 1135 2408 2421 2422 2409
3695 5 2 100 1 1135 1148 1149 1136 2409 2422 2423 2410
3696 5 2 100 1 1136 1149 1150 1137 2410 2423 2424 2411
3697 5 2 100 1 1137 1150 1151 1138 2411 2424 2425 2412
3698 5 2 100 1 1138 1151 1152 1139 2412 2425 2426 2413
3699 5 2 100 1 1139 1152 1153 1140 2413 2426 2427 2414
3700 5 2 100 1 1140 1153 1154 1141 2414 2427 2428 2415
3701 5 2 100 1 1141 1154 1155 1142 2415 2428 2429 2416
3702 5 2 100 1 1142 1155 1156 1143 2416 2429 2430 2417
3703 5 2 100 1 1143 1156 1157 1144 2417 2430 2431 2418
3704 5 2 100 1 1144 1157 1158 1145 2418 2431 2432 2419
3705 5 2 100 1 1145 1158 154 155 2419 2432 278 279
3706 5 2 100 1 1146 1159 1160 1147 2420 2433 2434 2421
3707 5 2 100 1 1147 1160 1161 1148 2421 2434 2435 2422
3708 5 2 100 1 1148 1161 1162 1149 2422 2435 2436 2423
3709 5 2 100 1 1149 1162 1163 1150 2423 2436 2437 2424
3710 5 2 100 1 1150 1163 1164 1151 2424 2437 2438 2425
3711 5 2 100 1 1151 1164 1165 1152 2425 2438 2439 2426
3712 5 2 100 1 1152 1165 1166 1153 2426 2439 2440 2427
3713 5 2 100 1 1153 1166 1167 1154 2427 2440 2441 2428
3714 5 2 100 1 1154 1167 1168 1155 2428 2441 2442 2429
3715 5 2 100 1 1155 1168 1169 1156 2429 2442 2443 2430
3716 5 2 100 1 1156 1169 1170 1157 2430 2443 2444 2431
3717 5 2 100 1 1157 1170 1171 1158 2431 2444 2445 2432
3718 5 2 100 1 1158 1171 153 154 2432 2445 277 278
3719 5 2 100 1 1159 1172 1173 1160 2433 2446 2447 2434
3720 5 2 100 1 1160 1173 1174 1161 2434 2447 2448 2435
3721 5 2 100 1 1161 1174 1175 1162 2435 2448 2449 2436
3722 5 2 100 1 1162 1175 1176 1163 2436 2449 2450 2437
3723 5 2 100 1 1163 1176 1177 1164 2437 2450 2451 2438
3724 5 2 100 1 1164 1177 1178 1165 2438 2451 2452 2439
3725 5 2 100 1 1165 1178 1179 1166 2439 2452 2453 2440
3726 5 2 100 1 1166 1179 1180 1167 2440 2453 2454 2441
3727 5 2 100 1 1167 1180 1181 1168 2441 2454 2455 2442
3728 5 2 100 1 1168 1181 1182 1169 2442 2455 2456 2443
3729 5 2 100 1 1169 1182 1183 1170 2443 2456 2457 2444
3730 5 2 100 1 1170 1183 1184 1171 2444 2457 2458 2445
3731 5 2 100 1 1171 1184 152 153 2445 2458 276 277
3732 5 2 100 1 1172 1185 1186 1173 2446 2459 2460 2447
3733 5 2 100 1 1173 1186 1187 1174 2447 2460 2461 2448
3734 5 2 100 1 1174 1187 1188 1175 2448 2461 2462 2449
3735 5 2 100 1 1175 1188 1189 1176 2449 2462 2463 2450
3736 5 2 100 1 1176 1189 1190 1177 2450 2463 2464 2451
3737 5 2 100 1 1177 1190 1191 1178 2451 2464 2465 2452
3738 5 2 100 1 1178 1191 1192 1179 2452 2465 2466 2453
3739 5 2 100 1 1179 1192 1193 1180 2453 2466 2467 2454
3740 5 2 100 1 1180 1193 1194 1181 2454 2467 2468 2455
3741 5 2 100 1 1181 1194 1195 1182 2455 2468 2469 2456
3742 5 2 100 1 1182 1195 1196 1183 2456 2469 2470 2457
3743 5 2 100 1 1183 1196 1197 1184 2457 2470 2471 2458
3744 5 2 100 1 1184 1197 151 152 2458 2471 275 276
3745 5 2 100 1 1185 1198 1199 1186 2459 2472 2473 2460
3746 5 2 100 1 1186 1199 1200 1187 2460 2473 2474 2461
3747 5 2 100 1 1187 1200 1201 1188 2461 2474 2475 2462
3748 5 2 100 1 1188 1201 1202 1189 2462 2475 2476 2463
3749 5 2 100 1 1189 1202 1203 1190 2463 2476 2477 2464
3750 5 2 100 1 1190 1203 1204 1191 2464 2477 2478 2465
3751 5 2 100 1 1191 1204 1205 1192 2465 2478 2479 2466
3752 5 2 100 1 1192 1205 1206 1193 2466 2479 2480 2467
3753 5 2 100 1 1193 1206 1207 1194 2467 2480 2481 2468
3754 5 2 100 1 1194 1207 1208 1195 2468 2481 2482 2469
3755 5 2 100 1 1195 1208 1209 1196 2469 2482 2483 2470
3756 5 2 100 1 1196 1209 1210 1197 2470 2483 2484 2471
3757 5 2 100 1 1197 1210 150 151 2471 2484 274 275
3758 5 2 100 1 1198 1211 1212 1199 2472 2485 2486 2473
3759 5 2 100 1 1199 1212 1213 1200 2473 2486 2487 2474
3760 5 2 100 1 1200 1213 1214 1201 2474 2487 2488 2475
3761 5 2 100 1 1201 1214 1215 1202 2475 2488 2489 2476
3762 5 2 100 1 1202 1215 1216 1203 2476 2489 2490 2477
3763 5 2 100 1 1203 1216 1217 1204 2477 2490 2491 2478
3764 5 2 100 1 1204 1217 1218 1205 2478 2491 2492 2479
3765 5 2 100 1 1205 1218 1219 1206 2479 2492 2493 2480
3766 5 2 100 1 1206 1219 1220 1207 2480 2493 2494 2481
3767 5 2 100 1 1207 1220 1221 1208 2481 2494 2495 2482
3768 5 2 100 1 1208 1221 1222 1209 2482 2495 2496 2483
3769 5 2 100 1 1209 1222 1223 1210 2483 2496 2497 2484
3770 5 2 100 1 1210 1223 149 150 2484 2497 273 274
3771 5 2 100 1 1211 1224 1225 1212 2485 2498 2499 2486
3772 5 2 100 1 1212 1225 1226 1213 2486 2499 2500 2487
3773 5 2 100 1 1213 1226 1227 1214 2487 2500 2501 2488
3774 5 2 100 1 1214 1227 1228 1215 2488 2501 2502 2489
3775 5 2 100 1 1215 1228 1229 1216 2489 2502 2503 2490
3776 5 2 100 1 1216 1229 1230 1217 2490 2503 2504 2491
3777 5 2 100 1 1217 1230 1231 1218 2491 2504 2505 2492
3778 5 2 100 1 1218 1231 1232 1219 2492 2505 2506 2493
3779 5 2 100 1 1219 1232 1233 1220 2493 2506 2507 2494
3780 5 2 100 1 1220 1233 1234 1221 2494 2507 2508 2495
3781 5 2 100 1 1221 1234 1235 1222 2495 2508 2509 2496
3782 5 2 100 1 1222 1235 1236 1223 2496 2509 2510 2497
3783 5 2 100 1 1223 1236 148 149 2497 2510 272 273
3784 5 2 100 1 1224 1237 1238 1225 2498 2511 2512 2499
3785 5 2 100 1 1225 1238 1239 1226 2499 2512 2513 2500
3786 5 2 100 1 1226 1239 1240 1227 2500 2513 2514 2501
3787 5 2 100 1 1227 1240 1241 1228 2501 2514 2515 2502
3788 5 2 100 1 1228 1241 1242 1229 2502 2515 2516 2503
3789 5 2 100 1 1229 1242 1243 1230 2503 2516 2517 2504
3790 5 2 100 1 1230 1243 1244 1231 2504 2517 2518 2505
3791 5 2 100 1 1231 1244 1245 1232 2505 2518 2519 2506
3792 5 2 100 1 1232 1245 1246 1233 2506 2519 2520 2507
3793 5 2 100 1 1233 1246 1247 1234 2507 2520 2521 2508
3794 5 2 100 1 1234 1247 1248 1235 2508 2521 2522 2509
3795 5 2 100 1 1235 1248 1249 1236 2509 2522 2523 2510
3796 5 2 100 1 1236 1249 147 148 2510 2523 271 272
3797 5 2 100 1 1237 1250 1251 1238 2511 2524 2525 2512
3798 5 2 100 1 1238 1251 1252 1239 2512 2525 2526 2513
3799 5 2 100 1 1239 1252 1253 1240 2513 2526 2527 2514
3800 5 2 100 1 1240 1253 1254 1241 2514 2527 2528 2515
3801 5 2 100 1 1241 1254 1255 1242 2515 2528 2529 2516
3802 5 2 100 1 1242 1255 1256 1243 2516 2529 2530 2517
3803 5 2 100 1 1243 1256 1257 1244 2517 2530 2531 2518
3804 5 2 100 1 1244 1257 1258 1245 2518 2531 2532 2519
3805 5 2 100 1 1245 1258 1259 1246 2519 2532 2533 2520
3806 5 2 100 1 1246 1259 1260 1247 2520 2533 2534 2521
3807 5 2 100 1 1247 1260 1261 1248 2521 2534 2535 2522
3808 5 2 100 1 1248 1261 1262 1249 2522 2535 2536 2523
3809 5 2 100 1 1249 1262 146 147 2523 2536 270 271
3810 5 2 100 1 1250 1263 1264 1251 2524 2537 2538 2525
3811 5 2 100 1 1251 1264 1265 1252 2525 2538 2539 2526
3812 5 2 100 1 1252 1265 1266 1253 2526 2539 2540 2527
3813 5 2 100 1 1253 1266 1267 1254 2527 2540 2541 2528
3814 5 2 100 1 1254 1267 1268 1255 2528 2541 2542 2529
3815 5 2 100 1 1255 1268 1269 1256 2529 2542 2543 2530
3816 5 2 100 1 1256 1269 1270 1257 2530 2543 2544 2531
3817 5 2 100 1 1257 1270 1271 1258 2531 2544 2545 2532
3818 5 2 100 1 1258 1271 1272 1259 2532 2545 2546 2533
3819 5 2 100 1 1259 1272 1273 1260 2533 2546 2547 2534
3820 5 2 100 1 1260 1273 1274 1261 2534 2547 2548 2535
3821 5 2 100 1 1261 1274 1275 1262 2535 2548 2549 2536
3822 5 2 100 1 1262 1275 145 146 2536 2549 269 270
3823 5 2 100 1 1263 1276 1277 1264 2537 2550 2551 2538
3824 5 2 100 1 1264 1277 1278 1265 2538 2551 2552 2539
3825 5 2 100 1 1265 1278 1279 1266 2539 2552 2553 2540
3826 5 2 100 1 1266 1279 1280 1267 2540 2553 2554 2541
3827 5 2 100 1 1267 1280 1281 1268 2541 2554 2555 2542
3828 5 2 100 1 1268 1281 1282 1269 2542 2555 2556 2543
3829 5 2 100 1 1269 1282 1283 1270 2543 2556 2557 2544
3830 5 2 100 1 1270 1283 1284 1271 2544 2557 2558 2545
3831 5 2 100 1 1271 1284 1285 1272 2545 2558 2559 2546
3832 5 2 100 1 1272 1285 1286 1273 2546 2559 2560 2547
3833 5 2 100 1 1273 1286 1287 1274 2547 2560 2561 2548
3834 5 2 100 1 1274 1287 1288 1275 2548 2561 2562 2549
3835 5 2 100 1 1275 1288 144 145 2549 2562 268 269
3836 5 2 100 1 1276 1289 1290 1277 2550 2563 2564 2551
3837 5 2 100 1 1277 1290 1291 1278 2551 2564 2565 2552
3838 5 2 100 1 1278 1291 1292 1279 2552 2565 2566 2553
3839 5 2 100 1 1279 1292 1293 1280 2553 2566 2567 2554
3840 5 2 100 1 1280 1293 1294 1281 2554 2567 2568 2555
3841 5 2 100 1 1281 1294 1295 1282 2555 2568 2569 2556
3842 5 2 100 1 1282 1295 1296 1283 2556 2569 2570 2557
3843 5 2 100 1 1283 1296 1297 1284 2557 2570 2571 2558
3844 5 2 100 1 1284 1297 1298 1285 2558 2571 2572 2559
3845 5 2 100 1 1285 1298 1299 1286 2559 2572 2573 2560
3846 5 2 100 1 1286 1299 1300 1287 2560 2573 2574 2561
3847 5 2 100 1 1287 1300 1301 1288 2561 2574 2575 2562
3848 5 2 100 1 1288 1301 143 144 2562 2575 267 268
3849 5 2 100 1 1289 1302 1303 1290 2563 2576 2577 2564
3850 5 2 100 1 1290 1303 1304 1291 2564 2577 2578 2565
3851 5 2 100 1 1291 1304 1305 1292 2565 2578 2579 2566
3852 5 2 100 1 1292 1305 1306 1293 2566 2579 2580 2567
3853 5 2 100 1 1293 1306 1307 1294 2567 2580 2581 2568
3854 5 2 100 1 1294 1307 1308 1295 2568 2581 2582 2569
3855 5 2 100 1 1295 1308 1309 1296 2569 2582 2583 2570
3856 5 2 100 1 1296 1309 1310 1297 2570 2583 2584 2571
3857 5 2 100 1 1297 1310 1311 1298 2571 2584 2585 2572
3858 5 2 100 1 1298 1311 1312 1299 2572 2585 2586 2573
3859 5 2 100 1 1299 1312 1313 1300 2573 2586 2587 2574
3860 5 2 100 1 1300 1313 1314 1301 2574 2587 2588 2575
3861 5 2 100 1 1301 1314 142 143 2575 2588 266 267
3862 5 2 100 1 1302 1315 1316 1303 2576 2589 2590 2577
3863 5 2 100 1 1303 1316 1317 1304 2577 2590 2591 2578
3864 5 2 100 1 1304 1317 1318 1305 2578 2591 2592 2579
3865 5 2 100 1 1305 1318 1319 1306 2579 2592 2593 2580
3866 5 2 100 1 1306 1319 1320 1307 2580 2593 2594 2581
3867 5 2 100 1 1307 1320 1321 1308 2581 2594 2595 2582
3868 5 2 100 1 1308 1321 1322 1309 2582 2595 2596 2583
3869 5 2 100 1 1309 1322 1323 1310 2583 2596 2597 2584
3870 5 2 100 1 1310 1323 1324 1311 2584 2597 2598 2585
3871 5 2 100 1 1311 1324 1325 1312 2585 2598 2599 2586
3872 5 2 100 1 1312 1325 1326 1313 2586 2599 2600 2587
3873 5 2 100 1 1313 1326 1327 1314 2587 2600 2601 2588
3874 5 2 100 1 1314 1327 141 142 2588 2601 265 266
3875 5 2 100 1 1315 1328 1329 1316 2589 2602 2603 2590
3876 5 2 100 1 1316 1329 1330 1317 2590 2603 2604 2591
3877 5 2 100 1 1317 1330 1331 1318 2591 2604 2605 2592
3878 5 2 100 1 1318 1331 1332 1319 2592 2605 2606 2593
3879 5 2 100 1 1319 1332 1333 1320 2593 2606 2607 2594
3880 5 2 100 1 1320 1333 1334 1321 2594 2607 2608 2595
3881 5 2 100 1 1321 1334 1335 1322 2595 2608 2609 2596
3882 5 2 100 1 1322 1335 1336 1323 2596 2609 2610 2597
3883 5 2 100 1 1323 1336 1337 1324 2597 2610 2611 2598
3884 5 2 100 1 1324 1337 1338 1325 2598 2611 2612 2599
3885 5 2 100 1 1325 1338 1339 1326 2599 2612 2613 2600
3886 5 2 100 1 1326 1339 1340 1327 2600 2613 2614 2601
3887 5 2 100 1 1327 1340 140 141 2601 2614 264 265
3888 5 2 100 1 1328 1341 1342 1329 2602 2615 2616 2603
3889 5 2 100 1 1329 1342 1343 1330 2603 2616 2617 2604
3890 5 2 100 1 1330 1343 1344 1331 2604 2617 2618 2605
3891 5 2 100 1 1331 1344 1345 1332 2605 2618 2619 2606
3892 5 2 100 1 1332 1345 1346 1333 2606 2619 2620 2607
3893 5 2 100 1 1333 1346 1347 1334 2607 2620 2621 2608
3894 5 2 100 1 1334 1347 1348 1335 2608 2621 2622 2609
3895 5 2 100 1 1335 1348 1349 1336 2609 2622 2623 2610
3896 5 2 100 1 1336 1349 1350 1337 2610 2623 2624 2611
3897 5 2 100 1 1337 1350 1351 1338 2611 2624 2625 2612
3898 5 2 100 1 1338 1351 1352 1339 2612 2625 2626 2613
3899 5 2 100 1 1339 1352 1353 1340 2613 2626 2627 2614
3900 5 2 100 1 1340 1353 139 140 2614 2627 263 264
3901 5 2 100 1 1341 1354 1355 1342 2615 2628 2629 2616
3902 5 2 100 1 1342 1355 1356 1343 2616 2629 2630 2617
3903 5 2 100 1 1343 1356 1357 1344 2617 2630 2631 2618
3904 5 2 100 1 1344 1357 1358 1345 2618 2631 2632 2619
3905 5 2 100 1 1345 1358 1359 1346 2619 2632 2633 2620
3906 5 2 100 1 1346 1359 1360 1347 2620 2633 2634 2621
3907 5 2 100 1 1347 1360 1361 1348 2621 2634 2635 2622
3908 5 2 100 1 1348 1361 1362 1349 2622 2635 2636 2623
3909 5 2 100 1 1349 1362 1363 1350 2623 2636 2637 2624
3910 5 2 100 1 1350 1363 1364 1351 2624 2637 2638 2625
3911 5 2 100 1 1351 1364 1365 1352 2625 2638 2639 2626
3912 5 2 100 1 1352 1365 1366 1353 2626 2639 2640 2627
3913 5 2 100 1 1353 1366 138 139 2627 2640 262 263
3914 5 2 100 1 1354 1367 1368 1355 2628 2641 2642 2629
3915 5 2 100 1 1355 1368 1369 1356 2629 2642 2643 2630
3916 5 2 100 1 1356 1369 1370 1357 2630 2643 2644 2631
3917 5 2 100 1 1357 1370 1371 1358 2631 2644 2645 2632
3918 5 2 100 1 1358 1371 1372 1359 2632 2645 2646 2633
3919 5 2 100 1 1359 1372 1373 1360 2633 2646 2647 2634
3920 5 2 100 1 1360 1373 1374 1361 2634 2647 2648 2635
3921 5 2 100 1 1361 1374 1375 1362 2635 2648 2649 2636
3922 5 2 100 1 1362 1375 1376 1363 2636 2649 2650 2637
3923 5 2 100 1 1363 1376 1377 1364 2637 2650 2651 2638
3924 5 2 100 1 1364 1377 1378 1365 2638 2651 2652 2639
3925 5 2 100 1 1365 1378 1379 1366 2639 2652 2653 2640
3926 5 2 100 1 1366 1379 137 138 2640 2653 261 262
3927 5 2 100 1 1367 1380 1381 1368 2641 2654 2655 2642
3928 5 2 100 1 1368 1381 1382 1369 2642 2655 2656 2643
3929 5 2 100 1 1369 1382 1383 1370 2643 2656 2657 2644
3930 5 2 100 1 1370 1383 1384 1371 2644 2657 2658 2645
3931 5 2 100 1 1371 1384 1385 1372 2645 2658 2659 2646
3932 5 2 100 1 1372 1385 1386 1373 2646 2659 2660 2647
3933 5 2 100 1 1373 1386 1387 1374 2647 2660 2661 2648
3934 5 2 100 1 1374 1387 1388 1375 2648 2661 2662 2649
3935 5 2 100 1 1375 1388 1389 1376 2649 2662 2663 2650
3936 5 2 100 1 1376 1389 1390 1377 2650 2663 2664 2651
3937 5 2 100 1 1377 1390 1391 1378 2651 2664 2665 2652
3938 5 2 100 1 1378 1391 1392 1379 2652 2665 2666 2653
3939 5 2 100 1 1379 1392 136 137 2653 2666 260 261
3940 5 2 100 1 1380 1393 1394 1381 2654 2667 2668 2655
3941 5 2 100 1 1381 1394 1395 1382 2655 2668 2669 2656
3942 5 2 100 1 1382 1395 1396 1383 2656 2669 2670 2657
3943 5 2 100 1 1383 1396 1397 1384 2657 2670 2671 2658
3944 5 2 100 1 1384 1397 1398 1385 2658 2671 2672 2659
3945 5 2 100 1 1385 1398 1399 1386 2659 2672 2673 2660
3946 5 2 100 1 1386 1399 1400 1387 2660 2673 2674 2661
3947 5 2 100 1 1387 1400 1401 1388 2661 2674 2675 2662
3948 5 2 100 1 1388 1401 1402 1389 2662 2675 2676 2663
3949 5 2 100 1 1389 1402 1403 1390 2663 2676 2677 2664
3950 5 2 100 1 1390 1403 1404 1391 2664 2677 2678 2665
3951 5 2 100 1 1391 1404 1405 1392 2665 2678 2679 2666
3952 5 2 100 1 1392 1405 135 136 2666 2679 259 260
3953 5 2 100 1 1393 1406 1407 1394 2667 2680 2681 2668
3954 5 2 100 1 1394 1407 1408 1395 2668 2681 2682 2669
3955 5 2 100 1 1395 1408 1409 1396 2669 2682 2683 2670
3956 5 2 100 1 1396 1409 1410 1397 2670 2683 2684 2671
3957 5 2 100 1 1397 1410 1411 1398 2671 2684 2685 2672
3958 5 2 100 1 1398 1411 1412 1399 2672 2685 2686 2673
3959 5 2 100 1 1399 1412 1413 1400 2673 2686 2687 2674
3960 5 2 100 1 1400 1413 1414 1401 2674 2687 2688 2675
3961 5 2 100 1 1401 1414 1415 1402 2675 2688 2689 2676
3962 5 2 100 1 1402 1415 1416 1403 2676 2689 2690 2677
3963 5 2 100 1 1403 1416 1417 1404 2677 2690 2691 2678
3964 5 2 100 1 1404 1417 1418 1405 2678 2691 2692 2679
3965 5 2 100 1 1405 1418 134 135 2679 2692 258 259
3966 5 2 100 1 1406 1419 1420 1407 2680 2693 2694 2681
3967 5 2 100 1 1407 1420 1421 1408 2681 2694 2695 2682
3968 5 2 100 1 1408 1421 1422 1409 2682 2695 2696 2683
3969 5 2 100 1 1409 1422 1423 1410 2683 2696 2697 2684
3970 5 2 100 1 1410 1423 1424 1411 2684 2697 2698 2685
3971 5 2 100 1 1411 1424 1425 1412 2685 2698 2699 2686
3972 5 2 100 1 1412 1425 1426 1413 2686 2699 2700 2687
3973 5 2 100 1 1413 1426 1427 1414 2687 2700 2701 2688
3974 5 2 100 1 1414 1427 1428 1415 2688 2701 2702 2689
3975 5 2 100 1 1415 1428 1429 1416 2689 2702 2703 2690
3976 5 2 100 1 1416 1429 1430 1417 2690 2703 2704 2691
3977 5 2 100 1 1417 1430 1431 1418 2691 2704 2705 2692
3978 5 2 100 1 1418 1431 133 134 2692 2705 257 258
3979 5 2 100 1 1419 1432 1433 1420 2693 2706 2707 2694
3980 5 2 100 1 1420 1433 1434 1421 2694 2707 2708 2695
3981 5 2 100 1 1421 1434 1435 1422 2695 2708 2709 2696
3982 5 2 100 1 1422 1435 1436 1423 2696 2709 2710 2697
3983 5 2 100 1 1423 1436 1437 1424 2697 2710 2711 2698
3984 5 2 100 1 1424 1437 1438 1425 2698 2711 2712 2699
3985 5 2 100 1 1425 1438 1439 1426 2699 2712 2713 2700
3986 5 2 100 1 1426 1439 1440 1427 2700 2713 2714 2701
3987 5 2 100 1 1427 1440 1441 1428 2701 2714 2715 2702
3988 5 2 100 1 1428 1441 1442 1429 2702 2715 2716 2703
3989 5 2 100 1 1429 1442 1443 1430 2703 2716 2717 2704
3990 5 2 100 1 1430 1443 1444 1431 2704 2717 2718 2705
3991 5 2 100 1 1431 1444 132 133 2705 2718 256 257
3992 5 2 100 1 1432 1445 1446 1433 2706 2719 2720 2707
3993 5 2 100 1 1433 1446 1447 1434 2707 2720 2721 2708
3994 5 2 100 1 1434 1447 1448 1435 2708 2721 2722 2709
3995 5 2 100 1 1435 1448 1449 1436 2709 2722 2723 2710
3996 5 2 100 1 1436 1449 1450 1437 2710 2723 2724 2711
3997 5 2 100 1 1437 1450 1451 1438 2711 2724 2725 2712
3998 5 2 100 1 1438 1451 1452 1439 2712 2725 2726 2713
3999 5 2 100 1 1439 1452 1453 1440 2713 2726 2727 2714
4000 5 2 100 1 1440 1453 1454 1441 2714 2727 2728 2715
4001 5 2 100 1 1441 1454 1455 1442 2715 2728 2729 2716
4002 5 2 100 1 1442 1455 1456 1443 2716 2729 2730 2717
4003 5 2 100 1 1443 1456 1457 1444 2717 2730 2731 2718
4004 5 2 100 1 1444 1457 131 132 2718 2731 255 256
4005 5 2 100 1 1445 1458 1459 1446 2719 2732 2733 2720
4006 5 2 100 1 1446 1459 1460 1447 2720 2733 2734 2721
4007 5 2 100 1 1447 1460 1461 1448 2721 2734 2735 2722
4008 5 2 100 1 1448 1461 1462 1449 2722 2735 2736 2723
4009 5 2 100 1 1449 1462 1463 1450 2723 2736 2737 2724
4010 5 2 100 1 1450 1463 1464 1451 2724 2737 2738 2725
4011 5 2 100 1 1451 1464 1465 1452 2725 2738 2739 2726
4012 5 2 100 1 1452 1465 1466 1453 2726 2739 2740 2727
4013 5 2 100 1 1453 1466 1467 1454 2727 2740 2741 2728
4014 5 2 100 1 1454 1467 1468 1455 2728 2741 2742 2729
4015 5 2 100 1 1455 1468 1469 1456 2729 2742 2743 2730
4016 5 2 100 1 1456 1469 1470 1457 2730 2743 2744 2731
4017 5 2 100 1 1457 1470 130 131 2731 2744 254 255
4018 5 2 100 1 1458 1471 1472 1459 2732 2745 2746 2733
4019 5 2 100 1 1459 1472 1473 1460 2733 2746 2747 2734
4020 5 2 100 1 1460 1473 1474 1461 2734 2747 2748 2735
4021 5 2 100 1 1461 1474 1475 1462 2735 2748 2749 2736
4022 5 2 100 1 1462 1475 1476 1463 2736 2749 2750 2737
4023 5 2 100 1 1463 1476 1477 1464 2737 2750 2751 2738
4024 5 2 100 1 1464 1477 1478 1465 2738 2751 2752 2739
4025 5 2 100 1 1465 1478 1479 1466 2739 2752 2753 2740
4026 5 2 100 1 1466 1479 1480 1467 2740 2753 2754 2741
4027 5 2 100 1 1467 1480 1481 1468 2741 2754 2755 2742
4028 5 2 100 1 1468 1481 1482 1469 2742 2755 2756 2743
4029 5 2 100 1 1469 1482 1483 1470 2743 2756 2757 2744
4030 5 2 100 1 1470 1483 129 130 2744 2757 253 254
4031 5 2 100 1 1471 1484 1485 1472 2745 2758 2759 2746
4032 5 2 100 1 1472 1485 1486 1473 2746 2759 2760 2747
4033 5 2 100 1 1473 1486 1487 1474 2747 2760 2761 2748
4034 5 2 100 1 1474 1487 1488 1475 2748 2761 2762 2749
4035 5 2 100 1 1475 1488 1489 1476 2749 2762 2763 2750
4036 5 2 100 1 1476 1489 1490 1477 2750 2763 2764 2751
4037 5 2 100 1 1477 1490 1491 1478 2751 2764 2765 2752
4038 5 2 100 1 1478 1491 1492 1479 2752 2765 2766 2753
4039 5 2 100 1 1479 1492 1493 1480 2753 2766 2767 2754
4040 5 2 100 1 1480 1493 1494 1481 2754 2767 2768 2755
4041 5 2 100 1 1481 1494 1495 1482 2755 2768 2769 2756
4042 5 2 100 1 1482 1495 1496 1483 2756 2769 2770 2757
4043 5 2 100 1 1483 1496 128 129 2757 2770 252 253
4044 5 2 100 1 1484 1497 1498 1485 2758 2771 2772 2759
4045 5 2 100 1 1485 1498 1499 1486 2759 2772 2773 2760
4046 5 2 100 1 1486 1499 1500 1487 2760 2773 2774 2761
4047 5 2 100 1 1487 1500 1501 1488 2761 2774 2775 2762
4048 5 2 100 1 1488 1501 1502 1489 2762 2775 2776 2763
4049 5 2 100 1 1489 1502 1503 1490 2763 2776 2777 2764
4050 5 2 100 1 1490 1503 1504 1491 2764 2777 2778 2765
4051 5 2 100 1 1491 1504 1505 1492 2765 2778 2779 2766
4052 5 2 100 1 1492 1505 1506 1493 2766 2779 2780 2767
4053 5 2 100 1 1493 1506 1507 1494 2767 2780 2781 2768
4054 5 2 100 1 1494 1507 1508 1495 2768 2781 2782 2769
4055 5 2 100 1 1495 1508 1509 1496 2769 2782 2783 2770
4056 5 2 100 1 1496 1509 127 128 2770 2783 251 252
4057 5 2 100 1 1497 1510 1511 1498 2771 2784 2785 2772
4058 5 2 100 1 1498 1511 1512 1499 2772 2785 2786 2773
4059 5 2 100 1 1499 1512 1513 1500 2773 2786 2787 2774
4060 5 2 100 1 1500 1513 1514 1501 2774 2787 2788 2775
4061 5 2 100 1 1501 1514 1515 1502 2775 2788 2789 2776
4062 5 2 100 1 1502 1515 1516 1503 2776 2789 2790 2777
4063 5 2 100 1 1503 1516 1517 1504 2777 2790 2791 2778
4064 5 2 100 1 1504 1517 1518 1505 2778 2791 2792 2779
4065 5 2 100 1 1505 1518 1519 1506 2779 2792 2793 2780
4066 5 2 100 1 1506 1519 1520 1507 2780 2793 2794 2781
4067 5 2 100 1 1507 1520 1521 1508 2781 2794 2795 2782
4068 5 2 100 1 1508 1521 1522 1509 2782 2795 2796 2783
4069 5 2 100 1 1509 1522 126 127 2783 2796 250 251
4070 5 2 100 1 1510 1523 1524 1511 2784 2797 2798 2785
4071 5 2 100 1 1511 1524 1525 1512 2785 2798 2799 2786
4072 5 2 100 1 1512 1525 1526 1513 2786 2799 2800 2787
4073 5 2 100 1 1513 1526 1527 1514 2787 2800 2801 2788
4074 5 2 100 1 1514 1527 1528 1515 2788 2801 2802 2789
4075 5 2 100 1 1515 1528 1529 1516 2789 2802 2803 2790
4076 5 2 100 1 1516 1529 1530 1517 2790 2803 2804 2791
4077 5 2 100 1 1517 1530 1531 1518 2791 2804 2805 2792
4078 5 2 100 1 1518 1531 1532 1519 2792 2805 2806 2793
4079 5 2 100 1 1519 1532 1533 1520 2793 2806 2807 2794
4080 5 2 100 1 1520 1533 1534 1521 2794 2807 2808 2795
4081 5 2 100 1 1521 1534 1535 1522 2795 2808 2809 2796
4082 5 2 100 1 1522 1535 125 126 2796 2809 249 250
4083 5 2 100 1 1523 1536 1537 1524 2797 2810 2811 2798
4084 5 2 100 1 1524 1537 1538 1525 2798 2811 2812 2799
4085 5 2 100 1 1525 1538 1539 1526 2799 2812 2813 2800
4086 5 2 100 1 1526 1539 1540 1527 2800 2813 2814 2801
4087 5 2 100 1 1527 1540 1541 1528 2801 2814 2815 2802
4088 5 2 100 1 1528 1541 1542 1529 2802 2815 2816 2803
4089 5 2 100 1 1529 1542 1543 1530 2803 2816 2817 2804
4090 5 2 100 1 1530 1543 1544 1531 2804 2817 2818 2805
4091 5 2 100 1 1531 1544 1545 1532 2805 2818 2819 2806
4092 5 2 100 1 1532 1545 1546 1533 2806 2819 2820 2807
4093 5 2 100 1 1533 1546 1547 1534 2807 2820 2821 2808
4094 5 2 100 1 1534 1547 1548 1535 2808 2821 2822 2809
4095 5 2 100 1 1535 1548 124 125 2809 2822 248 249
4096 5 2 100 1 1536 1549 1550 1537 2810 2823 2824 2811
4097 5 2 100 1 1537 1550 1551 1538 2811 2824 2825 2812
4098 5 2 100 1 1538 1551 1552 1539 2812 2825 2826 2813
4099 5 2 100 1 1539 1552 1553 1540 2813 2826 2827 2814
4100 5 2 100 1 1540 1553 1554 1541 2814 2827 2828 2815
4101 5 2 100 1 1541 1554 1555 1542 2815 2828 2829 2816
4102 5 2 100 1 1542 1555 1556 1543 2816 2829 2830 2817
4103 5 2 100 1 1543 1556 1557 1544 2817 2830 2831 2818
4104 5 2 100 1 1544 1557 1558 1545 2818 2831 2832 2819
4105 5 2 100 1 1545 1558 1559 1546 2819 2832 2833 2820
4106 5 2 100 1 1546 1559 1560 1547 2820 2833 2834 2821
4107 5 2 100 1 1547 1560 1561 1548 2821 2834 2835 2822
4108 5 2 100 1 1548 1561 123 124 2822 2835 247 248
4109 5 2 100 1 1549 1562 1563 1550 2823 2836 2837 2824
4110 5 2 100 1 1550 1563 1564 1551 2824 2837 2838 2825
4111 5 2 100 1 1551 1564 1565 1552 2825 2838 2839 2826
4112 5 2 100 1 1552 1565 1566 1553 2826 2839 2840 2827
4113 5 2 100 1 1553 1566 1567 1554 2827 2840 2841 2828
4114 5 2 100 1 1554 1567 1568 1555 2828 2841 2842 2829
4115 5 2 100 1 1555 1568 1569 1556 2829 2842 2843 2830
4116 5 2 100 1 1556 1569 1570 1557 2830 2843 2844 2831
4117 5 2 100 1 1557 1570 1571 1558 2831 2844 2845 2832
4118 5 2 100 1 1558 1571 1572 1559 2832 2845 2846 2833
4119 5 2 100 1 1559 1572 1573 1560 2833 2846 2847 2834
4120 5 2 100 1 1560 1573 1574 1561 2834 2847 2848 2835
4121 5 2 100 1 1561 1574 122 123 2835 2848 246 247
4122 5 2 100 1 1562 1575 1576 1563 2836 2849 2850 2837
4123 5 2 100 1 1563 1576 1577 1564 2837 2850 2851 2838
4124 5 2 100 1 1564 1577 1578 1565 2838 2851 2852 2839
4125 5 2 100 1 1565 1578 1579 1566 2839 2852 2853 2840
4126 5 2 100 1 1566 1579 1580 1567 2840 2853 2854 2841
4127 5 2 100 1 1567 1580 1581 1568 2841 2854 2855 2842
4128 5 2 100 1 1568 1581 1582 1569 2842 2855 2856 2843
4129 5 2 100 1 1569 1582 1583 1570 2843 2856 2857 2844
4130 5 2 100 1 1570 1583 1584 1571 2844 2857 2858 2845
4131 5 2 100 1 1571 1584 1585 1572 2845 2858 2859 2846
4132 5 2 100 1 1572 1585 1586 1573 2846 2859 2860 2847
4133 5 2 100 1 1573 1586 1587 1574 2847 2860 2861 2848
4134 5 2 100 1 1574 1587 121 122 2848 2861 245 246
4135 5 2 100 1 1575 1588 1589 1576 2849 2862 2863 2850
4136 5 2 100 1 1576 1589 1590 1577 2850 2863 2864 2851
4137 5 2 100 1 1577 1590 1591 1578 2851 2864 2865 2852
4138 5 2 100 1 1578 1591 1592 1579 2852 2865 2866 2853
4139 5 2 100 1 1579 1592 1593 1580 2853 2866 2867 2854
4140 5 2 100 1 1580 1593 1594 1581 2854 2867 2868 2855
4141 5 2 100 1 1581 1594 1595 1582 2855 2868 2869 2856
4142 5 2 100 1 1582 1595 1596 1583 2856 2869 2870 2857
4143 5 2 100 1 1583 1596 1597 1584 2857 2870 2871 2858
4144 5 2 100 1 1584 1597 1598 1585 2858 2871 2872 2859
4145 5 2 100 1 1585 1598 1599 1586 2859 2872 2873 2860
4146 5 2 100 1 1586 1599 1600 1587 2860 2873 2874 2861
4147 5 2 100 1 1587 1600 120 121 2861 2874 244 245
4148 5 2 100 1 1588 1601 1602 1589 2862 2875 2876 2863
4149 5 2 100 1 1589 1602 1603 1590 2863 2876 2877 2864
4150 5 2 100 1 1590 1603 1604 1591 2864 2877 2878 2865
4151 5 2 100 1 1591 1604 1605 1592 2865 2878 2879 2866
4152 5 2 100 1 1592 1605 1606 1593 2866 2879 2880 2867
4153 5 2 100 1 1593 1606 1607 1594 2867 2880 2881 2868
4154 5 2 100 1 1594 1607 1608 1595 2868 2881 2882 2869
4155 5 2 100 1 1595 1608 1609 1596 2869 2882 2883 2870
4156 5 2 100 1 1596 1609 1610 1597 2870 2883 2884 2871
4157 5 2 100 1 1597 1610 1611 1598 2871 2884 2885 2872
4158 5 2 100 1 1598 1611 1612 1599 2872 2885 2886 2873
4159 5 2 100 1 1599 1612 1613 1600 2873 2886 2887 2874
4160 5 2 100 1 1600 1613 119 120 2874 2887 243 244
4161 5 2 100 1 1601 1614 1615 1602 2875 2888 2889 2876
4162 5 2 100 1 1602 1615 1616 1603 2876 2889 2890 2877
4163 5 2 100 1 1603 1616 1617 1604 2877 2890 2891 2878
4164 5 2 100 1 1604 1617 1618 1605 2878 2891 2892 2879
4165 5 2 100 1 1605 1618 1619 1606 2879 2892 2893 2880
4166 5 2 100 1 1606 1619 1620 1607 2880 2893 2894 2881
4167 5 2 100 1 1607 1620 1621 1608 2881 2894 2895 2882
4168 5 2 100 1 1608 1621 1622 1609 2882 2895 2896 2883
4169 5 2 100 1 1609 1622 1623 1610 2883 2896 2897 2884
4170 5 2 100 1 1610 1623 1624 1611 2884 2897 2898 2885
4171 5 2 100 1 1611 1624 1625 1612 2885 2898 2899 2886
4172 5 2 100 1 1612 1625 1626 1613 2886 2899 2900 2887
4173 5 2 100 1 1613 1626 118 119 2887 2900 242 243
4174 5 2 100 1 1614 105 106 1615 2888 229 230 2889
4175 5 2 100 1 1615 106 107 1616 2889 230 231 2890
4176 5 2 100 1 1616 107 108 1617 2890 231 232 2891
4177 5 2 100 1 1617 108 109 1618 2891 232 233 2892
4178 5 2 100 1 1618 109 110 1619 2892 233 234 2893
4179 5 2 100 1 1619 110 111 1620 2893 234 235 2894
4180 5 2 100 1 1620 111 112 1621 2894 235 236 2895
4181 5 2 100 1 1621 112 113 1622 2895 236 237 2896
4182 5 2 100 1 1622 113 114 1623 2896 237 238 2897
4183 5 2 100 1 1623 114 115 1624 2897 238 239 2898
4184 5 2 100 1 1624 115 116 1625 2898 239 240 2899
4185 5 2 100 1 1625 116 117 1626 2899 240 241 2900
4186 5 2 100 1 1626 117 3 118 2900 241 5 242
4187 6 2 100 1 1 228 352 7 353 1627
4188 6 2 100 1 7 353 1627 8 366 1640
4189 6 2 100 1 8 366 1640 9 379 1653
4190 6 2 100 1 9 379 1653 10 392 1666
4191 6 2 100 1 10 392 1666 11 405 1679
4192 6 2 100 1 11 405 1679 12 418 1692
4193 6 2 100 1 12 418 1692 13 431 1705
4194 6 2 100 1 13 431 1705 14 444 1718
4195 6 2 100 1 14 444 1718 15 457 1731
4196 6 2 100 1 15 457 1731 16 470 1744
4197 6 2 100 1 16 470 1744 17 483 1757
4198 6 2 100 1 17 483 1757 18 496 1770
4199 6 2 100 1 18 496 1770 19 509 1783
4200 6 2 100 1 19 509 1783 20 522 1796
4201 6 2 100 1 20 522 1796 21 535 1809
4202 6 2 100 1 21 535 1809 22 548 1822
4203 6 2 100 1 22 548 1822 23 561 1835
4204 6 2 100 1 23 561 1835 24 574 1848
4205 6 2 100 1 24 574 1848 25 587 1861
4206 6 2 100 1 25 587 1861 26 600 1874
4207 6 2 100 1 26 600 1874 27 613 1887
4208 6 2 100 1 27 613 1887 28 626 1900
4209 6 2 100 1 28 626 1900 29 639 1913
4210 6 2 100 1 29 639 1913 30 652 1926
4211 6 2 100 1 30 652 1926 31 665 1939
4212 6 2 100 1 31 665 1939 32 678 1952
4213 6 2 100 1 32 678 1952 33 691 1965
4214 6 2 100 1 33 691 1965 34 704 1978
4215 6 2 100 1 34 704 1978 35 717 1991
4216 6 2 100 1 35 717 1991 36 730 2004
4217 6 2 100 1 36 730 2004 37 743 2017
4218 6 2 100 1 37 743 2017 38 756 2030
4219 6 2 100 1 38 756 2030 39 769 2043
4220 6 2 100 1 39 769 2043 40 782 2056
4221 6 2 100 1 40 782 2056 41 795 2069
4222 6 2 100 1 41 795 2069 42 808 2082
4223 6 2 100 1 42 808 2082 43 821 2095
4224 6 2 100 1 43 821 2095 44 834 2108
4225 6 2 100 1 44 834 2108 45 847 2121
4226 6 2 100 1 45 847 2121 46 860 2134
4227 6 2 100 1 46 860 2134 47 873 2147
4228 6 2 100 1 47 873 2147 48 886 2160
4229 6 2 100 1 48 886 2160 49 899 2173
4230 6 2 100 1 49 899 2173 50 912 2186
4231 6 2 100 1 50 912 2186 51 925 2199
4232 6 2 100 1 51 925 2199 52 938 2212
4233 6 2 100 1 52 938 2212 53 951 2225
4234 6 2 100 1 53 951 2225 54 964 2238
4235 6 2 100 1 54 964 2238 55 977 2251
4236 6 2 100 1 55 977 2251 56 990 2264
4237 6 2 100 1 56 990 2264 57 1003 2277
4238 6 2 100 1 57 1003 2277 58 1016 2290
4239 6 2 100 1 58 1016 2290 59 1029 2303
4240 6 2 100 1 59 1029 2303 60 1042 2316
4241 6 2 100 1 60 1042 2316 61 1055 2329
4242 6 2 100 1 61 1055 2329 62 1068 2342
4243 6 2 100 1 62 1068 2342 63 1081 2355
4244 6 2 100 1 63 1081 2355 64 1094 2368
4245 6 2 100 1 64 1094 2368 65 1107 2381
4246 6 2 100 1 65 1107 2381 66 1120 2394
4247 6 2 100 1 66 1120 2394 67 1133 2407
4248 6 2 100 1 67 1133 2407 68 1146 2420
4249 6 2 100 1 68 1146 2420 69 1159 2433
4250 6 2 100 1 69 1159 2433 70 1172 2446
4251 6 2 100 1 70 1172 2446 71 1185 2459
4252 6 2 100 1 71 1185 2459 72 1198 2472
4253 6 2 100 1 72 1198 2472 73 1211 2485
4254 6 2 100 1 73 1211 2485 74 1224 2498
4255 6 2 100 1 74 1224 2498 75 1237 2511
4256 6 2 100 1 75 1237 2511 76 1250 2524
4257 6 2 100 1 76 1250 2524 77 1263 2537
4258 6 2 100 1 77 1263 2537 78 1276 2550
4259 6 2 100 1 78 1276 2550 79 1289 2563
4260 6 2 100 1 79 1289 2563 80 1302 2576
4261 6 2 100 1 80 1302 2576 81 1315 2589
4262 6 2 100 1 81 1315 2589 82 1328 2602
4263 6 2 100 1 82 1328 2602 83 1341 2615
4264 6 2 100 1 83 1341 2615 84 1354 2628
4265 6 2 100 1 84 1354 2628 85 1367 2641
4266 6 2 100 1 85 1367 2641 86 1380 2654
4267 6 2 100 1 86 1380 2654 87 1393 2667
4268 6 2 100 1 87 1393 2667 88 1406 2680
4269 6 2 100 1 88 1406 2680 89 1419 2693
4270 6 2 100 1 89 1419 2693 90 1432 2706
4271 6 2 100 1 90 1432 2706 91 1445 2719
4272 6 2 100 1 91 1445 2719 92 1458 2732
4273 6 2 100 1 92 1458 2732 93 1471 2745
4274 6 2 100 1 93 1471 2745 94 1484 2758
4275 6 2 100 1 94 1484 2758 95 1497 2771
4276 6 2 100 1 95 1497 2771 96 1510 2784
4277 6 2 100 1 96 1510 2784 97 1523 2797
4278 6 2 100 1 97 1523 2797 98 1536 2810
4279 6 2 100 1 98 1536 2810 99 1549 2823
4280 6 2 100 1 99 1549 2823 100 1562 2836
4281 6 2 100 1 100 1562 2836 101 1575 2849
4282 6 2 100 1 101 1575 2849 102 1588 2862
4283 6 2 100 1 102 1588 2862 103 1601 2875
4284 6 2 100 1 103 1601 2875 104 1614 2888
4285 6 2 100 1 104 1614 2888 2 105 229
$EndElements
